ISO-10303-21;
HEADER;
FILE_DESCRIPTION (( 'STEP AP214' ),
    '1' );
FILE_NAME ('BGU7005,115.STEP',
    '2023-06-12T21:42:34',
    ( '' ),
    ( '' ),
    'SwSTEP 2.0',
    'SolidWorks 2021',
    '' );
FILE_SCHEMA (( 'AUTOMOTIVE_DESIGN' ));
ENDSEC;

DATA;
#1 = PLANE ( 'NONE',  #349 ) ;
#2 = AXIS2_PLACEMENT_3D ( 'NONE', #4668, #3641, #594 ) ;
#3 = CARTESIAN_POINT ( 'NONE',  ( 0.5000000000000000000, 0.1519999999999999962, -0.5999999999999998668 ) ) ;
#4 = ORIENTED_EDGE ( 'NONE', *, *, #223, .T. ) ;
#5 = PLANE ( 'NONE',  #1460 ) ;
#6 = LINE ( 'NONE', #1094, #2896 ) ;
#7 = CARTESIAN_POINT ( 'NONE',  ( 0.4000000000000006328, -1.659391495380860171, -0.5999999999999998668 ) ) ;
#8 = LINE ( 'NONE', #1919, #1301 ) ;
#9 = ORIENTED_EDGE ( 'NONE', *, *, #559, .F. ) ;
#10 = ORIENTED_EDGE ( 'NONE', *, *, #413, .T. ) ;
#11 = EDGE_CURVE ( 'NONE', #1520, #2505, #1924, .T. ) ;
#12 = ORIENTED_EDGE ( 'NONE', *, *, #3302, .F. ) ;
#13 = CARTESIAN_POINT ( 'NONE',  ( 0.5000000000000000000, 0.1519999999999999962, 0.1000000000000028644 ) ) ;
#14 = CARTESIAN_POINT ( 'NONE',  ( -4.336808689942017736E-16, 0.04000000000000000083, -0.3999999999999993006 ) ) ;
#15 = ADVANCED_FACE ( 'NONE', ( #4848 ), #4110, .F. ) ;
#16 = DIRECTION ( 'NONE',  ( -1.000000000000000000, 0.000000000000000000, 0.000000000000000000 ) ) ;
#17 = EDGE_LOOP ( 'NONE', ( #1050, #221, #1378, #2395 ) ) ;
#18 = VERTEX_POINT ( 'NONE', #2196 ) ;
#19 = CARTESIAN_POINT ( 'NONE',  ( -0.1999999999999992339, 0.1019999999999924023, 0.1000000000000028644 ) ) ;
#20 = EDGE_LOOP ( 'NONE', ( #527, #3124, #3064, #3152 ) ) ;
#21 = DIRECTION ( 'NONE',  ( 0.000000000000000000, 1.355252715606882022E-16, -1.000000000000000000 ) ) ;
#22 = CARTESIAN_POINT ( 'NONE',  ( -0.4499999999999994560, 0.1519999999999999962, 0.5999999999999998668 ) ) ;
#23 = ADVANCED_FACE ( 'NONE', ( #3026 ), #3745, .T. ) ;
#24 = CARTESIAN_POINT ( 'NONE',  ( 0.2000000000000000944, 0.1519999999999999962, -0.5999999999999998668 ) ) ;
#25 = LINE ( 'NONE', #1110, #4339 ) ;
#26 = EDGE_CURVE ( 'NONE', #2672, #4131, #1878, .T. ) ;
#27 = ORIENTED_EDGE ( 'NONE', *, *, #3381, .F. ) ;
#28 = EDGE_CURVE ( 'NONE', #4719, #4594, #4134, .T. ) ;
#29 = VECTOR ( 'NONE', #2104, 1000.000000000000000 ) ;
#30 = DIRECTION ( 'NONE',  ( 1.000000000000000000, 0.000000000000000000, 2.710505431213760099E-16 ) ) ;
#31 = CARTESIAN_POINT ( 'NONE',  ( -0.1999999999999992339, 0.1019999999999929990, -0.5999999999999998668 ) ) ;
#32 = VECTOR ( 'NONE', #1736, 1000.000000000000000 ) ;
#33 = LINE ( 'NONE', #4153, #585 ) ;
#34 = ORIENTED_EDGE ( 'NONE', *, *, #267, .F. ) ;
#35 = ORIENTED_EDGE ( 'NONE', *, *, #1959, .T. ) ;
#36 = VERTEX_POINT ( 'NONE', #1850 ) ;
#37 = VECTOR ( 'NONE', #3112, 1000.000000000000000 ) ;
#38 = LINE ( 'NONE', #2359, #937 ) ;
#39 = DIRECTION ( 'NONE',  ( 1.000000000000000000, 0.000000000000000000, 0.000000000000000000 ) ) ;
#40 = DIRECTION ( 'NONE',  ( 0.000000000000000000, 0.000000000000000000, 1.000000000000000000 ) ) ;
#41 = VECTOR ( 'NONE', #2083, 1000.000000000000000 ) ;
#42 = LINE ( 'NONE', #1180, #2275 ) ;
#43 = ORIENTED_EDGE ( 'NONE', *, *, #2319, .F. ) ;
#44 = EDGE_CURVE ( 'NONE', #2678, #2488, #2235, .T. ) ;
#45 = ORIENTED_EDGE ( 'NONE', *, *, #4586, .T. ) ;
#46 = VECTOR ( 'NONE', #3474, 1000.000000000000000 ) ;
#47 = VECTOR ( 'NONE', #4826, 1000.000000000000000 ) ;
#48 = EDGE_CURVE ( 'NONE', #881, #3968, #3703, .T. ) ;
#49 = LINE ( 'NONE', #4216, #3207 ) ;
#50 = EDGE_LOOP ( 'NONE', ( #1939, #4785, #3923, #3572 ) ) ;
#51 = EDGE_CURVE ( 'NONE', #1196, #2456, #2956, .T. ) ;
#52 = DIRECTION ( 'NONE',  ( -1.000000000000000000, 0.000000000000000000, -3.659182332138575098E-15 ) ) ;
#53 = DIRECTION ( 'NONE',  ( 0.000000000000000000, 0.000000000000000000, 1.000000000000000000 ) ) ;
#54 = CARTESIAN_POINT ( 'NONE',  ( 0.2000000000000000944, 0.1019999999999929990, -0.7249999999999999778 ) ) ;
#55 = FACE_OUTER_BOUND ( 'NONE', #324, .T. ) ;
#56 = DIRECTION ( 'NONE',  ( 1.000000000000000000, 0.000000000000000000, 0.000000000000000000 ) ) ;
#57 = EDGE_LOOP ( 'NONE', ( #2923, #4387 ) ) ;
#58 = CARTESIAN_POINT ( 'NONE',  ( 0.4000000000000006328, 0.1519999999999930018, -0.3999999999999993006 ) ) ;
#59 = CARTESIAN_POINT ( 'NONE',  ( -0.3999999999999997446, 0.1519999999999999962, -0.3999999999999993006 ) ) ;
#60 = EDGE_LOOP ( 'NONE', ( #4381, #3849, #633, #43 ) ) ;
#61 = EDGE_CURVE ( 'NONE', #4731, #36, #3051, .T. ) ;
#62 = ORIENTED_EDGE ( 'NONE', *, *, #713, .F. ) ;
#63 = ORIENTED_EDGE ( 'NONE', *, *, #4099, .F. ) ;
#64 = PLANE ( 'NONE',  #2586 ) ;
#65 = PLANE ( 'NONE',  #291 ) ;
#66 = CARTESIAN_POINT ( 'NONE',  ( -0.09999999999999635569, 0.1019999999999929990, -0.3999999999999993006 ) ) ;
#67 = EDGE_CURVE ( 'NONE', #4780, #36, #3400, .T. ) ;
#68 = ORIENTED_EDGE ( 'NONE', *, *, #2894, .T. ) ;
#69 = VECTOR ( 'NONE', #2610, 1000.000000000000000 ) ;
#70 = VERTEX_POINT ( 'NONE', #2219 ) ;
#71 = UNCERTAINTY_MEASURE_WITH_UNIT (LENGTH_MEASURE( 1.000000000000000082E-05 ), #2391, 'distance_accuracy_value', 'NONE');
#72 = AXIS2_PLACEMENT_3D ( 'NONE', #1517, #4128, #2255 ) ;
#73 = AXIS2_PLACEMENT_3D ( 'NONE', #261, #1769, #285 ) ;
#74 = CARTESIAN_POINT ( 'NONE',  ( -0.4499999999999994560, 0.1019999999999925966, -0.5999999999999998668 ) ) ;
#75 = ORIENTED_EDGE ( 'NONE', *, *, #1334, .F. ) ;
#76 = DIRECTION ( 'NONE',  ( 1.000000000000000000, 0.000000000000000000, 0.000000000000000000 ) ) ;
#77 = CARTESIAN_POINT ( 'NONE',  ( -0.4499999999999994560, 0.1019999999999929990, 0.5999999999999998668 ) ) ;
#78 = LINE ( 'NONE', #2744, #3793 ) ;
#79 = EDGE_LOOP ( 'NONE', ( #3931, #4590, #1789, #1364, #1412 ) ) ;
#80 = EDGE_CURVE ( 'NONE', #2960, #1489, #3002, .T. ) ;
#81 = PLANE ( 'NONE',  #3229 ) ;
#82 = LINE ( 'NONE', #397, #4605 ) ;
#83 = CARTESIAN_POINT ( 'NONE',  ( 0.4499999999999951261, 0.04000000000000000083, 0.5999999999999998668 ) ) ;
#84 = ORIENTED_EDGE ( 'NONE', *, *, #11, .F. ) ;
#85 = ORIENTED_EDGE ( 'NONE', *, *, #2849, .F. ) ;
#86 = ORIENTED_EDGE ( 'NONE', *, *, #3937, .F. ) ;
#87 = EDGE_CURVE ( 'NONE', #2481, #2061, #1147, .T. ) ;
#88 = CARTESIAN_POINT ( 'NONE',  ( -0.3999999999999997446, 0.1519999999999999962, 0.5999999999999998668 ) ) ;
#89 = PLANE ( 'NONE',  #361 ) ;
#90 = ORIENTED_EDGE ( 'NONE', *, *, #2737, .T. ) ;
#91 = CARTESIAN_POINT ( 'NONE',  ( 0.4000000000000006328, 0.1019999999999929990, -9.275000000000000355 ) ) ;
#92 = DIRECTION ( 'NONE',  ( 0.000000000000000000, -1.000000000000000000, 0.000000000000000000 ) ) ;
#93 = EDGE_LOOP ( 'NONE', ( #2281, #726, #1931, #762 ) ) ;
#94 = VERTEX_POINT ( 'NONE', #331 ) ;
#95 = EDGE_CURVE ( 'NONE', #1535, #2535, #1122, .T. ) ;
#96 = LINE ( 'NONE', #4190, #3830 ) ;
#97 = ORIENTED_EDGE ( 'NONE', *, *, #1957, .F. ) ;
#98 = CARTESIAN_POINT ( 'NONE',  ( 0.4000000000000006328, 0.1019999999999924023, 0.7249999999999999778 ) ) ;
#99 = EDGE_CURVE ( 'NONE', #938, #147, #4530, .T. ) ;
#100 = PLANE ( 'NONE',  #3275 ) ;
#101 = AXIS2_PLACEMENT_3D ( 'NONE', #2119, #3645, #1701 ) ;
#102 = CARTESIAN_POINT ( 'NONE',  ( -0.4999999999999991673, 0.1519999999999999962, -0.3999999999999993006 ) ) ;
#103 = CARTESIAN_POINT ( 'NONE',  ( -0.1500000000000029921, 0.1519999999999999962, 0.3999999999999993006 ) ) ;
#104 = CARTESIAN_POINT ( 'NONE',  ( -0.3999999999999997446, -1.659391495380860171, 0.3999999999999993006 ) ) ;
#105 = ORIENTED_EDGE ( 'NONE', *, *, #1070, .T. ) ;
#106 = EDGE_CURVE ( 'NONE', #1428, #2672, #2601, .T. ) ;
#107 = DIRECTION ( 'NONE',  ( 1.000000000000000000, 0.000000000000000000, 0.000000000000000000 ) ) ;
#108 = LINE ( 'NONE', #1243, #3509 ) ;
#109 = LINE ( 'NONE', #3919, #2056 ) ;
#110 = VERTEX_POINT ( 'NONE', #3796 ) ;
#111 = VERTEX_POINT ( 'NONE', #404 ) ;
#112 = VERTEX_POINT ( 'NONE', #793 ) ;
#113 = EDGE_CURVE ( 'NONE', #1118, #1571, #450, .T. ) ;
#114 = VECTOR ( 'NONE', #4806, 1000.000000000000000 ) ;
#115 = CARTESIAN_POINT ( 'NONE',  ( -0.1999999999999992339, 0.1519999999999930018, -9.275000000000000355 ) ) ;
#116 = CARTESIAN_POINT ( 'NONE',  ( -0.4999999999999991673, 0.1019999999999999934, -0.5999999999999998668 ) ) ;
#117 = CARTESIAN_POINT ( 'NONE',  ( -0.4999999999999991673, 0.1019999999999999934, -0.5999999999999998668 ) ) ;
#118 = DIRECTION ( 'NONE',  ( 0.000000000000000000, 1.000000000000000000, 0.000000000000000000 ) ) ;
#119 = VERTEX_POINT ( 'NONE', #4680 ) ;
#120 = ORIENTED_EDGE ( 'NONE', *, *, #1450, .F. ) ;
#121 = UNCERTAINTY_MEASURE_WITH_UNIT (LENGTH_MEASURE( 1.000000000000000082E-05 ), #2916, 'distance_accuracy_value', 'NONE');
#122 = VECTOR ( 'NONE', #230, 1000.000000000000000 ) ;
#123 = VECTOR ( 'NONE', #2146, 1000.000000000000000 ) ;
#124 = CARTESIAN_POINT ( 'NONE',  ( 0.2000000000000000944, -1.659391495380860171, 0.3999999999999993006 ) ) ;
#125 = CARTESIAN_POINT ( 'NONE',  ( 0.4000000000000006328, 0.1019999999999924023, 0.3999999999999993006 ) ) ;
#126 = ORIENTED_EDGE ( 'NONE', *, *, #4764, .T. ) ;
#127 = AXIS2_PLACEMENT_3D ( 'NONE', #2742, #4275, #3506 ) ;
#128 = CARTESIAN_POINT ( 'NONE',  ( -0.4999999999999991673, 0.04000000000000000083, 0.7249999999999999778 ) ) ;
#129 = DIRECTION ( 'NONE',  ( 0.000000000000000000, 0.000000000000000000, 1.000000000000000000 ) ) ;
#130 = AXIS2_PLACEMENT_3D ( 'NONE', #636, #2152, #2625 ) ;
#131 = VERTEX_POINT ( 'NONE', #1685 ) ;
#132 = DIRECTION ( 'NONE',  ( 0.000000000000000000, 0.000000000000000000, 1.000000000000000000 ) ) ;
#133 = CARTESIAN_POINT ( 'NONE',  ( 0.2000000000000000944, 0.1519999999999930018, -9.275000000000000355 ) ) ;
#134 = DIRECTION ( 'NONE',  ( 1.000000000000000000, 1.355252715606880049E-16, 1.084202172485504040E-15 ) ) ;
#135 = CARTESIAN_POINT ( 'NONE',  ( 0.4000000000000006328, 0.1519999999999930018, -9.275000000000000355 ) ) ;
#136 = ORIENTED_EDGE ( 'NONE', *, *, #1538, .F. ) ;
#137 = AXIS2_PLACEMENT_3D ( 'NONE', #4471, #4083, #1041 ) ;
#138 = LINE ( 'NONE', #1297, #1605 ) ;
#139 = VERTEX_POINT ( 'NONE', #4625 ) ;
#140 = CARTESIAN_POINT ( 'NONE',  ( -0.4999999999999991673, 0.1019999999999999934, -0.3999999999999993006 ) ) ;
#141 = VERTEX_POINT ( 'NONE', #870 ) ;
#142 = ORIENTED_EDGE ( 'NONE', *, *, #1846, .T. ) ;
#143 = DIRECTION ( 'NONE',  ( 7.074419175467920218E-14, 1.355252715606882022E-16, -1.000000000000000000 ) ) ;
#144 = CARTESIAN_POINT ( 'NONE',  ( 0.2000000000000000944, 0.1519999999999930018, -0.5999999999999998668 ) ) ;
#145 = DIRECTION ( 'NONE',  ( -7.047314121155780399E-15, 0.000000000000000000, 1.000000000000000000 ) ) ;
#146 = CARTESIAN_POINT ( 'NONE',  ( 0.2000000000000000944, 0.1019999999999929990, 0.1000000000000028644 ) ) ;
#147 = VERTEX_POINT ( 'NONE', #2360 ) ;
#148 = ORIENTED_EDGE ( 'NONE', *, *, #2526, .T. ) ;
#149 = ADVANCED_FACE ( 'NONE', ( #532 ), #89, .T. ) ;
#150 = CARTESIAN_POINT ( 'NONE',  ( 0.2000000000000000944, 0.04000000000000075717, -0.7249999999999999778 ) ) ;
#151 = DIRECTION ( 'NONE',  ( 0.000000000000000000, 1.000000000000000000, 0.000000000000000000 ) ) ;
#152 = ORIENTED_EDGE ( 'NONE', *, *, #936, .F. ) ;
#153 = CARTESIAN_POINT ( 'NONE',  ( 0.4000000000000006328, 0.1519999999999999962, -0.5999999999999998668 ) ) ;
#154 = VECTOR ( 'NONE', #4305, 1000.000000000000000 ) ;
#155 = VECTOR ( 'NONE', #381, 1000.000000000000000 ) ;
#156 = VERTEX_POINT ( 'NONE', #3490 ) ;
#157 = DIRECTION ( 'NONE',  ( -1.000000000000000000, 0.000000000000000000, -7.047314121155780399E-15 ) ) ;
#158 = CARTESIAN_POINT ( 'NONE',  ( 0.4000000000000006328, 0.1019999999999929990, 0.1000000000000028644 ) ) ;
#159 = EDGE_CURVE ( 'NONE', #4207, #4646, #1221, .T. ) ;
#160 = DIRECTION ( 'NONE',  ( -1.000000000000000000, 0.000000000000000000, 0.000000000000000000 ) ) ;
#161 = CARTESIAN_POINT ( 'NONE',  ( 0.1500000000000003830, 0.1019999999999963991, 0.1000000000000011297 ) ) ;
#162 = ORIENTED_EDGE ( 'NONE', *, *, #4161, .T. ) ;
#163 = DIRECTION ( 'NONE',  ( 0.000000000000000000, 1.000000000000000000, 0.000000000000000000 ) ) ;
#164 = VERTEX_POINT ( 'NONE', #426 ) ;
#165 = ORIENTED_EDGE ( 'NONE', *, *, #1241, .F. ) ;
#166 = VERTEX_POINT ( 'NONE', #499 ) ;
#167 = CARTESIAN_POINT ( 'NONE',  ( 0.2000000000000000944, 0.1019999999999929990, 0.3999999999999993006 ) ) ;
#168 = DIRECTION ( 'NONE',  ( 1.000000000000000000, 0.000000000000000000, 0.000000000000000000 ) ) ;
#169 = PLANE ( 'NONE',  #2107 ) ;
#170 = ADVANCED_FACE ( 'NONE', ( #1658 ), #65, .F. ) ;
#171 = DIRECTION ( 'NONE',  ( 0.000000000000000000, 0.000000000000000000, 1.000000000000000000 ) ) ;
#172 = EDGE_LOOP ( 'NONE', ( #228, #4334, #97, #3549 ) ) ;
#173 = EDGE_LOOP ( 'NONE', ( #4579, #2787, #4271, #3583 ) ) ;
#174 = VECTOR ( 'NONE', #1207, 1000.000000000000000 ) ;
#175 = EDGE_CURVE ( 'NONE', #2795, #1352, #3448, .T. ) ;
#176 = CARTESIAN_POINT ( 'NONE',  ( 0.4500000000000002887, 0.000000000000000000, 0.1000000000000028644 ) ) ;
#177 = LINE ( 'NONE', #3635, #2841 ) ;
#178 = ORIENTED_EDGE ( 'NONE', *, *, #3708, .F. ) ;
#179 = DIRECTION ( 'NONE',  ( 0.000000000000000000, -1.000000000000000000, 0.000000000000000000 ) ) ;
#180 = DIRECTION ( 'NONE',  ( 0.000000000000000000, 0.000000000000000000, -1.000000000000000000 ) ) ;
#181 = CARTESIAN_POINT ( 'NONE',  ( 0.5000000000000000000, 0.1019999999999929990, 0.3999999999999993006 ) ) ;
#182 = DIRECTION ( 'NONE',  ( 0.000000000000000000, -1.000000000000000000, 0.000000000000000000 ) ) ;
#183 = DIRECTION ( 'NONE',  ( -1.000000000000000000, 0.000000000000000000, -6.776263578034410601E-15 ) ) ;
#184 = ADVANCED_FACE ( 'NONE', ( #819 ), #1576, .F. ) ;
#185 = CARTESIAN_POINT ( 'NONE',  ( -0.1999999999999992339, -1.659391495380860171, -0.3999999999999993006 ) ) ;
#186 = ORIENTED_EDGE ( 'NONE', *, *, #3554, .F. ) ;
#187 = ORIENTED_EDGE ( 'NONE', *, *, #1422, .F. ) ;
#188 = LINE ( 'NONE', #3574, #4403 ) ;
#189 = CARTESIAN_POINT ( 'NONE',  ( -0.1999999999999992339, -1.659391495380860171, 0.1000000000000028644 ) ) ;
#190 = DIRECTION ( 'NONE',  ( -1.000000000000000000, 0.000000000000000000, 0.000000000000000000 ) ) ;
#191 = LINE ( 'NONE', #1200, #729 ) ;
#192 = ORIENTED_EDGE ( 'NONE', *, *, #51, .F. ) ;
#193 = EDGE_LOOP ( 'NONE', ( #1971, #3676, #2356, #3520 ) ) ;
#194 = VECTOR ( 'NONE', #521, 1000.000000000000000 ) ;
#195 = CARTESIAN_POINT ( 'NONE',  ( 0.1499999999999969136, 0.1019999999999929990, 0.5999999999999998668 ) ) ;
#196 = LINE ( 'NONE', #1716, #2520 ) ;
#197 = ORIENTED_EDGE ( 'NONE', *, *, #2888, .T. ) ;
#198 = VECTOR ( 'NONE', #182, 1000.000000000000000 ) ;
#199 = VECTOR ( 'NONE', #3121, 1000.000000000000000 ) ;
#200 = ORIENTED_EDGE ( 'NONE', *, *, #1419, .F. ) ;
#201 = EDGE_CURVE ( 'NONE', #4345, #3123, #3468, .T. ) ;
#202 = VECTOR ( 'NONE', #1960, 1000.000000000000000 ) ;
#203 = FACE_OUTER_BOUND ( 'NONE', #995, .T. ) ;
#204 = CARTESIAN_POINT ( 'NONE',  ( -0.4499999999999994560, 0.1019999999999963991, 0.1000000000000028644 ) ) ;
#205 = VECTOR ( 'NONE', #3372, 1000.000000000000000 ) ;
#206 = CARTESIAN_POINT ( 'NONE',  ( 0.5000000000000000000, 0.1519999999999999962, 0.1000000000000028644 ) ) ;
#207 = ORIENTED_EDGE ( 'NONE', *, *, #2084, .T. ) ;
#208 = VECTOR ( 'NONE', #2937, 1000.000000000000000 ) ;
#209 = EDGE_CURVE ( 'NONE', #4003, #1525, #3871, .T. ) ;
#210 = CARTESIAN_POINT ( 'NONE',  ( 0.1500000000000003830, 0.000000000000000000, -0.5999999999999998668 ) ) ;
#211 = EDGE_CURVE ( 'NONE', #4169, #2505, #3894, .T. ) ;
#212 = CARTESIAN_POINT ( 'NONE',  ( 0.2000000000000000944, 0.1519999999999930018, 0.7249999999999999778 ) ) ;
#213 = VERTEX_POINT ( 'NONE', #144 ) ;
#214 = VERTEX_POINT ( 'NONE', #4576 ) ;
#215 = VECTOR ( 'NONE', #3734, 1000.000000000000114 ) ;
#216 = CARTESIAN_POINT ( 'NONE',  ( 0.1500000000000003830, 0.1519999999999999962, -0.5999999999999998668 ) ) ;
#217 = ADVANCED_FACE ( 'NONE', ( #2033 ), #899, .F. ) ;
#218 = CARTESIAN_POINT ( 'NONE',  ( -0.4999999999999991673, 0.1019999999999929990, 0.5999999999999998668 ) ) ;
#219 = DIRECTION ( 'NONE',  ( 0.000000000000000000, -1.000000000000000000, 0.000000000000000000 ) ) ;
#220 = CARTESIAN_POINT ( 'NONE',  ( -4.336808689942017736E-16, 0.000000000000000000, 0.000000000000000000 ) ) ;
#221 = ORIENTED_EDGE ( 'NONE', *, *, #2005, .F. ) ;
#222 = ORIENTED_EDGE ( 'NONE', *, *, #2894, .F. ) ;
#223 = EDGE_CURVE ( 'NONE', #243, #2258, #1948, .T. ) ;
#224 = ADVANCED_FACE ( 'NONE', ( #4264 ), #2333, .F. ) ;
#225 = DIRECTION ( 'NONE',  ( 0.000000000000000000, 1.355252715606882022E-16, -1.000000000000000000 ) ) ;
#226 = DIRECTION ( 'NONE',  ( 0.000000000000000000, -1.000000000000000000, 0.000000000000000000 ) ) ;
#227 = ORIENTED_EDGE ( 'NONE', *, *, #3659, .T. ) ;
#228 = ORIENTED_EDGE ( 'NONE', *, *, #2727, .T. ) ;
#229 = DIRECTION ( 'NONE',  ( -1.000000000000000000, 0.000000000000000000, -6.866613759074860889E-15 ) ) ;
#230 = DIRECTION ( 'NONE',  ( 0.000000000000000000, 1.000000000000000000, 0.000000000000000000 ) ) ;
#231 = VECTOR ( 'NONE', #76, 1000.000000000000000 ) ;
#232 = ORIENTED_EDGE ( 'NONE', *, *, #2207, .T. ) ;
#233 = VECTOR ( 'NONE', #226, 1000.000000000000000 ) ;
#234 = DIRECTION ( 'NONE',  ( 0.000000000000000000, 1.000000000000000000, 0.000000000000000000 ) ) ;
#235 = DIRECTION ( 'NONE',  ( -1.000000000000000000, -1.084202172485504040E-15, 0.000000000000000000 ) ) ;
#236 = ORIENTED_EDGE ( 'NONE', *, *, #1410, .F. ) ;
#237 = ORIENTED_EDGE ( 'NONE', *, *, #1926, .F. ) ;
#238 = CARTESIAN_POINT ( 'NONE',  ( -0.1999999999999992339, 0.1019999999999929990, -0.09999999999999592548 ) ) ;
#239 = DIRECTION ( 'NONE',  ( 0.000000000000000000, 0.000000000000000000, -1.000000000000000000 ) ) ;
#240 = DIRECTION ( 'NONE',  ( 1.000000000000000000, 0.000000000000000000, 0.000000000000000000 ) ) ;
#241 = DIRECTION ( 'NONE',  ( -1.000000000000000000, 0.000000000000000000, -6.776263578034410601E-15 ) ) ;
#242 = ORIENTED_EDGE ( 'NONE', *, *, #4822, .F. ) ;
#243 = VERTEX_POINT ( 'NONE', #2784 ) ;
#244 = EDGE_CURVE ( 'NONE', #4169, #4700, #4285, .T. ) ;
#245 = EDGE_CURVE ( 'NONE', #812, #3278, #3551, .T. ) ;
#246 = CARTESIAN_POINT ( 'NONE',  ( 0.4000000000000006328, 0.1519999999999999962, 0.7249999999999999778 ) ) ;
#247 = DIRECTION ( 'NONE',  ( 0.000000000000000000, -1.000000000000000000, 0.000000000000000000 ) ) ;
#248 = PRESENTATION_STYLE_ASSIGNMENT (( #3956 ) ) ;
#249 = ORIENTED_EDGE ( 'NONE', *, *, #4880, .T. ) ;
#250 = ADVANCED_FACE ( 'NONE', ( #262 ), #3210, .T. ) ;
#251 = EDGE_CURVE ( 'NONE', #4474, #1644, #2145, .T. ) ;
#252 = EDGE_CURVE ( 'NONE', #1544, #805, #1770, .T. ) ;
#253 = DIRECTION ( 'NONE',  ( 0.000000000000000000, 1.000000000000000000, 0.000000000000000000 ) ) ;
#254 = DIRECTION ( 'NONE',  ( 0.7071067811865461294, 0.000000000000000000, -0.7071067811865490160 ) ) ;
#255 = LINE ( 'NONE', #181, #2925 ) ;
#256 = CARTESIAN_POINT ( 'NONE',  ( -0.4999999999999991673, 0.1019999999999999934, -0.5999999999999998668 ) ) ;
#257 = LINE ( 'NONE', #1323, #3097 ) ;
#258 = VERTEX_POINT ( 'NONE', #4727 ) ;
#259 = ORIENTED_EDGE ( 'NONE', *, *, #4161, .F. ) ;
#260 = EDGE_CURVE ( 'NONE', #3262, #3821, #3296, .T. ) ;
#261 = CARTESIAN_POINT ( 'NONE',  ( -0.3999999999999997446, -1.659391495380860171, -0.7249999999999999778 ) ) ;
#262 = FACE_OUTER_BOUND ( 'NONE', #3527, .T. ) ;
#263 = LINE ( 'NONE', #1827, #1060 ) ;
#264 = CARTESIAN_POINT ( 'NONE',  ( 0.5000000000000000000, 0.1019999999999999934, -0.5999999999999998668 ) ) ;
#265 = ORIENTED_EDGE ( 'NONE', *, *, #1538, .T. ) ;
#266 = ORIENTED_EDGE ( 'NONE', *, *, #3812, .T. ) ;
#267 = EDGE_CURVE ( 'NONE', #924, #2233, #3672, .T. ) ;
#268 = DIRECTION ( 'NONE',  ( 0.000000000000000000, 1.355252715606882022E-16, -1.000000000000000000 ) ) ;
#269 = PLANE ( 'NONE',  #595 ) ;
#270 = CARTESIAN_POINT ( 'NONE',  ( -0.1999999999999992339, 0.1519999999999999962, 0.09999999999999939493 ) ) ;
#271 = ORIENTED_EDGE ( 'NONE', *, *, #2325, .F. ) ;
#272 = VECTOR ( 'NONE', #1346, 1000.000000000000000 ) ;
#273 = LINE ( 'NONE', #1411, #2807 ) ;
#274 = ORIENTED_EDGE ( 'NONE', *, *, #3917, .F. ) ;
#275 = CARTESIAN_POINT ( 'NONE',  ( -0.3249999999999993450, 0.5000000000000000000, -0.5500000000000001554 ) ) ;
#276 = LINE ( 'NONE', #3172, #343 ) ;
#277 = COLOUR_RGB ( '',0.7921568627450980005, 0.8196078431372548767, 0.9333333333333333481 ) ;
#278 = VECTOR ( 'NONE', #4705, 1000.000000000000000 ) ;
#279 = ADVANCED_FACE ( 'NONE', ( #4704 ), #2102, .F. ) ;
#280 = CARTESIAN_POINT ( 'NONE',  ( -0.1999999999999992339, 0.1519999999999999962, -0.5999999999999998668 ) ) ;
#281 = VERTEX_POINT ( 'NONE', #3628 ) ;
#282 = VECTOR ( 'NONE', #4240, 1000.000000000000000 ) ;
#283 = ORIENTED_EDGE ( 'NONE', *, *, #4689, .T. ) ;
#284 = AXIS2_PLACEMENT_3D ( 'NONE', #1099, #2624, #4159 ) ;
#285 = DIRECTION ( 'NONE',  ( 0.000000000000000000, 1.000000000000000000, 0.000000000000000000 ) ) ;
#286 = PLANE ( 'NONE',  #3684 ) ;
#287 = PLANE ( 'NONE',  #1712 ) ;
#288 = LINE ( 'NONE', #950, #29 ) ;
#289 = EDGE_LOOP ( 'NONE', ( #4342, #4631, #3920, #3768 ) ) ;
#290 = EDGE_LOOP ( 'NONE', ( #3969, #1259, #2613, #2256 ) ) ;
#291 = AXIS2_PLACEMENT_3D ( 'NONE', #1279, #3183, #3524 ) ;
#292 = CARTESIAN_POINT ( 'NONE',  ( 0.5000000000000000000, 0.1019999999999924023, 0.5999999999999998668 ) ) ;
#293 = DIRECTION ( 'NONE',  ( 1.084202172485504040E-15, -1.000000000000000000, 0.000000000000000000 ) ) ;
#294 = EDGE_LOOP ( 'NONE', ( #3236, #603, #1905, #2267 ) ) ;
#295 = EDGE_CURVE ( 'NONE', #777, #3080, #2082, .T. ) ;
#296 = LINE ( 'NONE', #2566, #668 ) ;
#297 = PLANE ( 'NONE',  #977 ) ;
#298 = CARTESIAN_POINT ( 'NONE',  ( 0.1500000000000003830, 0.1019999999999963991, 0.1000000000000011297 ) ) ;
#299 = CARTESIAN_POINT ( 'NONE',  ( -0.3999999999999997446, 0.1019999999999921941, 0.3999999999999993006 ) ) ;
#300 = CARTESIAN_POINT ( 'NONE',  ( 0.2000000000000000944, 0.1019999999999929990, -9.275000000000000355 ) ) ;
#301 = ORIENTED_EDGE ( 'NONE', *, *, #3456, .T. ) ;
#302 = VERTEX_POINT ( 'NONE', #1706 ) ;
#303 = VECTOR ( 'NONE', #526, 1000.000000000000000 ) ;
#304 = AXIS2_PLACEMENT_3D ( 'NONE', #1289, #4637, #129 ) ;
#305 = CARTESIAN_POINT ( 'NONE',  ( -0.1999999999999992339, 0.1019999999999929990, 0.7249999999999999778 ) ) ;
#306 = PLANE ( 'NONE',  #1321 ) ;
#307 = LINE ( 'NONE', #2192, #428 ) ;
#308 = DIRECTION ( 'NONE',  ( -1.084202172485504040E-15, 1.000000000000000000, -7.640713280344870203E-30 ) ) ;
#309 = ORIENTED_EDGE ( 'NONE', *, *, #3438, .F. ) ;
#310 = ORIENTED_EDGE ( 'NONE', *, *, #311, .T. ) ;
#311 = EDGE_CURVE ( 'NONE', #805, #2440, #4337, .T. ) ;
#312 = VECTOR ( 'NONE', #394, 1000.000000000000000 ) ;
#313 = DIRECTION ( 'NONE',  ( 0.000000000000000000, 1.000000000000000000, 0.000000000000000000 ) ) ;
#314 = PLANE ( 'NONE',  #3994 ) ;
#315 = ORIENTED_EDGE ( 'NONE', *, *, #3573, .T. ) ;
#316 = ADVANCED_FACE ( 'NONE', ( #4384 ), #2125, .F. ) ;
#317 = EDGE_LOOP ( 'NONE', ( #1066, #4130, #3991, #1146 ) ) ;
#318 = LINE ( 'NONE', #3356, #910 ) ;
#319 = LINE ( 'NONE', #3331, #3905 ) ;
#320 = CARTESIAN_POINT ( 'NONE',  ( 0.5000000000000000000, -1.659391495380860171, 0.3999999999999993006 ) ) ;
#321 = CARTESIAN_POINT ( 'NONE',  ( 1.301042606982605321E-15, 0.04000000000000000083, -0.09999999999999939493 ) ) ;
#322 = LINE ( 'NONE', #342, #4173 ) ;
#323 = CARTESIAN_POINT ( 'NONE',  ( -0.4999999999999991673, 0.1019999999999999934, -0.5999999999999998668 ) ) ;
#324 = EDGE_LOOP ( 'NONE', ( #3698, #2976, #3299, #1148 ) ) ;
#325 = DIRECTION ( 'NONE',  ( -1.000000000000000000, 0.000000000000000000, 0.000000000000000000 ) ) ;
#326 = PLANE ( 'NONE',  #3522 ) ;
#327 = CARTESIAN_POINT ( 'NONE',  ( -0.1999999999999992339, 0.1519999999999999962, -0.09999999999999592548 ) ) ;
#328 = CARTESIAN_POINT ( 'NONE',  ( 0.4000000000000006328, -1.659391495380860171, 0.5999999999999998668 ) ) ;
#329 = ORIENTED_EDGE ( 'NONE', *, *, #3534, .T. ) ;
#330 = ORIENTED_EDGE ( 'NONE', *, *, #1312, .T. ) ;
#331 = CARTESIAN_POINT ( 'NONE',  ( 0.4000000000000006328, 0.1519999999999999962, 0.3999999999999993006 ) ) ;
#332 = VECTOR ( 'NONE', #1396, 1000.000000000000000 ) ;
#333 = LINE ( 'NONE', #3003, #2109 ) ;
#334 = PLANE ( 'NONE',  #3777 ) ;
#335 = ORIENTED_EDGE ( 'NONE', *, *, #640, .T. ) ;
#336 = DIRECTION ( 'NONE',  ( 0.000000000000000000, 1.000000000000000000, 0.000000000000000000 ) ) ;
#337 = EDGE_LOOP ( 'NONE', ( #2555, #3227, #616, #4138 ) ) ;
#338 = CARTESIAN_POINT ( 'NONE',  ( -0.4999999999999991673, 0.1019999999999929990, 0.5999999999999998668 ) ) ;
#339 = LINE ( 'NONE', #2269, #231 ) ;
#340 = VECTOR ( 'NONE', #1335, 1000.000000000000000 ) ;
#341 = DIRECTION ( 'NONE',  ( 0.000000000000000000, -1.000000000000000000, 0.000000000000000000 ) ) ;
#342 = CARTESIAN_POINT ( 'NONE',  ( -0.4499999999999994560, 0.1019999999999999934, -0.3999999999999993006 ) ) ;
#343 = VECTOR ( 'NONE', #2800, 1000.000000000000000 ) ;
#344 = ORIENTED_EDGE ( 'NONE', *, *, #2939, .T. ) ;
#345 = EDGE_CURVE ( 'NONE', #4202, #4169, #1019, .T. ) ;
#346 = AXIS2_PLACEMENT_3D ( 'NONE', #7, #4514, #1143 ) ;
#347 = DIRECTION ( 'NONE',  ( 0.000000000000000000, 0.000000000000000000, 1.000000000000000000 ) ) ;
#348 = LINE ( 'NONE', #4800, #4839 ) ;
#349 = AXIS2_PLACEMENT_3D ( 'NONE', #2247, #2992, #4488 ) ;
#350 = PLANE ( 'NONE',  #807 ) ;
#351 = EDGE_LOOP ( 'NONE', ( #1664, #3473, #3691, #2994 ) ) ;
#352 = VERTEX_POINT ( 'NONE', #2532 ) ;
#353 = ORIENTED_EDGE ( 'NONE', *, *, #3651, .F. ) ;
#354 = VECTOR ( 'NONE', #1100, 1000.000000000000000 ) ;
#355 = EDGE_CURVE ( 'NONE', #1273, #4780, #3971, .T. ) ;
#356 = CARTESIAN_POINT ( 'NONE',  ( -0.4999999999999991673, 0.1019999999999963991, -0.09999999999999592548 ) ) ;
#357 = CARTESIAN_POINT ( 'NONE',  ( -0.4999999999999991673, 0.1019999999999963991, 0.1000000000000028644 ) ) ;
#358 = ADVANCED_FACE ( 'NONE', ( #3231 ), #286, .T. ) ;
#359 = EDGE_LOOP ( 'NONE', ( #2462, #3946, #4770, #2673 ) ) ;
#360 = VERTEX_POINT ( 'NONE', #3254 ) ;
#361 = AXIS2_PLACEMENT_3D ( 'NONE', #3099, #1598, #4599 ) ;
#362 = EDGE_CURVE ( 'NONE', #3071, #680, #4318, .T. ) ;
#363 =( NAMED_UNIT ( * ) SI_UNIT ( $, .STERADIAN. ) SOLID_ANGLE_UNIT ( ) );
#364 = EDGE_LOOP ( 'NONE', ( #105, #1291, #2779, #3761, #142 ) ) ;
#365 = CARTESIAN_POINT ( 'NONE',  ( 0.4000000000000006328, 0.1019999999999929990, -9.275000000000000355 ) ) ;
#366 = DIRECTION ( 'NONE',  ( -1.000000000000000000, 0.000000000000000000, 7.589415207398540504E-15 ) ) ;
#367 = CARTESIAN_POINT ( 'NONE',  ( -0.4999999999999991673, 0.1519999999999964990, 0.1000000000000028644 ) ) ;
#368 = LINE ( 'NONE', #1462, #2848 ) ;
#369 = EDGE_LOOP ( 'NONE', ( #283, #3007, #2142, #1589, #1522, #4299, #4360, #186, #62, #266, #1735, #274, #1615, #1427, #2457, #1519, #3488, #4094, #1445, #1703 ) ) ;
#370 = EDGE_CURVE ( 'NONE', #4267, #3820, #3948, .T. ) ;
#371 = LINE ( 'NONE', #4612, #37 ) ;
#372 = PLANE ( 'NONE',  #346 ) ;
#373 = DIRECTION ( 'NONE',  ( 0.000000000000000000, 1.000000000000000000, 0.000000000000000000 ) ) ;
#374 = ORIENTED_EDGE ( 'NONE', *, *, #4078, .F. ) ;
#375 = VERTEX_POINT ( 'NONE', #1373 ) ;
#376 = ORIENTED_EDGE ( 'NONE', *, *, #3375, .F. ) ;
#377 = VECTOR ( 'NONE', #4097, 1000.000000000000000 ) ;
#378 = DIRECTION ( 'NONE',  ( 7.589415207398540504E-15, 1.355252715606882022E-16, -1.000000000000000000 ) ) ;
#379 = AXIS2_PLACEMENT_3D ( 'NONE', #4364, #1666, #3164 ) ;
#380 = DIRECTION ( 'NONE',  ( -1.000000000000000000, 0.000000000000000000, 0.000000000000000000 ) ) ;
#381 = DIRECTION ( 'NONE',  ( 0.000000000000000000, -1.000000000000000000, 0.000000000000000000 ) ) ;
#382 = ORIENTED_EDGE ( 'NONE', *, *, #1033, .T. ) ;
#383 = EDGE_LOOP ( 'NONE', ( #2884, #4504, #1997, #2228 ) ) ;
#384 = ADVANCED_FACE ( 'NONE', ( #1801 ), #3649, .F. ) ;
#385 = ADVANCED_FACE ( 'NONE', ( #557 ), #306, .T. ) ;
#386 = CARTESIAN_POINT ( 'NONE',  ( 0.4000000000000006328, 0.1519999999999999962, -0.7249999999999999778 ) ) ;
#387 = VERTEX_POINT ( 'NONE', #1843 ) ;
#388 = EDGE_CURVE ( 'NONE', #1431, #4290, #672, .T. ) ;
#389 = LINE ( 'NONE', #1260, #1138 ) ;
#390 = FACE_OUTER_BOUND ( 'NONE', #891, .T. ) ;
#391 = PRODUCT_DEFINITION_FORMATION_WITH_SPECIFIED_SOURCE ( 'ANY', '', #724, .NOT_KNOWN. ) ;
#392 = DIRECTION ( 'NONE',  ( 0.000000000000000000, 0.000000000000000000, -1.000000000000000000 ) ) ;
#393 = AXIS2_PLACEMENT_3D ( 'NONE', #4509, #1914, #4055 ) ;
#394 = DIRECTION ( 'NONE',  ( -1.000000000000000000, 0.000000000000000000, 0.000000000000000000 ) ) ;
#395 = ORIENTED_EDGE ( 'NONE', *, *, #953, .F. ) ;
#396 = DIRECTION ( 'NONE',  ( 7.047314121155780399E-15, 0.000000000000000000, -1.000000000000000000 ) ) ;
#397 = CARTESIAN_POINT ( 'NONE',  ( -0.3999999999999997446, -1.659391495380860171, -0.09999999999999592548 ) ) ;
#398 = LINE ( 'NONE', #3046, #4555 ) ;
#399 = ORIENTED_EDGE ( 'NONE', *, *, #2552, .F. ) ;
#400 = ORIENTED_EDGE ( 'NONE', *, *, #4822, .T. ) ;
#401 = VERTEX_POINT ( 'NONE', #3787 ) ;
#402 = EDGE_CURVE ( 'NONE', #2440, #2985, #3415, .T. ) ;
#403 = CARTESIAN_POINT ( 'NONE',  ( -0.3999999999999997446, 0.1019999999999925966, 0.3999999999999993006 ) ) ;
#404 = CARTESIAN_POINT ( 'NONE',  ( -0.1000000000000032946, 0.04000000000000000083, -0.3999999999999993006 ) ) ;
#405 = CARTESIAN_POINT ( 'NONE',  ( 0.4000000000000006328, 0.1519999999999999962, -0.09999999999999766020 ) ) ;
#406 = DIRECTION ( 'NONE',  ( 0.000000000000000000, 1.000000000000000000, 0.000000000000000000 ) ) ;
#407 = EDGE_LOOP ( 'NONE', ( #4410, #3374, #4602, #236 ) ) ;
#408 = ORIENTED_EDGE ( 'NONE', *, *, #260, .F. ) ;
#409 = DIRECTION ( 'NONE',  ( -6.866613759074860889E-15, 0.000000000000000000, 1.000000000000000000 ) ) ;
#410 = EDGE_LOOP ( 'NONE', ( #4191, #3029, #4108, #3928 ) ) ;
#411 = CARTESIAN_POINT ( 'NONE',  ( 0.4500000000000002887, 0.1019999999999999934, -0.5999999999999998668 ) ) ;
#412 = DIRECTION ( 'NONE',  ( -1.000000000000000000, 0.000000000000000000, -7.047314121155790654E-15 ) ) ;
#413 = EDGE_CURVE ( 'NONE', #4433, #777, #1894, .T. ) ;
#414 = FACE_BOUND ( 'NONE', #2580, .T. ) ;
#415 = LINE ( 'NONE', #3062, #1677 ) ;
#416 = VERTEX_POINT ( 'NONE', #2230 ) ;
#417 = EDGE_CURVE ( 'NONE', #3898, #3904, #2948, .T. ) ;
#418 = DIRECTION ( 'NONE',  ( 1.000000000000000000, 1.355252715606880049E-16, 2.710505431213760296E-15 ) ) ;
#419 = CARTESIAN_POINT ( 'NONE',  ( -0.3249999999999993450, 0.4500000000000000111, -0.5500000000000001554 ) ) ;
#420 = AXIS2_PLACEMENT_3D ( 'NONE', #4762, #3984, #3639 ) ;
#421 = LINE ( 'NONE', #3178, #4795 ) ;
#422 = ORIENTED_EDGE ( 'NONE', *, *, #3688, .T. ) ;
#423 = ORIENTED_EDGE ( 'NONE', *, *, #3658, .T. ) ;
#424 = COLOUR_RGB ( '',1.000000000000000000, 1.000000000000000000, 1.000000000000000000 ) ;
#425 = CARTESIAN_POINT ( 'NONE',  ( 0.4500000000000002887, 0.1019999999999999934, -0.5999999999999998668 ) ) ;
#426 = CARTESIAN_POINT ( 'NONE',  ( 0.1500000000000003830, 0.04000000000000000083, 0.1000000000000011297 ) ) ;
#427 = CARTESIAN_POINT ( 'NONE',  ( 0.2000000000000000944, 0.1019999999999929990, -0.7249999999999999778 ) ) ;
#428 = VECTOR ( 'NONE', #2231, 1000.000000000000000 ) ;
#429 = ORIENTED_EDGE ( 'NONE', *, *, #3712, .T. ) ;
#430 = VERTEX_POINT ( 'NONE', #1917 ) ;
#431 = VECTOR ( 'NONE', #2964, 1000.000000000000000 ) ;
#432 = ORIENTED_EDGE ( 'NONE', *, *, #2007, .F. ) ;
#433 = DIRECTION ( 'NONE',  ( 0.000000000000000000, 1.000000000000000000, 0.000000000000000000 ) ) ;
#434 = CARTESIAN_POINT ( 'NONE',  ( -0.4499999999999994560, 0.1519999999999999962, 0.5999999999999998668 ) ) ;
#435 = VECTOR ( 'NONE', #2700, 1000.000000000000000 ) ;
#436 = FACE_OUTER_BOUND ( 'NONE', #3466, .T. ) ;
#437 = DIRECTION ( 'NONE',  ( 0.000000000000000000, 0.000000000000000000, -1.000000000000000000 ) ) ;
#438 = CARTESIAN_POINT ( 'NONE',  ( -0.3999999999999997446, 0.1019999999999929990, -9.275000000000000355 ) ) ;
#439 = ORIENTED_EDGE ( 'NONE', *, *, #3708, .T. ) ;
#440 = ADVANCED_FACE ( 'NONE', ( #4104 ), #2252, .T. ) ;
#441 = EDGE_CURVE ( 'NONE', #4790, #94, #3718, .T. ) ;
#442 = CARTESIAN_POINT ( 'NONE',  ( 0.4000000000000006328, 0.1019999999999929990, -9.275000000000000355 ) ) ;
#443 = CARTESIAN_POINT ( 'NONE',  ( -0.4999999999999991673, 0.1019999999999929990, 0.5999999999999998668 ) ) ;
#444 = DIRECTION ( 'NONE',  ( 0.000000000000000000, 0.000000000000000000, -1.000000000000000000 ) ) ;
#445 = EDGE_LOOP ( 'NONE', ( #2661, #2034 ) ) ;
#446 = ORIENTED_EDGE ( 'NONE', *, *, #4832, .T. ) ;
#447 = ORIENTED_EDGE ( 'NONE', *, *, #3073, .F. ) ;
#448 = EDGE_CURVE ( 'NONE', #2726, #2975, #6, .T. ) ;
#449 = CARTESIAN_POINT ( 'NONE',  ( -0.4999999999999991673, 0.1019999999999999934, -0.5999999999999998668 ) ) ;
#450 = LINE ( 'NONE', #3924, #4389 ) ;
#451 = DIRECTION ( 'NONE',  ( 1.000000000000000000, 1.355252715606880049E-16, 0.000000000000000000 ) ) ;
#452 = DIRECTION ( 'NONE',  ( 0.000000000000000000, -1.000000000000000000, -1.355252715606882022E-16 ) ) ;
#453 = VERTEX_POINT ( 'NONE', #1491 ) ;
#454 = VECTOR ( 'NONE', #1999, 1000.000000000000000 ) ;
#455 = EDGE_LOOP ( 'NONE', ( #4751, #259, #2467, #1456 ) ) ;
#456 = ADVANCED_FACE ( 'NONE', ( #4425 ), #1515, .F. ) ;
#457 = VECTOR ( 'NONE', #1123, 1000.000000000000000 ) ;
#458 = PLANE ( 'NONE',  #3600 ) ;
#459 = ORIENTED_EDGE ( 'NONE', *, *, #2310, .T. ) ;
#460 = DIRECTION ( 'NONE',  ( 0.000000000000000000, -1.355252715606882022E-16, 1.000000000000000000 ) ) ;
#461 = EDGE_CURVE ( 'NONE', #3932, #588, #2595, .T. ) ;
#462 = DIRECTION ( 'NONE',  ( 6.776263578034410601E-15, 0.000000000000000000, -1.000000000000000000 ) ) ;
#463 = FACE_OUTER_BOUND ( 'NONE', #383, .T. ) ;
#464 = CARTESIAN_POINT ( 'NONE',  ( 0.4000000000000006328, 0.1019999999999963991, -0.09999999999999592548 ) ) ;
#465 = VERTEX_POINT ( 'NONE', #4447 ) ;
#466 = ADVANCED_FACE ( 'NONE', ( #1068 ), #326, .F. ) ;
#467 = PLANE ( 'NONE',  #1488 ) ;
#468 = DIRECTION ( 'NONE',  ( 1.000000000000000000, 0.000000000000000000, 7.074419175467920218E-14 ) ) ;
#469 = CARTESIAN_POINT ( 'NONE',  ( 0.4000000000000006328, 0.1019999999999999934, -0.3999999999999993006 ) ) ;
#470 = VERTEX_POINT ( 'NONE', #2971 ) ;
#471 = ORIENTED_EDGE ( 'NONE', *, *, #4227, .F. ) ;
#472 = ORIENTED_EDGE ( 'NONE', *, *, #712, .F. ) ;
#473 = FACE_OUTER_BOUND ( 'NONE', #3373, .T. ) ;
#474 = DIRECTION ( 'NONE',  ( -1.000000000000000000, 0.000000000000000000, -6.866613759074860889E-15 ) ) ;
#475 = DIRECTION ( 'NONE',  ( 1.000000000000000000, 0.000000000000000000, 0.000000000000000000 ) ) ;
#476 = FACE_OUTER_BOUND ( 'NONE', #1970, .T. ) ;
#477 = ORIENTED_EDGE ( 'NONE', *, *, #884, .T. ) ;
#478 = VERTEX_POINT ( 'NONE', #1442 ) ;
#479 = DIRECTION ( 'NONE',  ( -1.000000000000000000, -1.355252715606880049E-16, 0.000000000000000000 ) ) ;
#480 = DIRECTION ( 'NONE',  ( 0.000000000000000000, 1.000000000000000000, 0.000000000000000000 ) ) ;
#481 = ORIENTED_EDGE ( 'NONE', *, *, #640, .F. ) ;
#482 = CARTESIAN_POINT ( 'NONE',  ( -0.1999999999999992339, 0.1519999999999999962, -0.3999999999999993006 ) ) ;
#483 = CARTESIAN_POINT ( 'NONE',  ( 0.5000000000000000000, 0.04000000000000000083, -0.7249999999999999778 ) ) ;
#484 = FACE_OUTER_BOUND ( 'NONE', #3493, .T. ) ;
#485 = FACE_OUTER_BOUND ( 'NONE', #2048, .T. ) ;
#486 = DIRECTION ( 'NONE',  ( -7.589415207398540504E-15, 0.000000000000000000, 1.000000000000000000 ) ) ;
#487 = CARTESIAN_POINT ( 'NONE',  ( -0.1999999999999992339, 0.1519999999999999962, 0.3999999999999993006 ) ) ;
#488 = VERTEX_POINT ( 'NONE', #1871 ) ;
#489 = CARTESIAN_POINT ( 'NONE',  ( 0.5000000000000000000, 0.1519999999999999962, -0.5999999999999998668 ) ) ;
#490 = CARTESIAN_POINT ( 'NONE',  ( -0.4499999999999994560, 0.04000000000000000083, 0.3999999999999993006 ) ) ;
#491 = LINE ( 'NONE', #1193, #4165 ) ;
#492 = VERTEX_POINT ( 'NONE', #2576 ) ;
#493 = ORIENTED_EDGE ( 'NONE', *, *, #2131, .F. ) ;
#494 = ADVANCED_FACE ( 'NONE', ( #3364 ), #3018, .F. ) ;
#495 = ORIENTED_EDGE ( 'NONE', *, *, #4274, .F. ) ;
#496 = VECTOR ( 'NONE', #3186, 1000.000000000000000 ) ;
#497 = VECTOR ( 'NONE', #1032, 1000.000000000000000 ) ;
#498 = CARTESIAN_POINT ( 'NONE',  ( -0.4499999999999994560, 0.000000000000000000, 0.09999999999999766020 ) ) ;
#499 = CARTESIAN_POINT ( 'NONE',  ( -0.09999999999999635569, 0.04000000000000000083, -0.5000000000000004441 ) ) ;
#500 = LINE ( 'NONE', #1707, #4767 ) ;
#501 = PLANE ( 'NONE',  #2064 ) ;
#502 = ORIENTED_EDGE ( 'NONE', *, *, #4239, .F. ) ;
#503 = ORIENTED_EDGE ( 'NONE', *, *, #2073, .F. ) ;
#504 = ADVANCED_BREP_SHAPE_REPRESENTATION ( 'BGU7005,115', ( #4616, #4644, #1379, #3640 ), #2724 ) ;
#505 = VECTOR ( 'NONE', #433, 1000.000000000000000 ) ;
#506 = VECTOR ( 'NONE', #2571, 1000.000000000000000 ) ;
#507 = EDGE_CURVE ( 'NONE', #2842, #2808, #1115, .T. ) ;
#508 = EDGE_CURVE ( 'NONE', #873, #4012, #1142, .T. ) ;
#509 = VECTOR ( 'NONE', #3966, 1000.000000000000000 ) ;
#510 = LINE ( 'NONE', #150, #340 ) ;
#511 = DIRECTION ( 'NONE',  ( 0.000000000000000000, 0.000000000000000000, 1.000000000000000000 ) ) ;
#512 = ORIENTED_EDGE ( 'NONE', *, *, #1823, .F. ) ;
#513 = AXIS2_PLACEMENT_3D ( 'NONE', #3782, #392, #1188 ) ;
#514 = FACE_BOUND ( 'NONE', #294, .T. ) ;
#515 = VECTOR ( 'NONE', #4869, 1000.000000000000000 ) ;
#516 = VECTOR ( 'NONE', #4748, 1000.000000000000000 ) ;
#517 = ORIENTED_EDGE ( 'NONE', *, *, #1785, .T. ) ;
#518 = DIRECTION ( 'NONE',  ( 0.000000000000000000, -1.000000000000000000, 0.000000000000000000 ) ) ;
#519 = CARTESIAN_POINT ( 'NONE',  ( 0.2000000000000000944, 0.1019999999999999934, -0.5999999999999998668 ) ) ;
#520 = CARTESIAN_POINT ( 'NONE',  ( 0.4000000000000006328, 0.1019999999999929990, -9.275000000000000355 ) ) ;
#521 = DIRECTION ( 'NONE',  ( 0.000000000000000000, 1.000000000000000000, 0.000000000000000000 ) ) ;
#522 = VERTEX_POINT ( 'NONE', #763 ) ;
#523 = EDGE_CURVE ( 'NONE', #4527, #3139, #2278, .T. ) ;
#524 = CARTESIAN_POINT ( 'NONE',  ( 0.4000000000000006328, 0.1519999999999999962, 0.1000000000000028644 ) ) ;
#525 = DIRECTION ( 'NONE',  ( 0.000000000000000000, 0.000000000000000000, 1.000000000000000000 ) ) ;
#526 = DIRECTION ( 'NONE',  ( 7.589415207398540504E-15, 1.355252715606882022E-16, -1.000000000000000000 ) ) ;
#527 = ORIENTED_EDGE ( 'NONE', *, *, #3812, .F. ) ;
#528 = EDGE_LOOP ( 'NONE', ( #4112, #3407, #1552, #3992 ) ) ;
#529 = ORIENTED_EDGE ( 'NONE', *, *, #1237, .F. ) ;
#530 = EDGE_CURVE ( 'NONE', #4261, #3938, #888, .T. ) ;
#531 = DIRECTION ( 'NONE',  ( 0.000000000000000000, -1.000000000000000000, 0.000000000000000000 ) ) ;
#532 = FACE_OUTER_BOUND ( 'NONE', #2650, .T. ) ;
#533 = ORIENTED_EDGE ( 'NONE', *, *, #1639, .F. ) ;
#534 = DIRECTION ( 'NONE',  ( -1.000000000000000000, 0.000000000000000000, 5.963111948670270601E-14 ) ) ;
#535 = LINE ( 'NONE', #4321, #2914 ) ;
#536 = ORIENTED_EDGE ( 'NONE', *, *, #3495, .T. ) ;
#537 = ORIENTED_EDGE ( 'NONE', *, *, #2262, .F. ) ;
#538 = CARTESIAN_POINT ( 'NONE',  ( -0.4999999999999991673, 0.1019999999999929990, 0.3999999999999993006 ) ) ;
#539 = VERTEX_POINT ( 'NONE', #4568 ) ;
#540 = EDGE_CURVE ( 'NONE', #2696, #4707, #2401, .T. ) ;
#541 = VECTOR ( 'NONE', #811, 1000.000000000000000 ) ;
#542 = VECTOR ( 'NONE', #578, 1000.000000000000000 ) ;
#543 = ADVANCED_FACE ( 'NONE', ( #4198 ), #81, .F. ) ;
#544 = AXIS2_PLACEMENT_3D ( 'NONE', #2584, #2626, #16 ) ;
#545 = ORIENTED_EDGE ( 'NONE', *, *, #362, .F. ) ;
#546 = DIRECTION ( 'NONE',  ( 0.000000000000000000, 0.000000000000000000, 1.000000000000000000 ) ) ;
#547 = PLANE ( 'NONE',  #2178 ) ;
#548 = CARTESIAN_POINT ( 'NONE',  ( -0.1999999999999992339, -1.659391495380860171, -0.7249999999999999778 ) ) ;
#549 = DIRECTION ( 'NONE',  ( -1.000000000000000000, 0.000000000000000000, -5.421010862427520592E-15 ) ) ;
#550 = ORIENTED_EDGE ( 'NONE', *, *, #1479, .F. ) ;
#551 = CARTESIAN_POINT ( 'NONE',  ( -0.1000000000000032946, 0.1519999999999999962, -0.3999999999999993006 ) ) ;
#552 = SURFACE_STYLE_FILL_AREA ( #4378 ) ;
#553 = DIRECTION ( 'NONE',  ( 1.084202172485504040E-15, -1.000000000000000000, 0.000000000000000000 ) ) ;
#554 = ORIENTED_EDGE ( 'NONE', *, *, #26, .F. ) ;
#555 = EDGE_LOOP ( 'NONE', ( #3505, #1097, #1743, #2209 ) ) ;
#556 = DIRECTION ( 'NONE',  ( 0.000000000000000000, -1.000000000000000000, 0.000000000000000000 ) ) ;
#557 = FACE_OUTER_BOUND ( 'NONE', #3865, .T. ) ;
#558 = CARTESIAN_POINT ( 'NONE',  ( 0.2000000000000000944, 0.1519999999999999962, 0.5999999999999998668 ) ) ;
#559 = EDGE_CURVE ( 'NONE', #4673, #4725, #4591, .T. ) ;
#560 = CARTESIAN_POINT ( 'NONE',  ( -0.3999999999999997446, 0.1019999999999925966, 0.5999999999999998668 ) ) ;
#561 = VERTEX_POINT ( 'NONE', #524 ) ;
#562 = ORIENTED_EDGE ( 'NONE', *, *, #3594, .F. ) ;
#563 = EDGE_CURVE ( 'NONE', #887, #3241, #2049, .T. ) ;
#564 = DIRECTION ( 'NONE',  ( -1.084202172485504040E-15, 1.000000000000000000, 0.000000000000000000 ) ) ;
#565 = ORIENTED_EDGE ( 'NONE', *, *, #1154, .F. ) ;
#566 = ORIENTED_EDGE ( 'NONE', *, *, #896, .F. ) ;
#567 =( LENGTH_UNIT ( ) NAMED_UNIT ( * ) SI_UNIT ( .MILLI., .METRE. ) );
#568 = CARTESIAN_POINT ( 'NONE',  ( -0.4499999999999994560, 0.1019999999999999934, -0.5999999999999998668 ) ) ;
#569 = PLANE ( 'NONE',  #637 ) ;
#570 = DIRECTION ( 'NONE',  ( 1.000000000000000000, 0.000000000000000000, 0.000000000000000000 ) ) ;
#571 = EDGE_CURVE ( 'NONE', #2808, #610, #2722, .T. ) ;
#572 = EDGE_CURVE ( 'NONE', #4474, #4267, #3043, .T. ) ;
#573 = CARTESIAN_POINT ( 'NONE',  ( 0.4500000000000002887, 0.1019999999999929990, 0.5999999999999998668 ) ) ;
#574 = LINE ( 'NONE', #4421, #4587 ) ;
#575 = VERTEX_POINT ( 'NONE', #4542 ) ;
#576 = VERTEX_POINT ( 'NONE', #1166 ) ;
#577 = EDGE_CURVE ( 'NONE', #1201, #70, #4619, .T. ) ;
#578 = DIRECTION ( 'NONE',  ( 0.000000000000000000, -1.000000000000000000, 0.000000000000000000 ) ) ;
#579 = CARTESIAN_POINT ( 'NONE',  ( -0.1999999999999992339, 0.1519999999999999962, -0.09999999999999592548 ) ) ;
#580 = DIRECTION ( 'NONE',  ( 0.000000000000000000, 0.000000000000000000, 1.000000000000000000 ) ) ;
#581 = LINE ( 'NONE', #1356, #2315 ) ;
#582 = ORIENTED_EDGE ( 'NONE', *, *, #370, .F. ) ;
#583 = VERTEX_POINT ( 'NONE', #2692 ) ;
#584 = VECTOR ( 'NONE', #2844, 1000.000000000000000 ) ;
#585 = VECTOR ( 'NONE', #695, 1000.000000000000000 ) ;
#586 = LINE ( 'NONE', #246, #3737 ) ;
#587 = FACE_OUTER_BOUND ( 'NONE', #2621, .T. ) ;
#588 = VERTEX_POINT ( 'NONE', #808 ) ;
#589 = VECTOR ( 'NONE', #3779, 1000.000000000000000 ) ;
#590 = VECTOR ( 'NONE', #2161, 1000.000000000000000 ) ;
#591 = ORIENTED_EDGE ( 'NONE', *, *, #2127, .F. ) ;
#592 = VECTOR ( 'NONE', #253, 1000.000000000000000 ) ;
#593 = FILL_AREA_STYLE_COLOUR ( '', #424 ) ;
#594 = DIRECTION ( 'NONE',  ( 0.000000000000000000, 0.000000000000000000, 1.000000000000000000 ) ) ;
#595 = AXIS2_PLACEMENT_3D ( 'NONE', #1779, #2236, #293 ) ;
#596 = DIRECTION ( 'NONE',  ( -1.000000000000000000, 0.000000000000000000, 0.000000000000000000 ) ) ;
#597 = VERTEX_POINT ( 'NONE', #3835 ) ;
#598 = LINE ( 'NONE', #1727, #1539 ) ;
#599 = SURFACE_SIDE_STYLE ('',( #552 ) ) ;
#600 = ORIENTED_EDGE ( 'NONE', *, *, #1555, .F. ) ;
#601 = EDGE_CURVE ( 'NONE', #1314, #3597, #861, .T. ) ;
#602 = VERTEX_POINT ( 'NONE', #2350 ) ;
#603 = ORIENTED_EDGE ( 'NONE', *, *, #2654, .F. ) ;
#604 = ADVANCED_FACE ( 'NONE', ( #3862 ), #467, .F. ) ;
#605 = EDGE_CURVE ( 'NONE', #3000, #302, #2377, .T. ) ;
#606 = CARTESIAN_POINT ( 'NONE',  ( 0.5000000000000000000, 0.1519999999999999962, -0.09999999999999592548 ) ) ;
#607 = DIRECTION ( 'NONE',  ( 1.000000000000000000, 0.000000000000000000, 0.000000000000000000 ) ) ;
#608 = DIRECTION ( 'NONE',  ( 1.000000000000000000, 0.000000000000000000, 3.614007241618304890E-16 ) ) ;
#609 = CARTESIAN_POINT ( 'NONE',  ( -0.1999999999999992339, -1.659391495380860171, 0.1000000000000028644 ) ) ;
#610 = VERTEX_POINT ( 'NONE', #4045 ) ;
#611 = EDGE_CURVE ( 'NONE', #3844, #3244, #1049, .T. ) ;
#612 = ORIENTED_EDGE ( 'NONE', *, *, #4782, .T. ) ;
#613 = PLANE ( 'NONE',  #2480 ) ;
#614 = CARTESIAN_POINT ( 'NONE',  ( -0.3999999999999997446, 0.1019999999999925966, -0.7249999999999999778 ) ) ;
#615 = DIRECTION ( 'NONE',  ( 1.000000000000000000, 0.000000000000000000, 0.000000000000000000 ) ) ;
#616 = ORIENTED_EDGE ( 'NONE', *, *, #267, .T. ) ;
#617 =( NAMED_UNIT ( * ) PLANE_ANGLE_UNIT ( ) SI_UNIT ( $, .RADIAN. ) );
#618 = VERTEX_POINT ( 'NONE', #1809 ) ;
#619 = CARTESIAN_POINT ( 'NONE',  ( -0.1999999999999992339, 0.1519999999999999962, 0.1000000000000028644 ) ) ;
#620 = EDGE_CURVE ( 'NONE', #1208, #2542, #3306, .T. ) ;
#621 = CARTESIAN_POINT ( 'NONE',  ( -0.4499999999999994560, 0.04000000000000000083, -3.469446951953614189E-15 ) ) ;
#622 = AXIS2_PLACEMENT_3D ( 'NONE', #2834, #925, #531 ) ;
#623 = VECTOR ( 'NONE', #656, 1000.000000000000000 ) ;
#624 = CIRCLE ( 'NONE', #3384, 0.09999999999999999167 ) ;
#625 = CARTESIAN_POINT ( 'NONE',  ( -0.1999999999999992339, 0.1019999999999929990, 0.3999999999999993006 ) ) ;
#626 = EDGE_CURVE ( 'NONE', #4750, #4011, #2892, .T. ) ;
#627 = ORIENTED_EDGE ( 'NONE', *, *, #461, .F. ) ;
#628 = ORIENTED_EDGE ( 'NONE', *, *, #2139, .F. ) ;
#629 = PLANE ( 'NONE',  #2136 ) ;
#630 = DIRECTION ( 'NONE',  ( 0.000000000000000000, -1.000000000000000000, 0.000000000000000000 ) ) ;
#631 = LINE ( 'NONE', #443, #2179 ) ;
#632 = DIRECTION ( 'NONE',  ( 0.000000000000000000, -1.000000000000000000, 0.000000000000000000 ) ) ;
#633 = ORIENTED_EDGE ( 'NONE', *, *, #3177, .T. ) ;
#634 = ORIENTED_EDGE ( 'NONE', *, *, #1234, .F. ) ;
#635 = LINE ( 'NONE', #4412, #1935 ) ;
#636 = CARTESIAN_POINT ( 'NONE',  ( -0.3249999999999993450, 0.5000000000000000000, -0.5500000000000001554 ) ) ;
#637 = AXIS2_PLACEMENT_3D ( 'NONE', #1367, #3197, #3264 ) ;
#638 = SHAPE_DEFINITION_REPRESENTATION ( #3376, #504 ) ;
#639 = ORIENTED_EDGE ( 'NONE', *, *, #3495, .F. ) ;
#640 = EDGE_CURVE ( 'NONE', #4853, #416, #1780, .T. ) ;
#641 = SURFACE_SIDE_STYLE ('',( #3220 ) ) ;
#642 = LINE ( 'NONE', #3662, #3031 ) ;
#643 = DIRECTION ( 'NONE',  ( -7.589415207398540504E-15, 0.000000000000000000, 1.000000000000000000 ) ) ;
#644 = CARTESIAN_POINT ( 'NONE',  ( 0.2000000000000000944, 0.1019999999999924023, -0.7249999999999999778 ) ) ;
#645 = DIRECTION ( 'NONE',  ( 0.000000000000000000, 0.000000000000000000, -1.000000000000000000 ) ) ;
#646 = VERTEX_POINT ( 'NONE', #2176 ) ;
#647 = VERTEX_POINT ( 'NONE', #4872 ) ;
#648 = DIRECTION ( 'NONE',  ( 0.000000000000000000, 1.000000000000000000, 0.000000000000000000 ) ) ;
#649 = DIRECTION ( 'NONE',  ( 0.000000000000000000, 0.000000000000000000, 1.000000000000000000 ) ) ;
#650 = DIRECTION ( 'NONE',  ( 1.000000000000000000, 1.355252715606880049E-16, 0.000000000000000000 ) ) ;
#651 = DIRECTION ( 'NONE',  ( 0.7071067811865489050, 0.000000000000000000, 0.7071067811865460184 ) ) ;
#652 = ORIENTED_EDGE ( 'NONE', *, *, #1973, .T. ) ;
#653 = ORIENTED_EDGE ( 'NONE', *, *, #620, .F. ) ;
#654 = DIRECTION ( 'NONE',  ( -1.000000000000000000, 0.000000000000000000, 0.000000000000000000 ) ) ;
#655 = DIRECTION ( 'NONE',  ( 1.355252715606880049E-16, -1.000000000000000000, 0.000000000000000000 ) ) ;
#656 = DIRECTION ( 'NONE',  ( 0.000000000000000000, 1.000000000000000000, 0.000000000000000000 ) ) ;
#657 = ORIENTED_EDGE ( 'NONE', *, *, #507, .T. ) ;
#658 = EDGE_CURVE ( 'NONE', #1793, #2924, #3819, .T. ) ;
#659 = AXIS2_PLACEMENT_3D ( 'NONE', #4450, #4516, #2951 ) ;
#660 = EDGE_CURVE ( 'NONE', #1512, #3258, #1078, .T. ) ;
#661 = LINE ( 'NONE', #2137, #4368 ) ;
#662 = CARTESIAN_POINT ( 'NONE',  ( 0.5000000000000000000, -1.659391495380860171, 0.5999999999999998668 ) ) ;
#663 = AXIS2_PLACEMENT_3D ( 'NONE', #1989, #1697, #4276 ) ;
#664 = VECTOR ( 'NONE', #3941, 1000.000000000000000 ) ;
#665 = CARTESIAN_POINT ( 'NONE',  ( -0.1999999999999992339, 0.1519999999999999962, 0.7249999999999999778 ) ) ;
#666 = LINE ( 'NONE', #4466, #1824 ) ;
#667 = ORIENTED_EDGE ( 'NONE', *, *, #1133, .T. ) ;
#668 = VECTOR ( 'NONE', #4532, 1000.000000000000000 ) ;
#669 = ORIENTED_EDGE ( 'NONE', *, *, #2183, .F. ) ;
#670 = EDGE_CURVE ( 'NONE', #680, #2067, #42, .T. ) ;
#671 = CARTESIAN_POINT ( 'NONE',  ( -0.1999999999999992339, 0.1019999999999929990, 0.3999999999999993006 ) ) ;
#672 = LINE ( 'NONE', #2550, #4073 ) ;
#673 = LINE ( 'NONE', #4038, #123 ) ;
#674 = CARTESIAN_POINT ( 'NONE',  ( -0.4999999999999991673, 0.1019999999999921941, 0.1000000000000028644 ) ) ;
#675 = VERTEX_POINT ( 'NONE', #3725 ) ;
#676 = ORIENTED_EDGE ( 'NONE', *, *, #2608, .T. ) ;
#677 = VECTOR ( 'NONE', #739, 1000.000000000000000 ) ;
#678 = LINE ( 'NONE', #4001, #3341 ) ;
#679 = DIRECTION ( 'NONE',  ( 1.000000000000000000, 0.000000000000000000, 7.589415207398540504E-15 ) ) ;
#680 = VERTEX_POINT ( 'NONE', #4481 ) ;
#681 = VERTEX_POINT ( 'NONE', #3424 ) ;
#682 = CARTESIAN_POINT ( 'NONE',  ( -0.3249999999999993450, 0.4500000000000000111, -0.5500000000000001554 ) ) ;
#683 = EDGE_LOOP ( 'NONE', ( #565, #4322, #2302, #2764 ) ) ;
#684 = DIRECTION ( 'NONE',  ( -7.589415207398540504E-15, 0.000000000000000000, 1.000000000000000000 ) ) ;
#685 = DIRECTION ( 'NONE',  ( 0.000000000000000000, 1.355252715606882022E-16, -1.000000000000000000 ) ) ;
#686 = EDGE_CURVE ( 'NONE', #1662, #4497, #2443, .T. ) ;
#687 = VECTOR ( 'NONE', #2677, 1000.000000000000000 ) ;
#688 = CARTESIAN_POINT ( 'NONE',  ( -0.4999999999999991673, 0.1019999999999929990, 0.3999999999999993006 ) ) ;
#689 = EDGE_LOOP ( 'NONE', ( #957, #1675, #1343, #1526 ) ) ;
#690 = VECTOR ( 'NONE', #373, 1000.000000000000000 ) ;
#691 = VECTOR ( 'NONE', #692, 1000.000000000000000 ) ;
#692 = DIRECTION ( 'NONE',  ( 0.000000000000000000, 0.000000000000000000, -1.000000000000000000 ) ) ;
#693 = CARTESIAN_POINT ( 'NONE',  ( 0.4000000000000006328, 0.1519999999999999962, 0.3999999999999993006 ) ) ;
#694 = CARTESIAN_POINT ( 'NONE',  ( -0.1500000000000047407, 0.000000000000000000, 0.5999999999999998668 ) ) ;
#695 = DIRECTION ( 'NONE',  ( 0.000000000000000000, 0.000000000000000000, 1.000000000000000000 ) ) ;
#696 = ORIENTED_EDGE ( 'NONE', *, *, #159, .T. ) ;
#697 = ORIENTED_EDGE ( 'NONE', *, *, #2218, .F. ) ;
#698 = ADVANCED_FACE ( 'NONE', ( #4093, #1501, #1550, #4526, #3053, #2221, #2680 ), #334, .T. ) ;
#699 = VECTOR ( 'NONE', #1350, 1000.000000000000000 ) ;
#700 = ORIENTED_EDGE ( 'NONE', *, *, #2262, .T. ) ;
#701 = LINE ( 'NONE', #2220, #2721 ) ;
#702 = DIRECTION ( 'NONE',  ( 1.000000000000000000, 0.000000000000000000, 0.000000000000000000 ) ) ;
#703 = ORIENTED_EDGE ( 'NONE', *, *, #4103, .F. ) ;
#704 = ADVANCED_FACE ( 'NONE', ( #2980 ), #4850, .T. ) ;
#705 = CARTESIAN_POINT ( 'NONE',  ( -0.1999999999999992339, 0.1019999999999929990, 0.09999999999999766020 ) ) ;
#706 = FACE_OUTER_BOUND ( 'NONE', #1470, .T. ) ;
#707 = FACE_OUTER_BOUND ( 'NONE', #2024, .T. ) ;
#708 = EDGE_CURVE ( 'NONE', #2579, #2446, #3005, .T. ) ;
#709 = CARTESIAN_POINT ( 'NONE',  ( -0.4499999999999994560, 0.000000000000000000, -0.5999999999999998668 ) ) ;
#710 = LINE ( 'NONE', #1534, #2676 ) ;
#711 = ORIENTED_EDGE ( 'NONE', *, *, #730, .F. ) ;
#712 = EDGE_CURVE ( 'NONE', #1680, #3080, #2603, .T. ) ;
#713 = EDGE_CURVE ( 'NONE', #141, #2628, #1904, .T. ) ;
#714 = CARTESIAN_POINT ( 'NONE',  ( 0.4000000000000006328, 0.1519999999999930018, -9.275000000000000355 ) ) ;
#715 = PLANE ( 'NONE',  #2244 ) ;
#716 = CARTESIAN_POINT ( 'NONE',  ( -0.1999999999999992339, 0.1019999999999929990, -0.7249999999999999778 ) ) ;
#717 = ORIENTED_EDGE ( 'NONE', *, *, #2124, .F. ) ;
#718 = ORIENTED_EDGE ( 'NONE', *, *, #2352, .F. ) ;
#719 = ADVANCED_FACE ( 'NONE', ( #476 ), #501, .F. ) ;
#720 = CARTESIAN_POINT ( 'NONE',  ( -0.4499999999999994560, 0.1019999999999929990, -0.3999999999999993006 ) ) ;
#721 = PLANE ( 'NONE',  #4611 ) ;
#722 = ORIENTED_EDGE ( 'NONE', *, *, #880, .T. ) ;
#723 = ORIENTED_EDGE ( 'NONE', *, *, #1312, .F. ) ;
#724 = PRODUCT ( 'BGU7005,115', 'BGU7005,115', '', ( #4365 ) ) ;
#725 = PLANE ( 'NONE',  #4529 ) ;
#726 = ORIENTED_EDGE ( 'NONE', *, *, #4260, .T. ) ;
#727 = DIRECTION ( 'NONE',  ( -1.000000000000000000, 0.000000000000000000, 0.000000000000000000 ) ) ;
#728 = CARTESIAN_POINT ( 'NONE',  ( 0.4500000000000002887, 0.1019999999999963991, -0.09999999999999592548 ) ) ;
#729 = VECTOR ( 'NONE', #2759, 1000.000000000000000 ) ;
#730 = EDGE_CURVE ( 'NONE', #887, #2685, #535, .T. ) ;
#731 = VECTOR ( 'NONE', #2910, 1000.000000000000000 ) ;
#732 = DIRECTION ( 'NONE',  ( 0.000000000000000000, 0.000000000000000000, 1.000000000000000000 ) ) ;
#733 = DIRECTION ( 'NONE',  ( -7.047314121155780399E-15, -1.355252715606882022E-16, 1.000000000000000000 ) ) ;
#734 = VECTOR ( 'NONE', #3962, 1000.000000000000000 ) ;
#735 = ORIENTED_EDGE ( 'NONE', *, *, #4693, .F. ) ;
#736 = AXIS2_PLACEMENT_3D ( 'NONE', #741, #2351, #1993 ) ;
#737 = DIRECTION ( 'NONE',  ( 0.000000000000000000, 0.000000000000000000, 1.000000000000000000 ) ) ;
#738 = DIRECTION ( 'NONE',  ( 1.000000000000000000, 0.000000000000000000, 0.000000000000000000 ) ) ;
#739 = DIRECTION ( 'NONE',  ( -8.673617379884270158E-16, -1.175494350822319913E-31, 1.000000000000000000 ) ) ;
#740 = EDGE_CURVE ( 'NONE', #680, #2863, #1224, .T. ) ;
#741 = CARTESIAN_POINT ( 'NONE',  ( 0.4000000000000006328, 0.1519999999999930018, -9.275000000000000355 ) ) ;
#742 = CARTESIAN_POINT ( 'NONE',  ( 0.2000000000000000944, 0.1519999999999999962, 0.3999999999999993006 ) ) ;
#743 = VERTEX_POINT ( 'NONE', #4629 ) ;
#744 = EDGE_LOOP ( 'NONE', ( #3769, #1102, #4333, #2946, #775, #2389, #4622, #309, #3993, #4851, #4495, #3778, #1404, #3362, #2355, #1946, #2981, #1405, #3205, #2802 ) ) ;
#745 = ORIENTED_EDGE ( 'NONE', *, *, #1909, .T. ) ;
#746 = VECTOR ( 'NONE', #380, 1000.000000000000000 ) ;
#747 = EDGE_CURVE ( 'NONE', #2842, #1149, #824, .T. ) ;
#748 = EDGE_CURVE ( 'NONE', #3107, #2337, #929, .T. ) ;
#749 = DIRECTION ( 'NONE',  ( -6.776263578034410601E-15, -1.355252715606882022E-16, 1.000000000000000000 ) ) ;
#750 = CARTESIAN_POINT ( 'NONE',  ( 0.4000000000000006328, 0.1019999999999929990, -0.5999999999999998668 ) ) ;
#751 = EDGE_CURVE ( 'NONE', #3622, #2427, #2786, .T. ) ;
#752 = CARTESIAN_POINT ( 'NONE',  ( 0.4000000000000006328, 0.1019999999999929990, -9.275000000000000355 ) ) ;
#753 = VERTEX_POINT ( 'NONE', #3951 ) ;
#754 = VERTEX_POINT ( 'NONE', #1661 ) ;
#755 = FACE_OUTER_BOUND ( 'NONE', #975, .T. ) ;
#756 = EDGE_LOOP ( 'NONE', ( #1159, #232, #1023, #798 ) ) ;
#757 = DIRECTION ( 'NONE',  ( 7.074419175467920218E-14, 1.355252715606882022E-16, -1.000000000000000000 ) ) ;
#758 = CARTESIAN_POINT ( 'NONE',  ( 0.5000000000000000000, 0.1519999999999999962, -0.5999999999999998668 ) ) ;
#759 = EDGE_CURVE ( 'NONE', #1370, #1397, #3555, .T. ) ;
#760 = CARTESIAN_POINT ( 'NONE',  ( -0.1999999999999992339, 0.1519999999999930018, 0.5999999999999998668 ) ) ;
#761 = FACE_OUTER_BOUND ( 'NONE', #2077, .T. ) ;
#762 = ORIENTED_EDGE ( 'NONE', *, *, #960, .T. ) ;
#763 = CARTESIAN_POINT ( 'NONE',  ( 0.2000000000000000944, 0.1519999999999999962, 0.5999999999999998668 ) ) ;
#764 = DIRECTION ( 'NONE',  ( 1.000000000000000000, 0.000000000000000000, 0.000000000000000000 ) ) ;
#765 = CARTESIAN_POINT ( 'NONE',  ( -0.3999999999999997446, -1.659391495380860171, 0.5999999999999998668 ) ) ;
#766 = ORIENTED_EDGE ( 'NONE', *, *, #1107, .T. ) ;
#767 = VECTOR ( 'NONE', #3342, 1000.000000000000114 ) ;
#768 = ORIENTED_EDGE ( 'NONE', *, *, #2211, .F. ) ;
#769 = VECTOR ( 'NONE', #3756, 1000.000000000000000 ) ;
#770 = VECTOR ( 'NONE', #1029, 1000.000000000000000 ) ;
#771 = LINE ( 'NONE', #842, #3543 ) ;
#772 = CARTESIAN_POINT ( 'NONE',  ( 0.4500000000000002887, 0.1019999999999963991, 0.1000000000000028644 ) ) ;
#773 = DIRECTION ( 'NONE',  ( 1.084202172485504040E-15, -1.000000000000000000, 7.444797555207831160E-30 ) ) ;
#774 = ORIENTED_EDGE ( 'NONE', *, *, #4483, .F. ) ;
#775 = ORIENTED_EDGE ( 'NONE', *, *, #4880, .F. ) ;
#776 = LINE ( 'NONE', #1158, #2113 ) ;
#777 = VERTEX_POINT ( 'NONE', #3896 ) ;
#778 = CARTESIAN_POINT ( 'NONE',  ( 0.5000000000000000000, 0.04000000000000000083, -0.7249999999999999778 ) ) ;
#779 = EDGE_CURVE ( 'NONE', #1214, #938, #3159, .T. ) ;
#780 = DIRECTION ( 'NONE',  ( 0.000000000000000000, 1.000000000000000000, 0.000000000000000000 ) ) ;
#781 = VECTOR ( 'NONE', #915, 1000.000000000000000 ) ;
#782 = CARTESIAN_POINT ( 'NONE',  ( -0.1499999999999995226, 0.1019999999999929990, -0.09999999999999592548 ) ) ;
#783 = CARTESIAN_POINT ( 'NONE',  ( 0.4000000000000006328, 0.1019999999999929990, -0.3999999999999993006 ) ) ;
#784 = ORIENTED_EDGE ( 'NONE', *, *, #3735, .T. ) ;
#785 = DIRECTION ( 'NONE',  ( 7.589415207398540504E-15, 0.000000000000000000, 1.000000000000000000 ) ) ;
#786 = PLANE ( 'NONE',  #2637 ) ;
#787 = LINE ( 'NONE', #1873, #2835 ) ;
#788 = ORIENTED_EDGE ( 'NONE', *, *, #4393, .T. ) ;
#789 = ORIENTED_EDGE ( 'NONE', *, *, #4324, .F. ) ;
#790 = ORIENTED_EDGE ( 'NONE', *, *, #3249, .T. ) ;
#791 = EDGE_CURVE ( 'NONE', #4559, #2936, #3078, .T. ) ;
#792 = LINE ( 'NONE', #3870, #4244 ) ;
#793 = CARTESIAN_POINT ( 'NONE',  ( -0.4999999999999991673, 0.1519999999999999962, 0.1000000000000028644 ) ) ;
#794 = LINE ( 'NONE', #3077, #1223 ) ;
#795 = DIRECTION ( 'NONE',  ( -1.000000000000000000, -1.355252715606880049E-16, -5.421010862427520592E-15 ) ) ;
#796 = ORIENTED_EDGE ( 'NONE', *, *, #712, .T. ) ;
#797 = DIRECTION ( 'NONE',  ( 0.000000000000000000, 1.000000000000000000, 0.000000000000000000 ) ) ;
#798 = ORIENTED_EDGE ( 'NONE', *, *, #3875, .F. ) ;
#799 = EDGE_CURVE ( 'NONE', #754, #675, #2413, .T. ) ;
#800 = DIRECTION ( 'NONE',  ( 0.000000000000000000, 0.000000000000000000, 1.000000000000000000 ) ) ;
#801 = CARTESIAN_POINT ( 'NONE',  ( 0.4000000000000006328, 0.1019999999999929990, -0.09999999999999766020 ) ) ;
#802 = EDGE_CURVE ( 'NONE', #70, #839, #845, .T. ) ;
#803 = CARTESIAN_POINT ( 'NONE',  ( -0.3999999999999997446, 0.1519999999999999962, -0.09999999999999592548 ) ) ;
#804 = LINE ( 'NONE', #438, #272 ) ;
#805 = VERTEX_POINT ( 'NONE', #2037 ) ;
#806 = VECTOR ( 'NONE', #4214, 1000.000000000000000 ) ;
#807 = AXIS2_PLACEMENT_3D ( 'NONE', #1071, #3393, #4085 ) ;
#808 = CARTESIAN_POINT ( 'NONE',  ( 0.4000000000000006328, 0.1519999999999999962, -0.09999999999999766020 ) ) ;
#809 = CARTESIAN_POINT ( 'NONE',  ( -0.1000000000000032946, 0.1519999999999999962, -0.3999999999999993006 ) ) ;
#810 = VECTOR ( 'NONE', #3408, 1000.000000000000000 ) ;
#811 = DIRECTION ( 'NONE',  ( 0.000000000000000000, -1.000000000000000000, 0.000000000000000000 ) ) ;
#812 = VERTEX_POINT ( 'NONE', #4237 ) ;
#813 = VERTEX_POINT ( 'NONE', #1308 ) ;
#814 = ADVANCED_FACE ( 'NONE', ( #3846 ), #2815, .F. ) ;
#815 = EDGE_LOOP ( 'NONE', ( #3518, #2707, #3125, #399 ) ) ;
#816 = VECTOR ( 'NONE', #1700, 1000.000000000000000 ) ;
#817 = VECTOR ( 'NONE', #4641, 1000.000000000000000 ) ;
#818 = LINE ( 'NONE', #1150, #687 ) ;
#819 = FACE_OUTER_BOUND ( 'NONE', #4401, .T. ) ;
#820 = ORIENTED_EDGE ( 'NONE', *, *, #4476, .F. ) ;
#821 = DIRECTION ( 'NONE',  ( 0.000000000000000000, -1.000000000000000000, 0.000000000000000000 ) ) ;
#822 = ADVANCED_FACE ( 'NONE', ( #4601 ), #2085, .F. ) ;
#823 = AXIS2_PLACEMENT_3D ( 'NONE', #2912, #679, #3724 ) ;
#824 = LINE ( 'NONE', #1632, #1175 ) ;
#825 = EDGE_LOOP ( 'NONE', ( #2340, #2547, #2998, #2322 ) ) ;
#826 = ORIENTED_EDGE ( 'NONE', *, *, #2838, .F. ) ;
#827 = CARTESIAN_POINT ( 'NONE',  ( -0.1500000000000029921, 0.1019999999999929990, 0.3999999999999993006 ) ) ;
#828 = LINE ( 'NONE', #2419, #282 ) ;
#829 = ORIENTED_EDGE ( 'NONE', *, *, #1035, .T. ) ;
#830 = CARTESIAN_POINT ( 'NONE',  ( -0.3999999999999997446, 0.1519999999999999962, 0.3999999999999993006 ) ) ;
#831 = VECTOR ( 'NONE', #4406, 1000.000000000000000 ) ;
#832 = CARTESIAN_POINT ( 'NONE',  ( -0.09999999999999635569, 0.1519999999999999962, -0.5000000000000004441 ) ) ;
#833 = DIRECTION ( 'NONE',  ( 0.000000000000000000, 0.000000000000000000, 1.000000000000000000 ) ) ;
#834 = CARTESIAN_POINT ( 'NONE',  ( -0.1999999999999992339, 0.1519999999999930018, -9.275000000000000355 ) ) ;
#835 = ORIENTED_EDGE ( 'NONE', *, *, #48, .F. ) ;
#836 = DIRECTION ( 'NONE',  ( 0.000000000000000000, 0.000000000000000000, 1.000000000000000000 ) ) ;
#837 = CARTESIAN_POINT ( 'NONE',  ( 0.4500000000000002887, 0.1019999999999963991, 0.1000000000000028644 ) ) ;
#838 = CARTESIAN_POINT ( 'NONE',  ( -0.1500000000000029921, 0.000000000000000000, 0.3999999999999993006 ) ) ;
#839 = VERTEX_POINT ( 'NONE', #3526 ) ;
#840 = ORIENTED_EDGE ( 'NONE', *, *, #1776, .F. ) ;
#841 = ORIENTED_EDGE ( 'NONE', *, *, #3658, .F. ) ;
#842 = CARTESIAN_POINT ( 'NONE',  ( 1.301042606982605321E-15, 0.04000000000000000083, -0.09999999999999939493 ) ) ;
#843 = DIRECTION ( 'NONE',  ( 1.000000000000000000, 0.000000000000000000, 5.421010862427520592E-15 ) ) ;
#844 = CARTESIAN_POINT ( 'NONE',  ( 0.5000000000000000000, 0.1519999999999930018, 0.5999999999999998668 ) ) ;
#845 = LINE ( 'NONE', #1688, #496 ) ;
#846 = ORIENTED_EDGE ( 'NONE', *, *, #4724, .T. ) ;
#847 = VECTOR ( 'NONE', #2205, 1000.000000000000000 ) ;
#848 = EDGE_CURVE ( 'NONE', #1829, #1520, #3130, .T. ) ;
#849 = VERTEX_POINT ( 'NONE', #1252 ) ;
#850 = UNCERTAINTY_MEASURE_WITH_UNIT (LENGTH_MEASURE( 1.000000000000000082E-05 ), #4792, 'distance_accuracy_value', 'NONE');
#851 = CARTESIAN_POINT ( 'NONE',  ( 0.2000000000000000944, -1.659391495380860171, 0.7249999999999999778 ) ) ;
#852 = VERTEX_POINT ( 'NONE', #3577 ) ;
#853 = FACE_BOUND ( 'NONE', #3367, .T. ) ;
#854 = EDGE_CURVE ( 'NONE', #470, #849, #191, .T. ) ;
#855 = DIRECTION ( 'NONE',  ( 7.589415207398540504E-15, 1.355252715606882022E-16, -1.000000000000000000 ) ) ;
#856 = CARTESIAN_POINT ( 'NONE',  ( -0.1499999999999995226, 0.000000000000000000, -0.09999999999999939493 ) ) ;
#857 = DIRECTION ( 'NONE',  ( 1.355252715606880049E-16, -1.000000000000000000, 0.000000000000000000 ) ) ;
#858 = LINE ( 'NONE', #2772, #1855 ) ;
#859 = ORIENTED_EDGE ( 'NONE', *, *, #3438, .T. ) ;
#860 = VECTOR ( 'NONE', #437, 1000.000000000000000 ) ;
#861 = LINE ( 'NONE', #442, #3149 ) ;
#862 = LINE ( 'NONE', #551, #816 ) ;
#863 = DIRECTION ( 'NONE',  ( 1.000000000000000000, 1.355252715606880049E-16, 0.000000000000000000 ) ) ;
#864 = ORIENTED_EDGE ( 'NONE', *, *, #2270, .T. ) ;
#865 = ORIENTED_EDGE ( 'NONE', *, *, #1574, .T. ) ;
#866 = EDGE_LOOP ( 'NONE', ( #237, #4683, #1840, #1155, #2489, #3548, #2334, #1267, #374, #4829, #3868, #4452, #3728, #1741, #4639, #3999, #2620, #4013, #2682, #2893 ) ) ;
#867 = ADVANCED_FACE ( 'NONE', ( #2703 ), #4209, .F. ) ;
#868 = EDGE_CURVE ( 'NONE', #2969, #4731, #4409, .T. ) ;
#869 = CARTESIAN_POINT ( 'NONE',  ( -0.1999999999999992339, -1.659391495380860171, -0.09999999999999592548 ) ) ;
#870 = CARTESIAN_POINT ( 'NONE',  ( -0.1499999999999995226, 0.1019999999999963991, 0.09999999999999939493 ) ) ;
#871 = FACE_OUTER_BOUND ( 'NONE', #1255, .T. ) ;
#872 = CARTESIAN_POINT ( 'NONE',  ( 0.5000000000000000000, -1.659391495380860171, 0.1000000000000028644 ) ) ;
#873 = VERTEX_POINT ( 'NONE', #2147 ) ;
#874 = ORIENTED_EDGE ( 'NONE', *, *, #799, .T. ) ;
#875 = CARTESIAN_POINT ( 'NONE',  ( -0.1999999999999957645, 0.1019999999999929990, -0.5999999999999998668 ) ) ;
#876 = DIRECTION ( 'NONE',  ( 1.000000000000000000, 0.000000000000000000, 0.000000000000000000 ) ) ;
#877 = ORIENTED_EDGE ( 'NONE', *, *, #2977, .T. ) ;
#878 = LINE ( 'NONE', #1910, #810 ) ;
#879 = CARTESIAN_POINT ( 'NONE',  ( -0.3999999999999997446, 0.1519999999999999962, 0.3999999999999993006 ) ) ;
#880 = EDGE_CURVE ( 'NONE', #2678, #4268, #3276, .T. ) ;
#881 = VERTEX_POINT ( 'NONE', #2906 ) ;
#882 = LINE ( 'NONE', #1611, #2406 ) ;
#883 = DIRECTION ( 'NONE',  ( 1.000000000000000000, 1.355252715606880049E-16, 0.000000000000000000 ) ) ;
#884 = EDGE_CURVE ( 'NONE', #2579, #2907, #1022, .T. ) ;
#885 = CARTESIAN_POINT ( 'NONE',  ( -0.1999999999999992339, 0.1519999999999930018, -0.7249999999999999778 ) ) ;
#886 = DIRECTION ( 'NONE',  ( 0.000000000000000000, 1.000000000000000000, 0.000000000000000000 ) ) ;
#887 = VERTEX_POINT ( 'NONE', #4065 ) ;
#888 = LINE ( 'NONE', #489, #3059 ) ;
#889 = CARTESIAN_POINT ( 'NONE',  ( -0.2249999999999999500, 0.4500000000000000111, -0.5500000000000001554 ) ) ;
#890 = LINE ( 'NONE', #2776, #303 ) ;
#891 = EDGE_LOOP ( 'NONE', ( #912, #1767, #2114, #2735 ) ) ;
#892 = DIRECTION ( 'NONE',  ( 4.336808689942135079E-16, 5.877471754111599565E-32, 1.000000000000000000 ) ) ;
#893 = ORIENTED_EDGE ( 'NONE', *, *, #1752, .T. ) ;
#894 = ORIENTED_EDGE ( 'NONE', *, *, #4582, .F. ) ;
#895 = AXIS2_PLACEMENT_3D ( 'NONE', #3471, #2460, #4729 ) ;
#896 = EDGE_CURVE ( 'NONE', #3234, #646, #3630, .T. ) ;
#897 = AXIS2_PLACEMENT_3D ( 'NONE', #135, #916, #942 ) ;
#898 = CARTESIAN_POINT ( 'NONE',  ( -0.3999999999999997446, 0.1019999999999921941, -0.09999999999999592548 ) ) ;
#899 = PLANE ( 'NONE',  #1157 ) ;
#900 = LINE ( 'NONE', #4265, #2324 ) ;
#901 = DIRECTION ( 'NONE',  ( 0.000000000000000000, -1.000000000000000000, 0.000000000000000000 ) ) ;
#902 = ORIENTED_EDGE ( 'NONE', *, *, #3414, .F. ) ;
#903 = VERTEX_POINT ( 'NONE', #1753 ) ;
#904 = EDGE_CURVE ( 'NONE', #3552, #4744, #581, .T. ) ;
#905 = VECTOR ( 'NONE', #1009, 1000.000000000000000 ) ;
#906 = VECTOR ( 'NONE', #2076, 1000.000000000000000 ) ;
#907 = LINE ( 'NONE', #4686, #233 ) ;
#908 = CARTESIAN_POINT ( 'NONE',  ( 0.5000000000000000000, -1.659391495380860171, -0.5999999999999998668 ) ) ;
#909 = ORIENTED_EDGE ( 'NONE', *, *, #4758, .F. ) ;
#910 = VECTOR ( 'NONE', #4830, 1000.000000000000000 ) ;
#911 = CLOSED_SHELL ( 'NONE', ( #2370, #867, #3292, #4253 ) ) ;
#912 = ORIENTED_EDGE ( 'NONE', *, *, #1447, .F. ) ;
#913 = PLANE ( 'NONE',  #3909 ) ;
#914 = DIRECTION ( 'NONE',  ( -1.000000000000000000, 0.000000000000000000, 0.000000000000000000 ) ) ;
#915 = DIRECTION ( 'NONE',  ( 0.000000000000000000, 0.000000000000000000, -1.000000000000000000 ) ) ;
#916 = DIRECTION ( 'NONE',  ( 1.000000000000000000, 0.000000000000000000, 0.000000000000000000 ) ) ;
#917 = VERTEX_POINT ( 'NONE', #1330 ) ;
#918 = AXIS2_PLACEMENT_3D ( 'NONE', #2881, #926, #2437 ) ;
#919 = ADVANCED_FACE ( 'NONE', ( #1001 ), #3998, .F. ) ;
#920 = CARTESIAN_POINT ( 'NONE',  ( -0.4499999999999994560, 0.1519999999999999962, 0.09999999999999766020 ) ) ;
#921 = DIRECTION ( 'NONE',  ( 1.000000000000000000, 1.355252715606880049E-16, 0.000000000000000000 ) ) ;
#922 = ORIENTED_EDGE ( 'NONE', *, *, #4157, .F. ) ;
#923 = VERTEX_POINT ( 'NONE', #4706 ) ;
#924 = VERTEX_POINT ( 'NONE', #674 ) ;
#925 = DIRECTION ( 'NONE',  ( 1.000000000000000000, 0.000000000000000000, 7.589415207398540504E-15 ) ) ;
#926 = DIRECTION ( 'NONE',  ( -1.000000000000000000, 0.000000000000000000, 0.000000000000000000 ) ) ;
#927 = DIRECTION ( 'NONE',  ( -6.776263578034410601E-15, -1.355252715606882022E-16, 1.000000000000000000 ) ) ;
#928 = EDGE_CURVE ( 'NONE', #1992, #852, #2193, .T. ) ;
#929 = LINE ( 'NONE', #2387, #3942 ) ;
#930 = ORIENTED_EDGE ( 'NONE', *, *, #779, .T. ) ;
#931 = AXIS2_PLACEMENT_3D ( 'NONE', #3409, #3058, #2988 ) ;
#932 = DIRECTION ( 'NONE',  ( -1.000000000000000000, 0.000000000000000000, 0.000000000000000000 ) ) ;
#933 = FILL_AREA_STYLE_COLOUR ( '', #2767 ) ;
#934 = EDGE_LOOP ( 'NONE', ( #700, #1670, #3908, #2194 ) ) ;
#935 = VECTOR ( 'NONE', #3068, 1000.000000000000000 ) ;
#936 = EDGE_CURVE ( 'NONE', #302, #166, #2930, .T. ) ;
#937 = VECTOR ( 'NONE', #1947, 1000.000000000000000 ) ;
#938 = VERTEX_POINT ( 'NONE', #1803 ) ;
#939 = FILL_AREA_STYLE ('',( #593 ) ) ;
#940 = PLANE ( 'NONE',  #2245 ) ;
#941 = CARTESIAN_POINT ( 'NONE',  ( -0.3999999999999997446, -1.659391495380860171, -0.3999999999999993006 ) ) ;
#943 = ADVANCED_FACE ( 'NONE', ( #4778 ), #2512, .T. ) ;
#942 = DIRECTION ( 'NONE',  ( 0.000000000000000000, -1.000000000000000000, 0.000000000000000000 ) ) ;
#944 = STYLED_ITEM ( 'NONE', ( #2829 ), #1379 ) ;
#945 = FACE_OUTER_BOUND ( 'NONE', #1634, .T. ) ;
#946 = ORIENTED_EDGE ( 'NONE', *, *, #1075, .T. ) ;
#947 = EDGE_LOOP ( 'NONE', ( #3631, #4233, #2122, #2130 ) ) ;
#948 = CARTESIAN_POINT ( 'NONE',  ( -0.4999999999999991673, 0.1019999999999963991, -0.09999999999999592548 ) ) ;
#949 = CARTESIAN_POINT ( 'NONE',  ( -0.3999999999999997446, 0.1519999999999930018, -9.275000000000000355 ) ) ;
#950 = CARTESIAN_POINT ( 'NONE',  ( -0.4999999999999991673, 0.1019999999999925966, 0.5999999999999998668 ) ) ;
#951 = ORIENTED_EDGE ( 'NONE', *, *, #1033, .F. ) ;
#952 = ORIENTED_EDGE ( 'NONE', *, *, #4335, .T. ) ;
#953 = EDGE_CURVE ( 'NONE', #401, #3595, #4749, .T. ) ;
#954 = CARTESIAN_POINT ( 'NONE',  ( -0.4999999999999991673, 0.1019999999999921941, -0.09999999999999592548 ) ) ;
#955 = CARTESIAN_POINT ( 'NONE',  ( -0.1999999999999992339, 0.1519999999999999962, 0.5999999999999998668 ) ) ;
#956 =( NAMED_UNIT ( * ) PLANE_ANGLE_UNIT ( ) SI_UNIT ( $, .RADIAN. ) );
#957 = ORIENTED_EDGE ( 'NONE', *, *, #1504, .F. ) ;
#958 = VERTEX_POINT ( 'NONE', #264 ) ;
#959 = ADVANCED_FACE ( 'NONE', ( #4386 ), #1772, .F. ) ;
#960 = EDGE_CURVE ( 'NONE', #1397, #119, #288, .T. ) ;
#961 = DIRECTION ( 'NONE',  ( 0.000000000000000000, -1.000000000000000000, 0.000000000000000000 ) ) ;
#962 = DIRECTION ( 'NONE',  ( 1.000000000000000000, 0.000000000000000000, 0.000000000000000000 ) ) ;
#963 = DIRECTION ( 'NONE',  ( 0.000000000000000000, -1.000000000000000000, 0.000000000000000000 ) ) ;
#964 = CARTESIAN_POINT ( 'NONE',  ( -0.1500000000000047407, 0.1519999999999999962, 0.5999999999999998668 ) ) ;
#965 = AXIS2_PLACEMENT_3D ( 'NONE', #2750, #4257, #863 ) ;
#966 = EDGE_CURVE ( 'NONE', #4207, #3123, #4427, .T. ) ;
#967 = CARTESIAN_POINT ( 'NONE',  ( -0.4499999999999994560, 0.1519999999999999962, 0.5999999999999998668 ) ) ;
#968 = DIRECTION ( 'NONE',  ( 0.000000000000000000, 0.000000000000000000, -1.000000000000000000 ) ) ;
#969 = ORIENTED_EDGE ( 'NONE', *, *, #28, .T. ) ;
#970 = ORIENTED_EDGE ( 'NONE', *, *, #2211, .T. ) ;
#971 = DIRECTION ( 'NONE',  ( 0.000000000000000000, -1.000000000000000000, 0.000000000000000000 ) ) ;
#972 = CARTESIAN_POINT ( 'NONE',  ( -4.336808689942017736E-16, 0.04000000000000000083, -0.5999999999999998668 ) ) ;
#973 = EDGE_CURVE ( 'NONE', #2164, #3968, #2487, .T. ) ;
#974 = CARTESIAN_POINT ( 'NONE',  ( 0.2000000000000000944, 0.04000000000000000083, -0.2000000000000005107 ) ) ;
#975 = EDGE_LOOP ( 'NONE', ( #63, #1975, #4058, #1064 ) ) ;
#976 = ORIENTED_EDGE ( 'NONE', *, *, #1639, .T. ) ;
#977 = AXIS2_PLACEMENT_3D ( 'NONE', #2871, #254, #4371 ) ;
#978 = EDGE_CURVE ( 'NONE', #4700, #488, #4359, .T. ) ;
#979 = DIRECTION ( 'NONE',  ( 1.000000000000000000, 1.355252715606880049E-16, 5.421010862427520592E-15 ) ) ;
#980 = DIRECTION ( 'NONE',  ( 1.000000000000000000, 1.355252715606880049E-16, 0.000000000000000000 ) ) ;
#981 = ORIENTED_EDGE ( 'NONE', *, *, #4832, .F. ) ;
#982 = AXIS2_PLACEMENT_3D ( 'NONE', #1084, #1482, #4486 ) ;
#983 = VECTOR ( 'NONE', #4398, 1000.000000000000000 ) ;
#984 = EDGE_CURVE ( 'NONE', #1370, #375, #2883, .T. ) ;
#985 = ORIENTED_EDGE ( 'NONE', *, *, #3192, .T. ) ;
#986 = VECTOR ( 'NONE', #1672, 1000.000000000000000 ) ;
#987 = CARTESIAN_POINT ( 'NONE',  ( -0.1500000000000047407, 0.1019999999999929990, 0.5999999999999998668 ) ) ;
#988 = ORIENTED_EDGE ( 'NONE', *, *, #106, .F. ) ;
#989 = CARTESIAN_POINT ( 'NONE',  ( -0.3999999999999997446, 0.1519999999999999962, 0.7249999999999999778 ) ) ;
#990 = LINE ( 'NONE', #941, #3907 ) ;
#991 = VECTOR ( 'NONE', #475, 1000.000000000000000 ) ;
#992 = DIRECTION ( 'NONE',  ( 0.000000000000000000, 1.000000000000000000, 0.000000000000000000 ) ) ;
#993 = LINE ( 'NONE', #4768, #3115 ) ;
#994 = FACE_OUTER_BOUND ( 'NONE', #2038, .T. ) ;
#995 = EDGE_LOOP ( 'NONE', ( #2091, #4496, #3128, #1572 ) ) ;
#996 = VECTOR ( 'NONE', #168, 1000.000000000000000 ) ;
#997 = ORIENTED_EDGE ( 'NONE', *, *, #751, .F. ) ;
#998 = PLANE ( 'NONE',  #2272 ) ;
#999 = CARTESIAN_POINT ( 'NONE',  ( -0.4999999999999991673, 0.1019999999999925966, 0.1000000000000028644 ) ) ;
#1000 = CARTESIAN_POINT ( 'NONE',  ( -0.4499999999999994560, 0.1519999999999999962, -0.3999999999999993006 ) ) ;
#1001 = FACE_OUTER_BOUND ( 'NONE', #2303, .T. ) ;
#1002 = ORIENTED_EDGE ( 'NONE', *, *, #2497, .F. ) ;
#1003 = ORIENTED_EDGE ( 'NONE', *, *, #2732, .T. ) ;
#1004 = CARTESIAN_POINT ( 'NONE',  ( 0.1500000000000003830, 0.000000000000000000, -0.3999999999999993006 ) ) ;
#1005 = CARTESIAN_POINT ( 'NONE',  ( -0.4499999999999994560, 0.1519999999999999962, -0.5999999999999998668 ) ) ;
#1006 = APPLICATION_PROTOCOL_DEFINITION ( 'draft international standard', 'automotive_design', 1998, #4219 ) ;
#1007 = ORIENTED_EDGE ( 'NONE', *, *, #2417, .T. ) ;
#1008 = ORIENTED_EDGE ( 'NONE', *, *, #4505, .T. ) ;
#1009 = DIRECTION ( 'NONE',  ( 0.000000000000000000, 0.000000000000000000, -1.000000000000000000 ) ) ;
#1010 = DIRECTION ( 'NONE',  ( 0.000000000000000000, 0.000000000000000000, 1.000000000000000000 ) ) ;
#1011 = DIRECTION ( 'NONE',  ( 0.000000000000000000, 1.000000000000000000, 0.000000000000000000 ) ) ;
#1012 = AXIS2_PLACEMENT_3D ( 'NONE', #3893, #4679, #4703 ) ;
#1013 = VECTOR ( 'NONE', #1927, 1000.000000000000000 ) ;
#1014 = EDGE_CURVE ( 'NONE', #675, #4790, #2649, .T. ) ;
#1015 = DIRECTION ( 'NONE',  ( 0.000000000000000000, -1.000000000000000000, 0.000000000000000000 ) ) ;
#1016 = ORIENTED_EDGE ( 'NONE', *, *, #4376, .F. ) ;
#1017 = ORIENTED_EDGE ( 'NONE', *, *, #4430, .T. ) ;
#1018 = LINE ( 'NONE', #4036, #4720 ) ;
#1019 = LINE ( 'NONE', #3602, #831 ) ;
#1020 = DIRECTION ( 'NONE',  ( 1.355252715606880049E-16, -1.000000000000000000, 0.000000000000000000 ) ) ;
#1021 = ADVANCED_FACE ( 'NONE', ( #2578 ), #3417, .T. ) ;
#1022 = LINE ( 'NONE', #2534, #3496 ) ;
#1023 = ORIENTED_EDGE ( 'NONE', *, *, #2687, .T. ) ;
#1024 = ORIENTED_EDGE ( 'NONE', *, *, #1795, .F. ) ;
#1025 = ADVANCED_FACE ( 'NONE', ( #4862 ), #350, .F. ) ;
#1026 = DIRECTION ( 'NONE',  ( 0.000000000000000000, -1.000000000000000000, 0.000000000000000000 ) ) ;
#1027 = LINE ( 'NONE', #4500, #4479 ) ;
#1028 = VECTOR ( 'NONE', #134, 1000.000000000000000 ) ;
#1029 = DIRECTION ( 'NONE',  ( 0.000000000000000000, 0.000000000000000000, 1.000000000000000000 ) ) ;
#1030 = ORIENTED_EDGE ( 'NONE', *, *, #2990, .T. ) ;
#1031 = ORIENTED_EDGE ( 'NONE', *, *, #2259, .T. ) ;
#1032 = DIRECTION ( 'NONE',  ( 0.000000000000000000, 1.000000000000000000, 0.000000000000000000 ) ) ;
#1033 = EDGE_CURVE ( 'NONE', #3578, #2536, #8, .T. ) ;
#1034 = DIRECTION ( 'NONE',  ( 1.084202172485504040E-15, -1.000000000000000000, 0.000000000000000000 ) ) ;
#1035 = EDGE_CURVE ( 'NONE', #2669, #4107, #33, .T. ) ;
#1036 = LINE ( 'NONE', #2545, #2809 ) ;
#1037 = LINE ( 'NONE', #4836, #3950 ) ;
#1038 = ORIENTED_EDGE ( 'NONE', *, *, #3532, .T. ) ;
#1039 = ORIENTED_EDGE ( 'NONE', *, *, #3337, .T. ) ;
#1040 = LINE ( 'NONE', #2123, #4870 ) ;
#1041 = DIRECTION ( 'NONE',  ( -1.000000000000000000, 0.000000000000000000, 0.000000000000000000 ) ) ;
#1042 = PLANE ( 'NONE',  #4377 ) ;
#1043 = CARTESIAN_POINT ( 'NONE',  ( -0.1499999999999995226, 0.1519999999999999962, 0.09999999999999939493 ) ) ;
#1044 = ORIENTED_EDGE ( 'NONE', *, *, #209, .F. ) ;
#1045 = ORIENTED_EDGE ( 'NONE', *, *, #572, .F. ) ;
#1046 = EDGE_CURVE ( 'NONE', #2163, #2337, #1469, .T. ) ;
#1047 = LINE ( 'NONE', #2464, #4688 ) ;
#1048 = FACE_OUTER_BOUND ( 'NONE', #3444, .T. ) ;
#1049 = LINE ( 'NONE', #2560, #4404 ) ;
#1050 = ORIENTED_EDGE ( 'NONE', *, *, #973, .F. ) ;
#1051 = EDGE_CURVE ( 'NONE', #4744, #2295, #1493, .T. ) ;
#1052 = VECTOR ( 'NONE', #4811, 1000.000000000000000 ) ;
#1053 = LINE ( 'NONE', #4852, #3038 ) ;
#1054 = ORIENTED_EDGE ( 'NONE', *, *, #201, .F. ) ;
#1055 = PLANE ( 'NONE',  #1532 ) ;
#1056 = CARTESIAN_POINT ( 'NONE',  ( -0.1999999999999992339, 0.1519999999999930018, -9.275000000000000355 ) ) ;
#1057 = CARTESIAN_POINT ( 'NONE',  ( 0.1500000000000003830, 0.1519999999999999962, -0.3999999999999993006 ) ) ;
#1058 = VECTOR ( 'NONE', #2299, 1000.000000000000000 ) ;
#1059 = STYLED_ITEM ( 'NONE', ( #4004 ), #4644 ) ;
#1060 = VECTOR ( 'NONE', #1443, 1000.000000000000000 ) ;
#1061 = LINE ( 'NONE', #1886, #4449 ) ;
#1062 = ADVANCED_FACE ( 'NONE', ( #2280 ), #1543, .F. ) ;
#1063 = CARTESIAN_POINT ( 'NONE',  ( 0.2000000000000000944, 0.1519999999999999962, -0.3999999999999993006 ) ) ;
#1064 = ORIENTED_EDGE ( 'NONE', *, *, #4262, .T. ) ;
#1065 = VECTOR ( 'NONE', #1527, 1000.000000000000000 ) ;
#1066 = ORIENTED_EDGE ( 'NONE', *, *, #571, .F. ) ;
#1067 = CARTESIAN_POINT ( 'NONE',  ( 0.4000000000000006328, 0.1019999999999929990, -9.275000000000000355 ) ) ;
#1068 = FACE_OUTER_BOUND ( 'NONE', #4845, .T. ) ;
#1069 = DIRECTION ( 'NONE',  ( 0.000000000000000000, -1.000000000000000000, 0.000000000000000000 ) ) ;
#1070 = EDGE_CURVE ( 'NONE', #1891, #3722, #3789, .T. ) ;
#1071 = CARTESIAN_POINT ( 'NONE',  ( 0.4000000000000006328, 0.1019999999999929990, -9.275000000000000355 ) ) ;
#1072 = ORIENTED_EDGE ( 'NONE', *, *, #868, .T. ) ;
#1073 = ORIENTED_EDGE ( 'NONE', *, *, #3015, .F. ) ;
#1074 = VECTOR ( 'NONE', #1328, 1000.000000000000000 ) ;
#1075 = EDGE_CURVE ( 'NONE', #1638, #387, #4106, .T. ) ;
#1076 = DIRECTION ( 'NONE',  ( 1.000000000000000000, 1.355252715606880049E-16, 0.000000000000000000 ) ) ;
#1077 = CARTESIAN_POINT ( 'NONE',  ( -0.1500000000000029921, 0.1019999999999929990, 0.3999999999999993006 ) ) ;
#1078 = LINE ( 'NONE', #1124, #4867 ) ;
#1079 = VERTEX_POINT ( 'NONE', #716 ) ;
#1080 = EDGE_CURVE ( 'NONE', #2805, #1273, #398, .T. ) ;
#1081 = FACE_BOUND ( 'NONE', #947, .T. ) ;
#1082 = ORIENTED_EDGE ( 'NONE', *, *, #2317, .T. ) ;
#1083 = EDGE_CURVE ( 'NONE', #3647, #4436, #2300, .T. ) ;
#1084 = CARTESIAN_POINT ( 'NONE',  ( -0.3249999999999993450, 0.4500000000000000111, -0.5500000000000001554 ) ) ;
#1085 = EDGE_CURVE ( 'NONE', #1793, #1247, #4494, .T. ) ;
#1086 = EDGE_CURVE ( 'NONE', #2975, #597, #4179, .T. ) ;
#1087 = CARTESIAN_POINT ( 'NONE',  ( -0.4999999999999991673, 0.1019999999999963991, 0.1000000000000028644 ) ) ;
#1088 = AXIS2_PLACEMENT_3D ( 'NONE', #1441, #2970, #3295 ) ;
#1089 = FACE_OUTER_BOUND ( 'NONE', #2561, .T. ) ;
#1090 = LINE ( 'NONE', #1889, #1209 ) ;
#1091 = ORIENTED_EDGE ( 'NONE', *, *, #4018, .T. ) ;
#1092 = AXIS2_PLACEMENT_3D ( 'NONE', #3042, #1286, #980 ) ;
#1093 = DIRECTION ( 'NONE',  ( -1.000000000000000000, 0.000000000000000000, 0.000000000000000000 ) ) ;
#1094 = CARTESIAN_POINT ( 'NONE',  ( 0.2000000000000000944, 0.1019999999999929990, -9.275000000000000355 ) ) ;
#1095 = FACE_OUTER_BOUND ( 'NONE', #369, .T. ) ;
#1096 = DIRECTION ( 'NONE',  ( 1.000000000000000000, 0.000000000000000000, 0.000000000000000000 ) ) ;
#1097 = ORIENTED_EDGE ( 'NONE', *, *, #620, .T. ) ;
#1098 = ORIENTED_EDGE ( 'NONE', *, *, #4633, .T. ) ;
#1099 = CARTESIAN_POINT ( 'NONE',  ( -0.3249999999999993450, 0.5000000000000000000, -0.5500000000000001554 ) ) ;
#1100 = DIRECTION ( 'NONE',  ( 7.589415207398540504E-15, 1.355252715606882022E-16, -1.000000000000000000 ) ) ;
#1101 = ORIENTED_EDGE ( 'NONE', *, *, #1926, .T. ) ;
#1102 = ORIENTED_EDGE ( 'NONE', *, *, #4324, .T. ) ;
#1103 = DIRECTION ( 'NONE',  ( -1.000000000000000000, 0.000000000000000000, -6.866613759074860889E-15 ) ) ;
#1104 = ORIENTED_EDGE ( 'NONE', *, *, #1227, .T. ) ;
#1105 = FACE_OUTER_BOUND ( 'NONE', #3500, .T. ) ;
#1106 = CARTESIAN_POINT ( 'NONE',  ( -0.1500000000000029921, 0.04000000000000000083, 0.3999999999999993006 ) ) ;
#1107 = EDGE_CURVE ( 'NONE', #1603, #1079, #787, .T. ) ;
#1108 = ADVANCED_FACE ( 'NONE', ( #3366 ), #1117, .T. ) ;
#1109 = DIRECTION ( 'NONE',  ( -7.074419175467920218E-14, 0.000000000000000000, 1.000000000000000000 ) ) ;
#1110 = CARTESIAN_POINT ( 'NONE',  ( 0.5000000000000000000, 0.1019999999999929990, 0.5999999999999998668 ) ) ;
#1111 = ORIENTED_EDGE ( 'NONE', *, *, #1347, .T. ) ;
#1112 = ADVANCED_FACE ( 'NONE', ( #3766 ), #1896, .T. ) ;
#1113 = EDGE_CURVE ( 'NONE', #2760, #1876, #1444, .T. ) ;
#1114 = CARTESIAN_POINT ( 'NONE',  ( -0.1499999999999995226, 0.1019999999999963991, 0.09999999999999939493 ) ) ;
#1115 = LINE ( 'NONE', #2617, #677 ) ;
#1116 = FACE_OUTER_BOUND ( 'NONE', #1730, .T. ) ;
#1117 = PLANE ( 'NONE',  #72 ) ;
#1118 = VERTEX_POINT ( 'NONE', #3484 ) ;
#1119 = ORIENTED_EDGE ( 'NONE', *, *, #4614, .F. ) ;
#1120 = ORIENTED_EDGE ( 'NONE', *, *, #4292, .F. ) ;
#1121 = FACE_OUTER_BOUND ( 'NONE', #410, .T. ) ;
#1122 = LINE ( 'NONE', #1472, #3513 ) ;
#1123 = DIRECTION ( 'NONE',  ( 0.000000000000000000, -1.000000000000000000, 0.000000000000000000 ) ) ;
#1124 = CARTESIAN_POINT ( 'NONE',  ( -0.1999999999999992339, -1.659391495380860171, 0.5999999999999998668 ) ) ;
#1125 = ORIENTED_EDGE ( 'NONE', *, *, #3567, .F. ) ;
#1126 = ORIENTED_EDGE ( 'NONE', *, *, #295, .T. ) ;
#1127 = EDGE_CURVE ( 'NONE', #3451, #575, #4649, .T. ) ;
#1128 = PLANE ( 'NONE',  #2180 ) ;
#1129 = VERTEX_POINT ( 'NONE', #1272 ) ;
#1130 = LINE ( 'NONE', #2634, #4212 ) ;
#1131 = CARTESIAN_POINT ( 'NONE',  ( 0.2000000000000000944, 0.1519999999999999962, -0.5999999999999998668 ) ) ;
#1132 = VECTOR ( 'NONE', #651, 1000.000000000000114 ) ;
#1133 = EDGE_CURVE ( 'NONE', #36, #2805, #109, .T. ) ;
#1134 = VECTOR ( 'NONE', #479, 1000.000000000000000 ) ;
#1135 = PLANE ( 'NONE',  #3826 ) ;
#1136 = CARTESIAN_POINT ( 'NONE',  ( -0.3999999999999997446, 0.1519999999999999962, -0.3999999999999993006 ) ) ;
#1137 = CARTESIAN_POINT ( 'NONE',  ( 0.4500000000000002887, 0.04000000000000000083, -0.3999999999999993006 ) ) ;
#1138 = VECTOR ( 'NONE', #1584, 1000.000000000000000 ) ;
#1139 = ORIENTED_EDGE ( 'NONE', *, *, #3133, .T. ) ;
#1140 = VECTOR ( 'NONE', #546, 1000.000000000000000 ) ;
#1141 = VECTOR ( 'NONE', #525, 1000.000000000000000 ) ;
#1142 = LINE ( 'NONE', #2645, #1168 ) ;
#1143 = DIRECTION ( 'NONE',  ( 0.000000000000000000, 1.000000000000000000, 0.000000000000000000 ) ) ;
#1144 = AXIS2_PLACEMENT_3D ( 'NONE', #3799, #409, #1103 ) ;
#1145 = DIRECTION ( 'NONE',  ( 0.000000000000000000, -1.000000000000000000, 0.000000000000000000 ) ) ;
#1146 = ORIENTED_EDGE ( 'NONE', *, *, #4766, .F. ) ;
#1147 = CIRCLE ( 'NONE', #2887, 0.09999999999999999167 ) ;
#1148 = ORIENTED_EDGE ( 'NONE', *, *, #4150, .F. ) ;
#1149 = VERTEX_POINT ( 'NONE', #3093 ) ;
#1150 = CARTESIAN_POINT ( 'NONE',  ( -0.1500000000000047407, 0.000000000000000000, 0.5999999999999998668 ) ) ;
#1151 = CARTESIAN_POINT ( 'NONE',  ( 0.4000000000000006328, 0.1019999999999929990, 0.7249999999999999778 ) ) ;
#1152 = DIRECTION ( 'NONE',  ( 1.000000000000000000, 0.000000000000000000, 0.000000000000000000 ) ) ;
#1153 = DIRECTION ( 'NONE',  ( 1.000000000000000000, 1.355252715606880049E-16, 0.000000000000000000 ) ) ;
#1154 = EDGE_CURVE ( 'NONE', #4552, #1992, #890, .T. ) ;
#1155 = ORIENTED_EDGE ( 'NONE', *, *, #2847, .F. ) ;
#1156 = ORIENTED_EDGE ( 'NONE', *, *, #4511, .F. ) ;
#1157 = AXIS2_PLACEMENT_3D ( 'NONE', #3156, #4206, #474 ) ;
#1158 = CARTESIAN_POINT ( 'NONE',  ( -0.1999999999999992339, 0.1019999999999929990, -0.7249999999999999778 ) ) ;
#1159 = ORIENTED_EDGE ( 'NONE', *, *, #4574, .F. ) ;
#1160 = CARTESIAN_POINT ( 'NONE',  ( -0.1999999999999992339, 0.1519999999999999962, -0.7249999999999999778 ) ) ;
#1161 = LINE ( 'NONE', #4193, #1536 ) ;
#1162 = DIRECTION ( 'NONE',  ( 0.000000000000000000, 1.000000000000000000, 0.000000000000000000 ) ) ;
#1163 = VERTEX_POINT ( 'NONE', #1994 ) ;
#1164 = EDGE_CURVE ( 'NONE', #156, #4296, #4310, .T. ) ;
#1165 = CARTESIAN_POINT ( 'NONE',  ( -0.3249999999999993450, 0.4500000000000000111, -0.5500000000000001554 ) ) ;
#1166 = CARTESIAN_POINT ( 'NONE',  ( 0.2000000000000000944, 0.1519999999999999962, 0.1000000000000011297 ) ) ;
#1167 = FACE_BOUND ( 'NONE', #289, .T. ) ;
#1168 = VECTOR ( 'NONE', #4151, 1000.000000000000000 ) ;
#1169 = DIRECTION ( 'NONE',  ( 0.000000000000000000, 0.000000000000000000, 1.000000000000000000 ) ) ;
#1170 = ORIENTED_EDGE ( 'NONE', *, *, #1590, .T. ) ;
#1171 = VECTOR ( 'NONE', #2023, 1000.000000000000000 ) ;
#1172 = VERTEX_POINT ( 'NONE', #1652 ) ;
#1173 = ORIENTED_EDGE ( 'NONE', *, *, #4464, .T. ) ;
#1174 = VECTOR ( 'NONE', #992, 1000.000000000000000 ) ;
#1175 = VECTOR ( 'NONE', #118, 1000.000000000000000 ) ;
#1176 = ADVANCED_FACE ( 'NONE', ( #1620 ), #1679, .F. ) ;
#1177 = CARTESIAN_POINT ( 'NONE',  ( 0.1500000000000003830, 0.04000000000000000083, 1.734723475976807094E-15 ) ) ;
#1178 = CARTESIAN_POINT ( 'NONE',  ( 0.5000000000000000000, -1.659391495380860171, -0.5999999999999998668 ) ) ;
#1179 = CARTESIAN_POINT ( 'NONE',  ( 0.4499999999999951261, 0.1519999999999999962, 0.5999999999999998668 ) ) ;
#1180 = CARTESIAN_POINT ( 'NONE',  ( 0.5000000000000000000, 0.1019999999999929990, 0.1000000000000028644 ) ) ;
#1181 = ORIENTED_EDGE ( 'NONE', *, *, #2223, .T. ) ;
#1182 = ORIENTED_EDGE ( 'NONE', *, *, #1660, .T. ) ;
#1183 = VECTOR ( 'NONE', #2944, 1000.000000000000000 ) ;
#1184 = CARTESIAN_POINT ( 'NONE',  ( 0.4000000000000006328, 0.1019999999999929990, 0.1000000000000028644 ) ) ;
#1185 = ORIENTED_EDGE ( 'NONE', *, *, #4469, .F. ) ;
#1186 = LINE ( 'NONE', #2686, #4088 ) ;
#1187 = EDGE_CURVE ( 'NONE', #4853, #3244, #421, .T. ) ;
#1188 = DIRECTION ( 'NONE',  ( -1.000000000000000000, 0.000000000000000000, 0.000000000000000000 ) ) ;
#1189 = CARTESIAN_POINT ( 'NONE',  ( -0.3999999999999997446, 0.1019999999999929990, -9.275000000000000355 ) ) ;
#1190 = ORIENTED_EDGE ( 'NONE', *, *, #973, .T. ) ;
#1191 = ADVANCED_FACE ( 'NONE', ( #2051 ), #4593, .F. ) ;
#1192 = CARTESIAN_POINT ( 'NONE',  ( 0.1499999999999969136, 0.1019999999999929990, 0.3999999999999993006 ) ) ;
#1193 = CARTESIAN_POINT ( 'NONE',  ( -0.1999999999999992339, 0.1519999999999930018, -9.275000000000000355 ) ) ;
#1194 = VERTEX_POINT ( 'NONE', #59 ) ;
#1195 = ORIENTED_EDGE ( 'NONE', *, *, #3140, .T. ) ;
#1196 = VERTEX_POINT ( 'NONE', #1592 ) ;
#1197 = CARTESIAN_POINT ( 'NONE',  ( -0.09999999999999635569, 0.000000000000000000, -0.5000000000000004441 ) ) ;
#1198 = DIRECTION ( 'NONE',  ( -1.000000000000000000, 0.000000000000000000, 0.000000000000000000 ) ) ;
#1199 = CARTESIAN_POINT ( 'NONE',  ( -0.1999999999999957645, 0.1519999999999999962, -0.5999999999999998668 ) ) ;
#1200 = CARTESIAN_POINT ( 'NONE',  ( -0.4499999999999994560, 0.1519999999999999962, -0.3999999999999993006 ) ) ;
#1201 = VERTEX_POINT ( 'NONE', #3838 ) ;
#1202 = DIRECTION ( 'NONE',  ( 0.000000000000000000, 1.000000000000000000, 0.000000000000000000 ) ) ;
#1203 = ORIENTED_EDGE ( 'NONE', *, *, #686, .T. ) ;
#1204 = CARTESIAN_POINT ( 'NONE',  ( 0.4000000000000006328, 0.04000000000000000083, -0.7249999999999999778 ) ) ;
#1205 = DIRECTION ( 'NONE',  ( 7.047314121155780399E-15, 0.000000000000000000, -1.000000000000000000 ) ) ;
#1206 = LINE ( 'NONE', #2293, #1864 ) ;
#1207 = DIRECTION ( 'NONE',  ( 0.000000000000000000, 0.000000000000000000, 1.000000000000000000 ) ) ;
#1208 = VERTEX_POINT ( 'NONE', #469 ) ;
#1209 = VECTOR ( 'NONE', #2274, 1000.000000000000000 ) ;
#1210 = VECTOR ( 'NONE', #3212, 1000.000000000000000 ) ;
#1211 = DIRECTION ( 'NONE',  ( 0.000000000000000000, -1.000000000000000000, 0.000000000000000000 ) ) ;
#1212 = VECTOR ( 'NONE', #643, 1000.000000000000000 ) ;
#1213 = CARTESIAN_POINT ( 'NONE',  ( -0.3999999999999997446, 0.1019999999999929990, -0.1000000000000028644 ) ) ;
#1214 = VERTEX_POINT ( 'NONE', #3150 ) ;
#1215 = ORIENTED_EDGE ( 'NONE', *, *, #3226, .F. ) ;
#1216 = ORIENTED_EDGE ( 'NONE', *, *, #1590, .F. ) ;
#1217 = AXIS2_PLACEMENT_3D ( 'NONE', #4017, #3719, #4426 ) ;
#1218 = EDGE_CURVE ( 'NONE', #1352, #4527, #491, .T. ) ;
#1219 = AXIS2_PLACEMENT_3D ( 'NONE', #133, #2451, #4613 ) ;
#1220 = DIRECTION ( 'NONE',  ( 0.000000000000000000, 0.000000000000000000, -1.000000000000000000 ) ) ;
#1221 = LINE ( 'NONE', #1305, #2968 ) ;
#1222 = CARTESIAN_POINT ( 'NONE',  ( -0.3999999999999997446, 0.1019999999999921941, 0.7249999999999999778 ) ) ;
#1223 = VECTOR ( 'NONE', #3873, 1000.000000000000000 ) ;
#1224 = LINE ( 'NONE', #872, #4245 ) ;
#1225 = ORIENTED_EDGE ( 'NONE', *, *, #2287, .F. ) ;
#1226 = ORIENTED_EDGE ( 'NONE', *, *, #2317, .F. ) ;
#1227 = EDGE_CURVE ( 'NONE', #3968, #2536, #3546, .T. ) ;
#1228 = DIRECTION ( 'NONE',  ( -1.000000000000000000, -1.355252715606880049E-16, -7.047314121155780399E-15 ) ) ;
#1229 =( NAMED_UNIT ( * ) PLANE_ANGLE_UNIT ( ) SI_UNIT ( $, .RADIAN. ) );
#1230 = ORIENTED_EDGE ( 'NONE', *, *, #4724, .F. ) ;
#1231 = DIRECTION ( 'NONE',  ( -3.659182332138575098E-15, 0.000000000000000000, 1.000000000000000000 ) ) ;
#1232 = LINE ( 'NONE', #2741, #1663 ) ;
#1233 = EDGE_CURVE ( 'NONE', #1339, #3904, #4620, .T. ) ;
#1234 = EDGE_CURVE ( 'NONE', #3131, #3278, #1967, .T. ) ;
#1235 = LINE ( 'NONE', #4512, #2108 ) ;
#1236 = DIRECTION ( 'NONE',  ( -1.000000000000000000, -1.355252715606880049E-16, -7.002139030635550521E-15 ) ) ;
#1237 = EDGE_CURVE ( 'NONE', #2427, #849, #4230, .T. ) ;
#1238 = LINE ( 'NONE', #4194, #3168 ) ;
#1239 = CARTESIAN_POINT ( 'NONE',  ( 0.4500000000000002887, 0.1019999999999999934, -0.3999999999999993006 ) ) ;
#1240 = EDGE_LOOP ( 'NONE', ( #545, #3481, #2806, #3336 ) ) ;
#1241 = EDGE_CURVE ( 'NONE', #522, #1273, #138, .T. ) ;
#1242 = DIRECTION ( 'NONE',  ( 0.000000000000000000, -1.000000000000000000, 0.000000000000000000 ) ) ;
#1243 = CARTESIAN_POINT ( 'NONE',  ( 0.4500000000000002887, 0.1519999999999999962, -0.3999999999999993006 ) ) ;
#1244 = CARTESIAN_POINT ( 'NONE',  ( -0.1999999999999992339, 0.1519999999999999962, -0.5999999999999998668 ) ) ;
#1245 = VERTEX_POINT ( 'NONE', #83 ) ;
#1246 = ORIENTED_EDGE ( 'NONE', *, *, #1710, .F. ) ;
#1247 = VERTEX_POINT ( 'NONE', #1213 ) ;
#1248 = DIRECTION ( 'NONE',  ( -1.000000000000000000, 0.000000000000000000, 7.589415207398529460E-15 ) ) ;
#1249 = DIRECTION ( 'NONE',  ( 0.000000000000000000, 1.000000000000000000, 0.000000000000000000 ) ) ;
#1250 = ORIENTED_EDGE ( 'NONE', *, *, #2818, .F. ) ;
#1251 = LINE ( 'NONE', #4135, #2036 ) ;
#1252 = CARTESIAN_POINT ( 'NONE',  ( -0.4499999999999994560, 0.000000000000000000, -0.3999999999999993006 ) ) ;
#1253 = VERTEX_POINT ( 'NONE', #2725 ) ;
#1254 = CIRCLE ( 'NONE', #1490, 0.09999999999999999167 ) ;
#1255 = EDGE_LOOP ( 'NONE', ( #1439, #1098, #439, #3800 ) ) ;
#1256 = VECTOR ( 'NONE', #3980, 1000.000000000000000 ) ;
#1257 = ADVANCED_FACE ( 'NONE', ( #3517 ), #3864, .F. ) ;
#1258 = DIRECTION ( 'NONE',  ( -1.000000000000000000, 0.000000000000000000, 0.000000000000000000 ) ) ;
#1259 = ORIENTED_EDGE ( 'NONE', *, *, #2186, .F. ) ;
#1260 = CARTESIAN_POINT ( 'NONE',  ( -0.4999999999999991673, 0.1019999999999999934, -0.3999999999999993006 ) ) ;
#1261 = CARTESIAN_POINT ( 'NONE',  ( 0.2000000000000000944, 0.1519999999999999962, -0.3999999999999993006 ) ) ;
#1262 = ORIENTED_EDGE ( 'NONE', *, *, #1768, .T. ) ;
#1263 = PLANE ( 'NONE',  #127 ) ;
#1264 = DIRECTION ( 'NONE',  ( 4.336808689942135079E-16, 0.000000000000000000, 1.000000000000000000 ) ) ;
#1265 = DIRECTION ( 'NONE',  ( 1.355252715606880049E-16, -1.000000000000000000, 0.000000000000000000 ) ) ;
#1266 = DIRECTION ( 'NONE',  ( -7.047314121155780399E-15, -1.355252715606882022E-16, 1.000000000000000000 ) ) ;
#1267 = ORIENTED_EDGE ( 'NONE', *, *, #3848, .F. ) ;
#1268 = EDGE_CURVE ( 'NONE', #1594, #3263, #2379, .T. ) ;
#1269 = VECTOR ( 'NONE', #833, 1000.000000000000000 ) ;
#1270 = LINE ( 'NONE', #4671, #3279 ) ;
#1271 = ADVANCED_FACE ( 'NONE', ( #4743 ), #1796, .F. ) ;
#1272 = CARTESIAN_POINT ( 'NONE',  ( -0.4999999999999991673, 0.5000000000000000000, -0.7249999999999999778 ) ) ;
#1273 = VERTEX_POINT ( 'NONE', #212 ) ;
#1274 = LINE ( 'NONE', #140, #2018 ) ;
#1275 = ORIENTED_EDGE ( 'NONE', *, *, #2909, .T. ) ;
#1276 = EDGE_CURVE ( 'NONE', #2876, #1830, #4722, .T. ) ;
#1277 = ORIENTED_EDGE ( 'NONE', *, *, #2124, .T. ) ;
#1278 = LINE ( 'NONE', #1353, #3457 ) ;
#1279 = CARTESIAN_POINT ( 'NONE',  ( 0.4500000000000002887, 0.1519999999999999962, -0.3999999999999993006 ) ) ;
#1280 = ORIENTED_EDGE ( 'NONE', *, *, #295, .F. ) ;
#1281 = LINE ( 'NONE', #4320, #4213 ) ;
#1282 = CARTESIAN_POINT ( 'NONE',  ( -0.1000000000000032946, 0.1519999999999999962, -0.3999999999999993006 ) ) ;
#1283 = ORIENTED_EDGE ( 'NONE', *, *, #413, .F. ) ;
#1284 = EDGE_LOOP ( 'NONE', ( #2862, #2622, #1440, #1325 ) ) ;
#1285 = DIRECTION ( 'NONE',  ( 0.000000000000000000, -1.000000000000000000, 0.000000000000000000 ) ) ;
#1286 = DIRECTION ( 'NONE',  ( 1.355252715606880049E-16, -1.000000000000000000, 0.000000000000000000 ) ) ;
#1287 = CARTESIAN_POINT ( 'NONE',  ( -0.1999999999999992339, 0.1019999999999924023, 0.7249999999999999778 ) ) ;
#1288 = ORIENTED_EDGE ( 'NONE', *, *, #4877, .T. ) ;
#1289 = CARTESIAN_POINT ( 'NONE',  ( -4.336808689942017736E-16, 0.000000000000000000, 0.000000000000000000 ) ) ;
#1290 = EDGE_CURVE ( 'NONE', #4202, #2760, #574, .T. ) ;
#1291 = ORIENTED_EDGE ( 'NONE', *, *, #4608, .T. ) ;
#1292 = CARTESIAN_POINT ( 'NONE',  ( -0.1500000000000029921, 0.1519999999999999962, 0.3999999999999993006 ) ) ;
#1293 = DIRECTION ( 'NONE',  ( 0.000000000000000000, -1.000000000000000000, 0.000000000000000000 ) ) ;
#1294 = DIRECTION ( 'NONE',  ( 0.000000000000000000, -1.000000000000000000, 0.000000000000000000 ) ) ;
#1295 = CARTESIAN_POINT ( 'NONE',  ( 0.2000000000000000944, -1.659391495380860171, 0.5999999999999998668 ) ) ;
#1296 = ORIENTED_EDGE ( 'NONE', *, *, #3497, .T. ) ;
#1297 = CARTESIAN_POINT ( 'NONE',  ( 0.2000000000000000944, 0.1519999999999930018, -9.275000000000000355 ) ) ;
#1298 = ORIENTED_EDGE ( 'NONE', *, *, #3852, .T. ) ;
#1299 = ORIENTED_EDGE ( 'NONE', *, *, #1435, .F. ) ;
#1300 = ORIENTED_EDGE ( 'NONE', *, *, #3883, .F. ) ;
#1301 = VECTOR ( 'NONE', #2974, 1000.000000000000000 ) ;
#1302 = VECTOR ( 'NONE', #3878, 1000.000000000000000 ) ;
#1303 = PLANE ( 'NONE',  #2667 ) ;
#1304 = EDGE_CURVE ( 'NONE', #1314, #4283, #1369, .T. ) ;
#1305 = CARTESIAN_POINT ( 'NONE',  ( 0.4000000000000006328, -1.659391495380860171, -0.7249999999999999778 ) ) ;
#1306 = ORIENTED_EDGE ( 'NONE', *, *, #2296, .T. ) ;
#1307 = PLANE ( 'NONE',  #4068 ) ;
#1308 = CARTESIAN_POINT ( 'NONE',  ( 0.1500000000000003830, 0.04000000000000000083, -0.09999999999999939493 ) ) ;
#1309 = ORIENTED_EDGE ( 'NONE', *, *, #402, .F. ) ;
#1310 = AXIS2_PLACEMENT_3D ( 'NONE', #2013, #738, #518 ) ;
#1311 = VECTOR ( 'NONE', #3315, 1000.000000000000000 ) ;
#1312 = EDGE_CURVE ( 'NONE', #2607, #1471, #2140, .T. ) ;
#1313 = LINE ( 'NONE', #2008, #806 ) ;
#1314 = VERTEX_POINT ( 'NONE', #3666 ) ;
#1315 = VECTOR ( 'NONE', #1637, 1000.000000000000000 ) ;
#1316 = ORIENTED_EDGE ( 'NONE', *, *, #3875, .T. ) ;
#1317 = SURFACE_SIDE_STYLE ('',( #1344 ) ) ;
#1318 = LINE ( 'NONE', #3587, #1940 ) ;
#1319 = FACE_OUTER_BOUND ( 'NONE', #2106, .T. ) ;
#1320 = CARTESIAN_POINT ( 'NONE',  ( 0.4500000000000002887, 0.1519999999999999962, -0.09999999999999592548 ) ) ;
#1321 = AXIS2_PLACEMENT_3D ( 'NONE', #2213, #396, #4513 ) ;
#1322 = FACE_OUTER_BOUND ( 'NONE', #4475, .T. ) ;
#1323 = CARTESIAN_POINT ( 'NONE',  ( -0.4999999999999991673, 0.1519999999999964990, -0.09999999999999592548 ) ) ;
#1324 = CARTESIAN_POINT ( 'NONE',  ( 0.1500000000000003830, 0.1019999999999999934, -0.5999999999999998668 ) ) ;
#1325 = ORIENTED_EDGE ( 'NONE', *, *, #1406, .T. ) ;
#1326 = ORIENTED_EDGE ( 'NONE', *, *, #1846, .F. ) ;
#1327 = CARTESIAN_POINT ( 'NONE',  ( 0.4000000000000006328, 0.1019999999999929990, 0.3999999999999993006 ) ) ;
#1328 = DIRECTION ( 'NONE',  ( -1.000000000000000000, 0.000000000000000000, -6.866613759074860889E-15 ) ) ;
#1329 = DIRECTION ( 'NONE',  ( -1.000000000000000000, 0.000000000000000000, 0.000000000000000000 ) ) ;
#1330 = CARTESIAN_POINT ( 'NONE',  ( -0.4999999999999991673, 0.1519999999999999962, -0.5999999999999998668 ) ) ;
#1331 = ORIENTED_EDGE ( 'NONE', *, *, #4355, .F. ) ;
#1332 = ORIENTED_EDGE ( 'NONE', *, *, #3381, .T. ) ;
#1333 = EDGE_CURVE ( 'NONE', #2535, #387, #4033, .T. ) ;
#1334 = EDGE_CURVE ( 'NONE', #1781, #18, #2874, .T. ) ;
#1335 = DIRECTION ( 'NONE',  ( -1.084202172485504040E-15, 1.000000000000000000, 0.000000000000000000 ) ) ;
#1336 = VECTOR ( 'NONE', #143, 1000.000000000000000 ) ;
#1337 = LINE ( 'NONE', #2066, #1341 ) ;
#1338 = SURFACE_STYLE_FILL_AREA ( #4414 ) ;
#1339 = VERTEX_POINT ( 'NONE', #280 ) ;
#1340 = VECTOR ( 'NONE', #2298, 1000.000000000000000 ) ;
#1341 = VECTOR ( 'NONE', #2111, 1000.000000000000000 ) ;
#1342 = EDGE_CURVE ( 'NONE', #3714, #4268, #257, .T. ) ;
#1343 = ORIENTED_EDGE ( 'NONE', *, *, #2674, .T. ) ;
#1344 = SURFACE_STYLE_FILL_AREA ( #4691 ) ;
#1345 = CARTESIAN_POINT ( 'NONE',  ( 0.2000000000000000944, 0.1519999999999999962, -0.3999999999999993006 ) ) ;
#1346 = DIRECTION ( 'NONE',  ( 0.000000000000000000, 0.000000000000000000, 1.000000000000000000 ) ) ;
#1347 = EDGE_CURVE ( 'NONE', #602, #281, #2527, .T. ) ;
#1348 = VECTOR ( 'NONE', #3316, 1000.000000000000000 ) ;
#1349 = CARTESIAN_POINT ( 'NONE',  ( 0.5000000000000000000, 0.1019999999999963991, -0.09999999999999592548 ) ) ;
#1350 = DIRECTION ( 'NONE',  ( -1.000000000000000000, 0.000000000000000000, 0.000000000000000000 ) ) ;
#1351 = ORIENTED_EDGE ( 'NONE', *, *, #2358, .F. ) ;
#1352 = VERTEX_POINT ( 'NONE', #3943 ) ;
#1353 = CARTESIAN_POINT ( 'NONE',  ( -0.1500000000000029921, 0.1519999999999999962, 0.3999999999999993006 ) ) ;
#1354 = CARTESIAN_POINT ( 'NONE',  ( -0.1499999999999995226, 0.000000000000000000, 0.09999999999999939493 ) ) ;
#1355 = DIRECTION ( 'NONE',  ( -1.000000000000000000, 0.000000000000000000, 0.000000000000000000 ) ) ;
#1356 = CARTESIAN_POINT ( 'NONE',  ( -0.3999999999999997446, 0.1019999999999925966, 0.7249999999999999778 ) ) ;
#1357 = ORIENTED_EDGE ( 'NONE', *, *, #2727, .F. ) ;
#1358 = ORIENTED_EDGE ( 'NONE', *, *, #2155, .T. ) ;
#1359 = EDGE_CURVE ( 'NONE', #3938, #3932, #4352, .T. ) ;
#1360 = LINE ( 'NONE', #1407, #2098 ) ;
#1361 = DIRECTION ( 'NONE',  ( 0.000000000000000000, -1.355252715606882022E-16, 1.000000000000000000 ) ) ;
#1362 = EDGE_CURVE ( 'NONE', #2241, #1149, #3224, .T. ) ;
#1363 = EDGE_LOOP ( 'NONE', ( #1357, #1002, #591, #4319 ) ) ;
#1364 = ORIENTED_EDGE ( 'NONE', *, *, #2150, .T. ) ;
#1365 = CARTESIAN_POINT ( 'NONE',  ( -0.4499999999999994560, 0.1519999999999999962, -0.1000000000000028644 ) ) ;
#1366 = ORIENTED_EDGE ( 'NONE', *, *, #3158, .F. ) ;
#1367 = CARTESIAN_POINT ( 'NONE',  ( 0.4000000000000006328, 0.1019999999999929990, -9.275000000000000355 ) ) ;
#1368 = CARTESIAN_POINT ( 'NONE',  ( -0.4999999999999991673, 0.1519999999999930018, -0.7249999999999999778 ) ) ;
#1369 = LINE ( 'NONE', #1765, #3976 ) ;
#1370 = VERTEX_POINT ( 'NONE', #2096 ) ;
#1371 = EDGE_LOOP ( 'NONE', ( #2234, #477, #1091, #1633 ) ) ;
#1372 = CARTESIAN_POINT ( 'NONE',  ( -0.1999999999999992339, 0.1019999999999929990, -9.275000000000000355 ) ) ;
#1373 = CARTESIAN_POINT ( 'NONE',  ( -0.4499999999999994560, 0.000000000000000000, 0.5999999999999998668 ) ) ;
#1374 = CARTESIAN_POINT ( 'NONE',  ( 0.4500000000000002887, 0.1519999999999999962, 0.1000000000000028644 ) ) ;
#1375 = CARTESIAN_POINT ( 'NONE',  ( 0.4000000000000006328, 0.1519999999999930018, -9.275000000000000355 ) ) ;
#1376 = VECTOR ( 'NONE', #171, 1000.000000000000000 ) ;
#1377 = ORIENTED_EDGE ( 'NONE', *, *, #345, .F. ) ;
#1378 = ORIENTED_EDGE ( 'NONE', *, *, #1453, .T. ) ;
#1379 = MANIFOLD_SOLID_BREP ( 'NONE', #2032 ) ;
#1380 = VECTOR ( 'NONE', #1010, 1000.000000000000000 ) ;
#1381 = LINE ( 'NONE', #1756, #584 ) ;
#1382 = LINE ( 'NONE', #4025, #1740 ) ;
#1383 = DIRECTION ( 'NONE',  ( 0.000000000000000000, 1.000000000000000000, 0.000000000000000000 ) ) ;
#1384 = ORIENTED_EDGE ( 'NONE', *, *, #1560, .T. ) ;
#1385 = VECTOR ( 'NONE', #1744, 1000.000000000000000 ) ;
#1386 = AXIS2_PLACEMENT_3D ( 'NONE', #2459, #190, #2860 ) ;
#1387 = VECTOR ( 'NONE', #132, 1000.000000000000000 ) ;
#1388 = VECTOR ( 'NONE', #2582, 1000.000000000000000 ) ;
#1389 = ORIENTED_EDGE ( 'NONE', *, *, #1720, .T. ) ;
#1390 = PLANE ( 'NONE',  #420 ) ;
#1391 = DIRECTION ( 'NONE',  ( 7.589415207398540504E-15, -1.355252715606882022E-16, 1.000000000000000000 ) ) ;
#1392 = VECTOR ( 'NONE', #451, 1000.000000000000000 ) ;
#1393 = ADVANCED_FACE ( 'NONE', ( #994 ), #3967, .T. ) ;
#1394 = EDGE_CURVE ( 'NONE', #4603, #2669, #2208, .T. ) ;
#1395 = LINE ( 'NONE', #1368, #983 ) ;
#1396 = DIRECTION ( 'NONE',  ( 0.000000000000000000, -1.000000000000000000, 0.000000000000000000 ) ) ;
#1397 = VERTEX_POINT ( 'NONE', #2248 ) ;
#1398 = VECTOR ( 'NONE', #4841, 1000.000000000000000 ) ;
#1399 = VERTEX_POINT ( 'NONE', #4816 ) ;
#1400 = CARTESIAN_POINT ( 'NONE',  ( -0.4999999999999991673, 0.1019999999999921941, -0.5999999999999998668 ) ) ;
#1401 = CARTESIAN_POINT ( 'NONE',  ( -0.4999999999999991673, 0.1519999999999999962, -0.3999999999999993006 ) ) ;
#1402 = DIRECTION ( 'NONE',  ( -1.000000000000000000, 0.000000000000000000, -6.866613759074860889E-15 ) ) ;
#1403 = CARTESIAN_POINT ( 'NONE',  ( 0.4000000000000006328, 0.1019999999999929990, -0.7249999999999999778 ) ) ;
#1404 = ORIENTED_EDGE ( 'NONE', *, *, #1973, .F. ) ;
#1405 = ORIENTED_EDGE ( 'NONE', *, *, #1962, .T. ) ;
#1406 = EDGE_CURVE ( 'NONE', #2129, #4087, #25, .T. ) ;
#1407 = CARTESIAN_POINT ( 'NONE',  ( -0.1999999999999992339, 0.1019999999999929990, 0.7249999999999999778 ) ) ;
#1408 = LINE ( 'NONE', #2197, #354 ) ;
#1409 = VERTEX_POINT ( 'NONE', #1839 ) ;
#1410 = EDGE_CURVE ( 'NONE', #2808, #4708, #1037, .T. ) ;
#1411 = CARTESIAN_POINT ( 'NONE',  ( -0.1500000000000029921, 0.1519999999999999962, 0.3999999999999993006 ) ) ;
#1412 = ORIENTED_EDGE ( 'NONE', *, *, #4063, .T. ) ;
#1413 = VECTOR ( 'NONE', #2328, 1000.000000000000000 ) ;
#1414 = PLANE ( 'NONE',  #1782 ) ;
#1415 = ORIENTED_EDGE ( 'NONE', *, *, #67, .F. ) ;
#1416 = VECTOR ( 'NONE', #378, 1000.000000000000000 ) ;
#1417 = LINE ( 'NONE', #256, #1625 ) ;
#1418 = ORIENTED_EDGE ( 'NONE', *, *, #4335, .F. ) ;
#1419 = EDGE_CURVE ( 'NONE', #873, #4707, #2993, .T. ) ;
#1420 = ORIENTED_EDGE ( 'NONE', *, *, #1484, .F. ) ;
#1421 = ORIENTED_EDGE ( 'NONE', *, *, #4150, .T. ) ;
#1422 = EDGE_CURVE ( 'NONE', #94, #839, #368, .T. ) ;
#1423 = CARTESIAN_POINT ( 'NONE',  ( 0.4000000000000006328, 0.1519999999999930018, 0.5999999999999998668 ) ) ;
#1424 = CARTESIAN_POINT ( 'NONE',  ( 0.2000000000000000944, 0.1519999999999930018, 0.7249999999999999778 ) ) ;
#1425 = FACE_OUTER_BOUND ( 'NONE', #1668, .T. ) ;
#1426 = DIRECTION ( 'NONE',  ( 0.000000000000000000, 1.000000000000000000, 0.000000000000000000 ) ) ;
#1427 = ORIENTED_EDGE ( 'NONE', *, *, #3337, .F. ) ;
#1428 = VERTEX_POINT ( 'NONE', #2546 ) ;
#1429 = LINE ( 'NONE', #1004, #731 ) ;
#1430 = DIRECTION ( 'NONE',  ( 0.000000000000000000, 0.000000000000000000, 1.000000000000000000 ) ) ;
#1431 = VERTEX_POINT ( 'NONE', #1511 ) ;
#1432 = PRODUCT_DEFINITION ( 'UNKNOWN', '', #391, #1553 ) ;
#1433 = DIRECTION ( 'NONE',  ( 0.000000000000000000, -1.000000000000000000, 0.000000000000000000 ) ) ;
#1434 = LINE ( 'NONE', #2543, #4127 ) ;
#1435 = EDGE_CURVE ( 'NONE', #4283, #1711, #2572, .T. ) ;
#1436 = LINE ( 'NONE', #3358, #1454 ) ;
#1437 = EDGE_CURVE ( 'NONE', #753, #1544, #1438, .T. ) ;
#1438 = LINE ( 'NONE', #2227, #1183 ) ;
#1439 = ORIENTED_EDGE ( 'NONE', *, *, #4804, .F. ) ;
#1440 = ORIENTED_EDGE ( 'NONE', *, *, #3334, .T. ) ;
#1441 = CARTESIAN_POINT ( 'NONE',  ( -0.4999999999999991673, 0.04000000000000000083, 0.7249999999999999778 ) ) ;
#1442 = CARTESIAN_POINT ( 'NONE',  ( -0.4499999999999994560, 0.1019999999999925966, -0.09999999999999592548 ) ) ;
#1443 = DIRECTION ( 'NONE',  ( -1.000000000000000000, -1.355252715606880049E-16, 5.949559421514200533E-14 ) ) ;
#1444 = LINE ( 'NONE', #2804, #1413 ) ;
#1445 = ORIENTED_EDGE ( 'NONE', *, *, #2827, .F. ) ;
#1446 = ORIENTED_EDGE ( 'NONE', *, *, #523, .T. ) ;
#1447 = EDGE_CURVE ( 'NONE', #2027, #470, #322, .T. ) ;
#1448 = ORIENTED_EDGE ( 'NONE', *, *, #2630, .T. ) ;
#1449 = LINE ( 'NONE', #2957, #2492 ) ;
#1450 = EDGE_CURVE ( 'NONE', #1952, #812, #1868, .T. ) ;
#1451 = VERTEX_POINT ( 'NONE', #2967 ) ;
#1452 = VECTOR ( 'NONE', #3283, 1000.000000000000000 ) ;
#1453 = EDGE_CURVE ( 'NONE', #492, #881, #666, .T. ) ;
#1454 = VECTOR ( 'NONE', #2940, 1000.000000000000000 ) ;
#1455 = LINE ( 'NONE', #4435, #1463 ) ;
#1456 = ORIENTED_EDGE ( 'NONE', *, *, #1806, .F. ) ;
#1457 = LINE ( 'NONE', #2225, #4765 ) ;
#1458 = CARTESIAN_POINT ( 'NONE',  ( -0.3999999999999997446, 0.1019999999999929990, -0.5999999999999998668 ) ) ;
#1459 = VECTOR ( 'NONE', #4721, 1000.000000000000000 ) ;
#1460 = AXIS2_PLACEMENT_3D ( 'NONE', #1292, #1205, #157 ) ;
#1461 = VECTOR ( 'NONE', #1152, 1000.000000000000000 ) ;
#1462 = CARTESIAN_POINT ( 'NONE',  ( 0.4000000000000006328, 0.1519999999999999962, 0.3999999999999993006 ) ) ;
#1463 = VECTOR ( 'NONE', #1835, 1000.000000000000000 ) ;
#1464 = EDGE_LOOP ( 'NONE', ( #2751, #1195, #4802, #1299 ) ) ;
#1465 = DIRECTION ( 'NONE',  ( 0.000000000000000000, 0.000000000000000000, 1.000000000000000000 ) ) ;
#1466 = DIRECTION ( 'NONE',  ( 0.000000000000000000, 0.000000000000000000, 1.000000000000000000 ) ) ;
#1467 = DIRECTION ( 'NONE',  ( 0.000000000000000000, 1.000000000000000000, 0.000000000000000000 ) ) ;
#1468 = ADVANCED_FACE ( 'NONE', ( #1089 ), #1487, .T. ) ;
#1469 = LINE ( 'NONE', #2597, #4052 ) ;
#1470 = EDGE_LOOP ( 'NONE', ( #3798, #3187, #1139, #1897 ) ) ;
#1471 = VERTEX_POINT ( 'NONE', #1063 ) ;
#1472 = CARTESIAN_POINT ( 'NONE',  ( -0.4999999999999991673, 0.1019999999999963991, -0.09999999999999592548 ) ) ;
#1473 = DIRECTION ( 'NONE',  ( 1.000000000000000000, 1.355252715606880049E-16, 0.000000000000000000 ) ) ;
#1474 = CARTESIAN_POINT ( 'NONE',  ( 0.4500000000000002887, 0.1519999999999999962, -0.3999999999999993006 ) ) ;
#1475 = ORIENTED_EDGE ( 'NONE', *, *, #1422, .T. ) ;
#1476 = ADVANCED_FACE ( 'NONE', ( #4100 ), #3387, .F. ) ;
#1477 = EDGE_CURVE ( 'NONE', #4423, #805, #710, .T. ) ;
#1478 = ORIENTED_EDGE ( 'NONE', *, *, #1268, .T. ) ;
#1479 = EDGE_CURVE ( 'NONE', #2291, #2295, #3361, .T. ) ;
#1480 = CARTESIAN_POINT ( 'NONE',  ( -0.1499999999999995226, 0.1019999999999929990, 0.09999999999999939493 ) ) ;
#1481 = ORIENTED_EDGE ( 'NONE', *, *, #4177, .F. ) ;
#1482 = DIRECTION ( 'NONE',  ( 0.000000000000000000, 1.000000000000000000, 0.000000000000000000 ) ) ;
#1483 = DIRECTION ( 'NONE',  ( 0.000000000000000000, -1.000000000000000000, 0.000000000000000000 ) ) ;
#1484 = EDGE_CURVE ( 'NONE', #3922, #2163, #4148, .T. ) ;
#1485 = DIRECTION ( 'NONE',  ( 7.047314121155780399E-15, 0.000000000000000000, -1.000000000000000000 ) ) ;
#1486 = VECTOR ( 'NONE', #1923, 1000.000000000000000 ) ;
#1487 = PLANE ( 'NONE',  #4805 ) ;
#1488 = AXIS2_PLACEMENT_3D ( 'NONE', #3120, #107, #1242 ) ;
#1489 = VERTEX_POINT ( 'NONE', #3 ) ;
#1490 = AXIS2_PLACEMENT_3D ( 'NONE', #4798, #3627, #325 ) ;
#1491 = CARTESIAN_POINT ( 'NONE',  ( 0.1499999999999951927, 0.1019999999999929990, 0.5999999999999998668 ) ) ;
#1492 = DIRECTION ( 'NONE',  ( -7.047314121155780399E-15, 0.000000000000000000, 1.000000000000000000 ) ) ;
#1493 = LINE ( 'NONE', #765, #690 ) ;
#1494 = EDGE_LOOP ( 'NONE', ( #2651, #1928, #3657, #1595, #4416, #4485, #3742, #3413, #2309, #1173, #3357, #271, #1300, #796, #1280, #3740, #612, #1288, #503, #2901 ) ) ;
#1495 = ORIENTED_EDGE ( 'NONE', *, *, #2737, .F. ) ;
#1496 = ORIENTED_EDGE ( 'NONE', *, *, #611, .T. ) ;
#1497 = ADVANCED_FACE ( 'NONE', ( #761 ), #3014, .T. ) ;
#1498 = LINE ( 'NONE', #403, #1564 ) ;
#1499 = CARTESIAN_POINT ( 'NONE',  ( 0.4000000000000006328, 0.1019999999999929990, -9.275000000000000355 ) ) ;
#1500 = DIRECTION ( 'NONE',  ( 0.000000000000000000, 0.000000000000000000, -1.000000000000000000 ) ) ;
#1501 = FACE_BOUND ( 'NONE', #2752, .T. ) ;
#1502 = ORIENTED_EDGE ( 'NONE', *, *, #2065, .T. ) ;
#1503 = ORIENTED_EDGE ( 'NONE', *, *, #563, .F. ) ;
#1504 = EDGE_CURVE ( 'NONE', #2960, #139, #2187, .T. ) ;
#1505 = AXIS2_PLACEMENT_3D ( 'NONE', #520, #1265, #3508 ) ;
#1506 = CARTESIAN_POINT ( 'NONE',  ( 0.2000000000000000944, 0.1519999999999930018, -9.275000000000000355 ) ) ;
#1507 = ORIENTED_EDGE ( 'NONE', *, *, #3090, .T. ) ;
#1508 = CARTESIAN_POINT ( 'NONE',  ( 0.2000000000000000944, 0.1519999999999999962, 0.1000000000000028644 ) ) ;
#1509 = CARTESIAN_POINT ( 'NONE',  ( -0.3999999999999997446, 0.1519999999999930018, -0.7249999999999999778 ) ) ;
#1510 = CARTESIAN_POINT ( 'NONE',  ( 0.2000000000000000944, 0.1519999999999999962, -0.09999999999999592548 ) ) ;
#1511 = CARTESIAN_POINT ( 'NONE',  ( -0.1999999999999992339, 0.1519999999999999962, -0.5999999999999998668 ) ) ;
#1512 = VERTEX_POINT ( 'NONE', #3435 ) ;
#1513 = DIRECTION ( 'NONE',  ( 0.000000000000000000, 1.000000000000000000, 0.000000000000000000 ) ) ;
#1514 = CARTESIAN_POINT ( 'NONE',  ( 0.2000000000000000944, 0.1019999999999963991, -0.09999999999999592548 ) ) ;
#1515 = PLANE ( 'NONE',  #137 ) ;
#1516 = CARTESIAN_POINT ( 'NONE',  ( 0.4500000000000002887, 0.04000000000000000083, 3.469446951953614189E-15 ) ) ;
#1517 = CARTESIAN_POINT ( 'NONE',  ( 0.4000000000000006328, 0.1019999999999929990, -9.275000000000000355 ) ) ;
#1518 = ORIENTED_EDGE ( 'NONE', *, *, #3794, .T. ) ;
#1519 = ORIENTED_EDGE ( 'NONE', *, *, #44, .T. ) ;
#1520 = VERTEX_POINT ( 'NONE', #1588 ) ;
#1521 = CARTESIAN_POINT ( 'NONE',  ( -0.4499999999999994560, 0.04000000000000000083, 3.469446951953614189E-15 ) ) ;
#1522 = ORIENTED_EDGE ( 'NONE', *, *, #3065, .F. ) ;
#1523 = LINE ( 'NONE', #1950, #1461 ) ;
#1524 = DIRECTION ( 'NONE',  ( 0.000000000000000000, -1.000000000000000000, 0.000000000000000000 ) ) ;
#1525 = VERTEX_POINT ( 'NONE', #782 ) ;
#1526 = ORIENTED_EDGE ( 'NONE', *, *, #1760, .F. ) ;
#1527 = DIRECTION ( 'NONE',  ( 0.000000000000000000, 0.000000000000000000, 1.000000000000000000 ) ) ;
#1528 = ORIENTED_EDGE ( 'NONE', *, *, #2818, .T. ) ;
#1529 = FACE_BOUND ( 'NONE', #3669, .T. ) ;
#1530 = LINE ( 'NONE', #1642, #3854 ) ;
#1531 = VECTOR ( 'NONE', #4801, 1000.000000000000000 ) ;
#1532 = AXIS2_PLACEMENT_3D ( 'NONE', #2568, #4076, #2523 ) ;
#1533 = FACE_OUTER_BOUND ( 'NONE', #3251, .T. ) ;
#1534 = CARTESIAN_POINT ( 'NONE',  ( 0.4000000000000006328, 0.1519999999999999962, 0.1000000000000028644 ) ) ;
#1535 = VERTEX_POINT ( 'NONE', #1613 ) ;
#1536 = VECTOR ( 'NONE', #1936, 1000.000000000000000 ) ;
#1537 = EDGE_CURVE ( 'NONE', #3070, #4652, #3832, .T. ) ;
#1538 = EDGE_CURVE ( 'NONE', #3982, #2105, #1238, .T. ) ;
#1539 = VECTOR ( 'NONE', #3887, 1000.000000000000000 ) ;
#1540 = CARTESIAN_POINT ( 'NONE',  ( -0.4999999999999991673, 0.1019999999999929990, 0.3999999999999993006 ) ) ;
#1541 = CARTESIAN_POINT ( 'NONE',  ( 0.1500000000000003830, 0.1019999999999999934, -0.3999999999999993006 ) ) ;
#1542 = VECTOR ( 'NONE', #3879, 1000.000000000000000 ) ;
#1543 = PLANE ( 'NONE',  #3459 ) ;
#1544 = VERTEX_POINT ( 'NONE', #3480 ) ;
#1545 = AXIS2_PLACEMENT_3D ( 'NONE', #3348, #4550, #4454 ) ;
#1546 = EDGE_LOOP ( 'NONE', ( #3741, #1389, #1296, #4289 ) ) ;
#1547 = DIRECTION ( 'NONE',  ( 0.000000000000000000, -1.000000000000000000, 0.000000000000000000 ) ) ;
#1548 = CARTESIAN_POINT ( 'NONE',  ( 0.5000000000000000000, 0.04000000000000000083, 0.7249999999999999778 ) ) ;
#1549 = FACE_OUTER_BOUND ( 'NONE', #3277, .T. ) ;
#1550 = FACE_BOUND ( 'NONE', #825, .T. ) ;
#1551 = VERTEX_POINT ( 'NONE', #2294 ) ;
#1552 = ORIENTED_EDGE ( 'NONE', *, *, #1113, .T. ) ;
#1553 = PRODUCT_DEFINITION_CONTEXT ( 'detailed design', #4120, 'design' ) ;
#1554 = VECTOR ( 'NONE', #4747, 1000.000000000000000 ) ;
#1555 = EDGE_CURVE ( 'NONE', #18, #1245, #415, .T. ) ;
#1556 = CARTESIAN_POINT ( 'NONE',  ( -0.3999999999999997446, 0.1519999999999999962, 0.5999999999999998668 ) ) ;
#1557 = ORIENTED_EDGE ( 'NONE', *, *, #2006, .T. ) ;
#1558 = LINE ( 'NONE', #3137, #3744 ) ;
#1559 = LINE ( 'NONE', #1160, #4477 ) ;
#1560 = EDGE_CURVE ( 'NONE', #4187, #214, #2373, .T. ) ;
#1561 = CARTESIAN_POINT ( 'NONE',  ( 0.4000000000000006328, 0.1519999999999999962, -0.3999999999999993006 ) ) ;
#1562 = LINE ( 'NONE', #103, #4269 ) ;
#1563 = EDGE_LOOP ( 'NONE', ( #1874, #1101, #2364, #207 ) ) ;
#1564 = VECTOR ( 'NONE', #1220, 1000.000000000000000 ) ;
#1565 = DIRECTION ( 'NONE',  ( -1.000000000000000000, 0.000000000000000000, 0.000000000000000000 ) ) ;
#1566 = LINE ( 'NONE', #2326, #3823 ) ;
#1567 = VECTOR ( 'NONE', #4254, 1000.000000000000000 ) ;
#1568 = DIRECTION ( 'NONE',  ( -1.000000000000000000, 0.000000000000000000, -6.866613759074860889E-15 ) ) ;
#1569 = ORIENTED_EDGE ( 'NONE', *, *, #3886, .F. ) ;
#1570 = VECTOR ( 'NONE', #4570, 1000.000000000000000 ) ;
#1571 = VERTEX_POINT ( 'NONE', #803 ) ;
#1572 = ORIENTED_EDGE ( 'NONE', *, *, #1768, .F. ) ;
#1573 = AXIS2_PLACEMENT_3D ( 'NONE', #4755, #2891, #2518 ) ;
#1574 = EDGE_CURVE ( 'NONE', #3844, #3952, #1562, .T. ) ;
#1575 = DIRECTION ( 'NONE',  ( 0.000000000000000000, -1.000000000000000000, -1.355252715606882022E-16 ) ) ;
#1576 = PLANE ( 'NONE',  #4702 ) ;
#1577 = ORIENTED_EDGE ( 'NONE', *, *, #3065, .T. ) ;
#1578 = CARTESIAN_POINT ( 'NONE',  ( -0.1999999999999992339, 0.1519999999999999962, 0.7249999999999999778 ) ) ;
#1579 = EDGE_LOOP ( 'NONE', ( #1944, #4863, #4701, #3285 ) ) ;
#1580 = AXIS2_PLACEMENT_3D ( 'NONE', #185, #3593, #3783 ) ;
#1581 = CARTESIAN_POINT ( 'NONE',  ( 0.4000000000000006328, 0.1519999999999999962, 0.5999999999999998668 ) ) ;
#1582 = CARTESIAN_POINT ( 'NONE',  ( 0.1500000000000003830, 0.000000000000000000, -0.09999999999999939493 ) ) ;
#1583 = ORIENTED_EDGE ( 'NONE', *, *, #2868, .F. ) ;
#1584 = DIRECTION ( 'NONE',  ( 1.000000000000000000, 0.000000000000000000, 0.000000000000000000 ) ) ;
#1585 = LINE ( 'NONE', #1885, #69 ) ;
#1586 = ADVANCED_FACE ( 'NONE', ( #2689 ), #4225, .T. ) ;
#1587 = LINE ( 'NONE', #77, #3751 ) ;
#1588 = CARTESIAN_POINT ( 'NONE',  ( 0.2000000000000000944, 0.1519999999999999962, 0.3999999999999993006 ) ) ;
#1589 = ORIENTED_EDGE ( 'NONE', *, *, #4222, .T. ) ;
#1590 = EDGE_CURVE ( 'NONE', #4003, #4787, #1649, .T. ) ;
#1591 = CARTESIAN_POINT ( 'NONE',  ( 0.5000000000000000000, 0.5000000000000000000, 0.7249999999999999778 ) ) ;
#1592 = CARTESIAN_POINT ( 'NONE',  ( 0.2000000000000000944, 0.1019999999999929990, -0.3999999999999993006 ) ) ;
#1593 = ORIENTED_EDGE ( 'NONE', *, *, #3347, .T. ) ;
#1594 = VERTEX_POINT ( 'NONE', #2668 ) ;
#1595 = ORIENTED_EDGE ( 'NONE', *, *, #4633, .F. ) ;
#1596 = ADVANCED_FACE ( 'NONE', ( #1673 ), #1937, .T. ) ;
#1597 = DIRECTION ( 'NONE',  ( 0.000000000000000000, 1.355252715606882022E-16, -1.000000000000000000 ) ) ;
#1598 = DIRECTION ( 'NONE',  ( 1.000000000000000000, 0.000000000000000000, 7.589415207398540504E-15 ) ) ;
#1599 = ORIENTED_EDGE ( 'NONE', *, *, #4274, .T. ) ;
#1600 = CARTESIAN_POINT ( 'NONE',  ( 0.5000000000000000000, 0.04000000000000000083, -0.7249999999999999778 ) ) ;
#1601 = DIRECTION ( 'NONE',  ( -1.000000000000000000, -1.355252715606880049E-16, 5.963111948670270601E-14 ) ) ;
#1602 = ORIENTED_EDGE ( 'NONE', *, *, #3004, .F. ) ;
#1603 = VERTEX_POINT ( 'NONE', #885 ) ;
#1604 = EDGE_CURVE ( 'NONE', #3131, #2027, #3859, .T. ) ;
#1605 = VECTOR ( 'NONE', #3442, 1000.000000000000000 ) ;
#1606 = EDGE_CURVE ( 'NONE', #2931, #1253, #78, .T. ) ;
#1607 = FACE_OUTER_BOUND ( 'NONE', #2599, .T. ) ;
#1608 = ORIENTED_EDGE ( 'NONE', *, *, #3702, .F. ) ;
#1609 = CARTESIAN_POINT ( 'NONE',  ( 0.5000000000000000000, 0.1019999999999929990, -0.3999999999999993006 ) ) ;
#1610 = EDGE_CURVE ( 'NONE', #1551, #4433, #1961, .T. ) ;
#1611 = CARTESIAN_POINT ( 'NONE',  ( 0.4499999999999951261, 0.1019999999999929990, 0.5999999999999998668 ) ) ;
#1612 = LINE ( 'NONE', #4692, #3034 ) ;
#1613 = CARTESIAN_POINT ( 'NONE',  ( -0.4999999999999991673, 0.1019999999999963991, -0.09999999999999592548 ) ) ;
#1614 = FACE_OUTER_BOUND ( 'NONE', #4379, .T. ) ;
#1615 = ORIENTED_EDGE ( 'NONE', *, *, #1606, .F. ) ;
#1616 = VECTOR ( 'NONE', #229, 1000.000000000000000 ) ;
#1617 = CARTESIAN_POINT ( 'NONE',  ( -0.4499999999999994560, 0.1519999999999999962, -0.3999999999999993006 ) ) ;
#1618 = DIRECTION ( 'NONE',  ( 7.047314121155780399E-15, 0.000000000000000000, -1.000000000000000000 ) ) ;
#1619 = AXIS2_PLACEMENT_3D ( 'NONE', #320, #727, #3755 ) ;
#1620 = FACE_OUTER_BOUND ( 'NONE', #1579, .T. ) ;
#1621 = ORIENTED_EDGE ( 'NONE', *, *, #1683, .F. ) ;
#1622 = EDGE_LOOP ( 'NONE', ( #1496, #90, #1655, #2222 ) ) ;
#1623 = EDGE_LOOP ( 'NONE', ( #766, #2433, #3318, #4547 ) ) ;
#1624 = ADVANCED_FACE ( 'NONE', ( #55 ), #4277, .F. ) ;
#1625 = VECTOR ( 'NONE', #4079, 1000.000000000000000 ) ;
#1626 = VECTOR ( 'NONE', #2043, 1000.000000000000000 ) ;
#1627 = LINE ( 'NONE', #4284, #3377 ) ;
#1628 = CARTESIAN_POINT ( 'NONE',  ( -3.903127820947815962E-15, 0.04000000000000000083, 0.5999999999999998668 ) ) ;
#1629 = EDGE_LOOP ( 'NONE', ( #976, #27, #2878, #1956 ) ) ;
#1630 = LINE ( 'NONE', #3129, #4141 ) ;
#1631 = VECTOR ( 'NONE', #1903, 1000.000000000000000 ) ;
#1632 = CARTESIAN_POINT ( 'NONE',  ( 0.4000000000000006328, -1.659391495380860171, 0.5999999999999998668 ) ) ;
#1633 = ORIENTED_EDGE ( 'NONE', *, *, #2782, .T. ) ;
#1634 = EDGE_LOOP ( 'NONE', ( #2063, #1681, #3914, #265 ) ) ;
#1635 = VECTOR ( 'NONE', #645, 1000.000000000000000 ) ;
#1636 = FACE_OUTER_BOUND ( 'NONE', #1880, .T. ) ;
#1637 = DIRECTION ( 'NONE',  ( -7.047314121155790654E-15, -1.355252715606882022E-16, 1.000000000000000000 ) ) ;
#1638 = VERTEX_POINT ( 'NONE', #3114 ) ;
#1639 = EDGE_CURVE ( 'NONE', #2488, #2594, #3088, .T. ) ;
#1640 = VECTOR ( 'NONE', #3127, 1000.000000000000000 ) ;
#1641 = CARTESIAN_POINT ( 'NONE',  ( -0.4999999999999991673, 0.1019999999999963991, -0.09999999999999592548 ) ) ;
#1642 = CARTESIAN_POINT ( 'NONE',  ( -0.4999999999999991673, 0.1519999999999999962, -0.5999999999999998668 ) ) ;
#1643 = EDGE_CURVE ( 'NONE', #743, #2816, #4249, .T. ) ;
#1644 = VERTEX_POINT ( 'NONE', #464 ) ;
#1645 = ADVANCED_FACE ( 'NONE', ( #2717 ), #2344, .F. ) ;
#1646 = LINE ( 'NONE', #1893, #1387 ) ;
#1647 = DIRECTION ( 'NONE',  ( 1.000000000000000000, 0.000000000000000000, 7.589415207398540504E-15 ) ) ;
#1648 = ADVANCED_FACE ( 'NONE', ( #1319 ), #2472, .F. ) ;
#1649 = LINE ( 'NONE', #3884, #2530 ) ;
#1650 = ORIENTED_EDGE ( 'NONE', *, *, #4023, .T. ) ;
#1651 = LINE ( 'NONE', #2050, #199 ) ;
#1652 = CARTESIAN_POINT ( 'NONE',  ( 0.5000000000000000000, 0.1019999999999929990, 0.5999999999999998668 ) ) ;
#1653 = ORIENTED_EDGE ( 'NONE', *, *, #4804, .T. ) ;
#1654 = CARTESIAN_POINT ( 'NONE',  ( 0.1500000000000003830, 0.000000000000000000, -0.5999999999999998668 ) ) ;
#1655 = ORIENTED_EDGE ( 'NONE', *, *, #2186, .T. ) ;
#1656 = VERTEX_POINT ( 'NONE', #4007 ) ;
#1657 = FACE_BOUND ( 'NONE', #3749, .T. ) ;
#1658 = FACE_OUTER_BOUND ( 'NONE', #1371, .T. ) ;
#1659 = CARTESIAN_POINT ( 'NONE',  ( 0.4500000000000002887, 0.000000000000000000, -0.3999999999999993006 ) ) ;
#1660 = EDGE_CURVE ( 'NONE', #1172, #4673, #255, .T. ) ;
#1661 = CARTESIAN_POINT ( 'NONE',  ( 0.2000000000000000944, 0.1019999999999929990, 0.1000000000000028644 ) ) ;
#1662 = VERTEX_POINT ( 'NONE', #4396 ) ;
#1663 = VECTOR ( 'NONE', #4273, 1000.000000000000000 ) ;
#1664 = ORIENTED_EDGE ( 'NONE', *, *, #1218, .F. ) ;
#1665 = VECTOR ( 'NONE', #1524, 1000.000000000000000 ) ;
#1666 = DIRECTION ( 'NONE',  ( 0.000000000000000000, -0.000000000000000000, 1.000000000000000000 ) ) ;
#1667 =( NAMED_UNIT ( * ) SI_UNIT ( $, .STERADIAN. ) SOLID_ANGLE_UNIT ( ) );
#1668 = EDGE_LOOP ( 'NONE', ( #1054, #2999, #2404, #2003 ) ) ;
#1669 = FACE_OUTER_BOUND ( 'NONE', #4143, .T. ) ;
#1670 = ORIENTED_EDGE ( 'NONE', *, *, #2165, .T. ) ;
#1671 = LINE ( 'NONE', #2714, #1140 ) ;
#1672 = DIRECTION ( 'NONE',  ( 0.000000000000000000, -1.000000000000000000, 0.000000000000000000 ) ) ;
#1673 = FACE_OUTER_BOUND ( 'NONE', #1963, .T. ) ;
#1674 = DIRECTION ( 'NONE',  ( -7.074419175467920218E-14, 0.000000000000000000, 1.000000000000000000 ) ) ;
#1675 = ORIENTED_EDGE ( 'NONE', *, *, #80, .T. ) ;
#1676 = PRESENTATION_LAYER_ASSIGNMENT (  '', '', ( #3792 ) ) ;
#1677 = VECTOR ( 'NONE', #486, 1000.000000000000000 ) ;
#1678 = CARTESIAN_POINT ( 'NONE',  ( 0.4000000000000006328, 0.1519999999999999962, -0.3999999999999993006 ) ) ;
#1679 = PLANE ( 'NONE',  #2202 ) ;
#1680 = VERTEX_POINT ( 'NONE', #204 ) ;
#1681 = ORIENTED_EDGE ( 'NONE', *, *, #4227, .T. ) ;
#1682 = ORIENTED_EDGE ( 'NONE', *, *, #2131, .T. ) ;
#1683 = EDGE_CURVE ( 'NONE', #2258, #4072, #4740, .T. ) ;
#1684 = LINE ( 'NONE', #2858, #1336 ) ;
#1685 = CARTESIAN_POINT ( 'NONE',  ( 0.1499999999999969136, 0.000000000000000000, 0.3999999999999993006 ) ) ;
#1686 = ORIENTED_EDGE ( 'NONE', *, *, #904, .F. ) ;
#1687 = DIRECTION ( 'NONE',  ( -1.000000000000000000, 0.000000000000000000, 4.336808689942020891E-15 ) ) ;
#1688 = CARTESIAN_POINT ( 'NONE',  ( 0.5000000000000000000, -1.659391495380860171, 0.3999999999999993006 ) ) ;
#1689 = ORIENTED_EDGE ( 'NONE', *, *, #3521, .T. ) ;
#1690 = ORIENTED_EDGE ( 'NONE', *, *, #3355, .T. ) ;
#1691 = PLANE ( 'NONE',  #1777 ) ;
#1692 = LINE ( 'NONE', #2790, #4021 ) ;
#1693 = SURFACE_SIDE_STYLE ('',( #1338 ) ) ;
#1694 = ORIENTED_EDGE ( 'NONE', *, *, #984, .F. ) ;
#1695 = ADVANCED_FACE ( 'NONE', ( #4349 ), #569, .T. ) ;
#1696 = LINE ( 'NONE', #3195, #905 ) ;
#1697 = DIRECTION ( 'NONE',  ( 0.000000000000000000, 1.000000000000000000, 0.000000000000000000 ) ) ;
#1698 = DIRECTION ( 'NONE',  ( -1.000000000000000000, 0.000000000000000000, 0.000000000000000000 ) ) ;
#1699 = CARTESIAN_POINT ( 'NONE',  ( 0.5000000000000000000, 0.5000000000000000000, -0.7249999999999999778 ) ) ;
#1700 = DIRECTION ( 'NONE',  ( 0.000000000000000000, -1.000000000000000000, 0.000000000000000000 ) ) ;
#1701 = DIRECTION ( 'NONE',  ( 0.000000000000000000, 1.000000000000000000, 0.000000000000000000 ) ) ;
#1702 = ORIENTED_EDGE ( 'NONE', *, *, #3899, .T. ) ;
#1703 = ORIENTED_EDGE ( 'NONE', *, *, #3613, .T. ) ;
#1704 = VECTOR ( 'NONE', #3902, 1000.000000000000000 ) ;
#1705 = DIRECTION ( 'NONE',  ( -7.047314121155780399E-15, 0.000000000000000000, 1.000000000000000000 ) ) ;
#1706 = CARTESIAN_POINT ( 'NONE',  ( -0.1999999999999957645, 0.04000000000000000083, -0.5999999999999998668 ) ) ;
#1707 = CARTESIAN_POINT ( 'NONE',  ( 0.4000000000000006328, 0.1519999999999999962, 0.1000000000000028644 ) ) ;
#1708 = CARTESIAN_POINT ( 'NONE',  ( -0.4999999999999991673, 0.5000000000000000000, 0.7249999999999999778 ) ) ;
#1709 = ORIENTED_EDGE ( 'NONE', *, *, #4566, .F. ) ;
#1710 = EDGE_CURVE ( 'NONE', #112, #1118, #2899, .T. ) ;
#1711 = VERTEX_POINT ( 'NONE', #3617 ) ;
#1712 = AXIS2_PLACEMENT_3D ( 'NONE', #2168, #1802, #4084 ) ;
#1713 = VECTOR ( 'NONE', #1485, 1000.000000000000000 ) ;
#1714 = VECTOR ( 'NONE', #219, 1000.000000000000000 ) ;
#1715 = CARTESIAN_POINT ( 'NONE',  ( -0.4999999999999991673, 0.04000000000000000083, -0.7249999999999999778 ) ) ;
#1716 = CARTESIAN_POINT ( 'NONE',  ( -0.4999999999999991673, 0.1519999999999964990, 0.1000000000000028644 ) ) ;
#1717 = DIRECTION ( 'NONE',  ( 0.000000000000000000, 0.000000000000000000, 1.000000000000000000 ) ) ;
#1718 = ORIENTED_EDGE ( 'NONE', *, *, #686, .F. ) ;
#1719 = VECTOR ( 'NONE', #876, 1000.000000000000000 ) ;
#1720 = EDGE_CURVE ( 'NONE', #470, #2506, #4372, .T. ) ;
#1721 = ORIENTED_EDGE ( 'NONE', *, *, #2921, .T. ) ;
#1722 = DIRECTION ( 'NONE',  ( 1.000000000000000000, 0.000000000000000000, 7.589415207398540504E-15 ) ) ;
#1723 = ADVANCED_FACE ( 'NONE', ( #2852 ), #2425, .T. ) ;
#1724 = CARTESIAN_POINT ( 'NONE',  ( -4.336808689942017736E-16, 0.000000000000000000, 0.000000000000000000 ) ) ;
#1725 = CARTESIAN_POINT ( 'NONE',  ( -0.4999999999999991673, 0.1519999999999930018, -0.7249999999999999778 ) ) ;
#1726 = VECTOR ( 'NONE', #607, 1000.000000000000000 ) ;
#1727 = CARTESIAN_POINT ( 'NONE',  ( 0.5000000000000000000, 0.1519999999999999962, -0.5999999999999998668 ) ) ;
#1728 = DIRECTION ( 'NONE',  ( 0.000000000000000000, -1.000000000000000000, 0.000000000000000000 ) ) ;
#1729 = EDGE_LOOP ( 'NONE', ( #3425, #4676, #930, #4651 ) ) ;
#1730 = EDGE_LOOP ( 'NONE', ( #3079, #1331, #3851, #1507 ) ) ;
#1731 = DIRECTION ( 'NONE',  ( 1.000000000000000000, 0.000000000000000000, 0.000000000000000000 ) ) ;
#1732 = LINE ( 'NONE', #4728, #3206 ) ;
#1733 = DIRECTION ( 'NONE',  ( 0.000000000000000000, 0.000000000000000000, 1.000000000000000000 ) ) ;
#1734 = ORIENTED_EDGE ( 'NONE', *, *, #2405, .F. ) ;
#1735 = ORIENTED_EDGE ( 'NONE', *, *, #2287, .T. ) ;
#1736 = DIRECTION ( 'NONE',  ( 0.000000000000000000, 0.000000000000000000, 1.000000000000000000 ) ) ;
#1737 = VECTOR ( 'NONE', #4158, 1000.000000000000000 ) ;
#1738 = DIRECTION ( 'NONE',  ( 1.000000000000000000, 1.355252715606880049E-16, 0.000000000000000000 ) ) ;
#1739 = ORIENTED_EDGE ( 'NONE', *, *, #2029, .F. ) ;
#1740 = VECTOR ( 'NONE', #2865, 1000.000000000000000 ) ;
#1741 = ORIENTED_EDGE ( 'NONE', *, *, #1852, .T. ) ;
#1742 =( NAMED_UNIT ( * ) PLANE_ANGLE_UNIT ( ) SI_UNIT ( $, .RADIAN. ) );
#1743 = ORIENTED_EDGE ( 'NONE', *, *, #4075, .T. ) ;
#1744 = DIRECTION ( 'NONE',  ( 0.000000000000000000, 1.000000000000000000, 0.000000000000000000 ) ) ;
#1745 = EDGE_LOOP ( 'NONE', ( #4232, #2097, #3957, #3547 ) ) ;
#1746 = ORIENTED_EDGE ( 'NONE', *, *, #4109, .F. ) ;
#1747 = ORIENTED_EDGE ( 'NONE', *, *, #3735, .F. ) ;
#1748 = MECHANICAL_DESIGN_GEOMETRIC_PRESENTATION_REPRESENTATION (  '', ( #3792 ), #1987 ) ;
#1749 = FACE_OUTER_BOUND ( 'NONE', #1563, .T. ) ;
#1750 = DIRECTION ( 'NONE',  ( 1.084202172485504040E-15, -1.000000000000000000, 0.000000000000000000 ) ) ;
#1751 = LINE ( 'NONE', #3255, #1784 ) ;
#1752 = EDGE_CURVE ( 'NONE', #4436, #1656, #2452, .T. ) ;
#1753 = CARTESIAN_POINT ( 'NONE',  ( 0.4500000000000002887, 0.04000000000000000083, -0.09999999999999592548 ) ) ;
#1754 = ORIENTED_EDGE ( 'NONE', *, *, #61, .F. ) ;
#1755 = EDGE_LOOP ( 'NONE', ( #3325, #1298, #136, #2431 ) ) ;
#1756 = CARTESIAN_POINT ( 'NONE',  ( -0.1500000000000047407, 0.000000000000000000, 0.5999999999999998668 ) ) ;
#1757 = PLANE ( 'NONE',  #379 ) ;
#1758 = CARTESIAN_POINT ( 'NONE',  ( 0.4000000000000006328, -1.659391495380860171, -0.3999999999999993006 ) ) ;
#1759 = ORIENTED_EDGE ( 'NONE', *, *, #3347, .F. ) ;
#1760 = EDGE_CURVE ( 'NONE', #139, #2449, #2074, .T. ) ;
#1761 = LINE ( 'NONE', #4786, #2562 ) ;
#1762 = LINE ( 'NONE', #4395, #497 ) ;
#1763 = CARTESIAN_POINT ( 'NONE',  ( -0.3999999999999997446, 0.1519999999999999962, -0.3999999999999993006 ) ) ;
#1764 = LINE ( 'NONE', #2159, #377 ) ;
#1765 = CARTESIAN_POINT ( 'NONE',  ( -0.4999999999999991673, 0.1019999999999929990, -0.7249999999999999778 ) ) ;
#1766 = ORIENTED_EDGE ( 'NONE', *, *, #1794, .T. ) ;
#1767 = ORIENTED_EDGE ( 'NONE', *, *, #3375, .T. ) ;
#1768 = EDGE_CURVE ( 'NONE', #4652, #1952, #990, .T. ) ;
#1769 = DIRECTION ( 'NONE',  ( 0.000000000000000000, -0.000000000000000000, 1.000000000000000000 ) ) ;
#1770 = LINE ( 'NONE', #2458, #3440 ) ;
#1771 = LINE ( 'NONE', #2577, #3829 ) ;
#1772 = PLANE ( 'NONE',  #1773 ) ;
#1773 = AXIS2_PLACEMENT_3D ( 'NONE', #1375, #3974, #3696 ) ;
#1774 = EDGE_LOOP ( 'NONE', ( #400, #1038, #3790, #2257 ) ) ;
#1775 = EDGE_LOOP ( 'NONE', ( #4188, #4876, #550, #3841, #1418, #2734, #395, #697, #1739, #2846, #3021, #187, #178, #3352, #3754, #502, #3556, #4238, #4618, #639, #4231, #3317, #2080, #3389, #1945, #2495, #4180, #3096, #4346, #120, #4251, #1996, #1246, #1351, #3750, #2217 ) ) ;
#1776 = EDGE_CURVE ( 'NONE', #1194, #1793, #3565, .T. ) ;
#1777 = AXIS2_PLACEMENT_3D ( 'NONE', #3134, #4632, #2819 ) ;
#1778 = DIRECTION ( 'NONE',  ( 1.000000000000000000, 1.355252715606880049E-16, 0.000000000000000000 ) ) ;
#1779 = CARTESIAN_POINT ( 'NONE',  ( 0.2000000000000000944, 0.1519999999999930018, -9.275000000000000355 ) ) ;
#1780 = LINE ( 'NONE', #4415, #770 ) ;
#1781 = VERTEX_POINT ( 'NONE', #4715 ) ;
#1782 = AXIS2_PLACEMENT_3D ( 'NONE', #1815, #4438, #685 ) ;
#1783 = VECTOR ( 'NONE', #4027, 1000.000000000000000 ) ;
#1784 = VECTOR ( 'NONE', #4407, 1000.000000000000000 ) ;
#1785 = EDGE_CURVE ( 'NONE', #4635, #453, #3588, .T. ) ;
#1786 = AXIS2_PLACEMENT_3D ( 'NONE', #3379, #4875, #2606 ) ;
#1787 = CARTESIAN_POINT ( 'NONE',  ( -0.1999999999999992339, 0.1019999999999929990, -9.275000000000000355 ) ) ;
#1788 = VECTOR ( 'NONE', #4184, 1000.000000000000000 ) ;
#1789 = ORIENTED_EDGE ( 'NONE', *, *, #1237, .T. ) ;
#1790 = FACE_OUTER_BOUND ( 'NONE', #3872, .T. ) ;
#1791 = LINE ( 'NONE', #1056, #2713 ) ;
#1792 = CARTESIAN_POINT ( 'NONE',  ( 0.2000000000000000944, -1.659391495380860171, -0.3999999999999993006 ) ) ;
#1793 = VERTEX_POINT ( 'NONE', #4694 ) ;
#1794 = EDGE_CURVE ( 'NONE', #647, #4428, #3985, .T. ) ;
#1795 = EDGE_CURVE ( 'NONE', #2936, #4323, #4030, .T. ) ;
#1796 = PLANE ( 'NONE',  #101 ) ;
#1797 = ORIENTED_EDGE ( 'NONE', *, *, #1127, .F. ) ;
#1798 = AXIS2_PLACEMENT_3D ( 'NONE', #948, #3273, #2859 ) ;
#1799 = EDGE_LOOP ( 'NONE', ( #1120, #874, #4041, #4203 ) ) ;
#1800 = CARTESIAN_POINT ( 'NONE',  ( -0.1499999999999995226, 0.1519999999999999962, -0.09999999999999939493 ) ) ;
#1801 = FACE_OUTER_BOUND ( 'NONE', #4034, .T. ) ;
#1802 = DIRECTION ( 'NONE',  ( 1.355252715606880049E-16, -1.000000000000000000, 0.000000000000000000 ) ) ;
#1803 = CARTESIAN_POINT ( 'NONE',  ( -0.4250000000000004885, 0.5000000000000000000, -0.5500000000000001554 ) ) ;
#1804 = ORIENTED_EDGE ( 'NONE', *, *, #3215, .F. ) ;
#1805 = ORIENTED_EDGE ( 'NONE', *, *, #2319, .T. ) ;
#1806 = EDGE_CURVE ( 'NONE', #1079, #4603, #2117, .T. ) ;
#1807 = LINE ( 'NONE', #4024, #4759 ) ;
#1808 = CARTESIAN_POINT ( 'NONE',  ( 0.1500000000000003830, 0.1519999999999999962, -0.3999999999999993006 ) ) ;
#1809 = CARTESIAN_POINT ( 'NONE',  ( 0.1500000000000003830, 0.1019999999999963991, -0.09999999999999592548 ) ) ;
#1810 = EDGE_LOOP ( 'NONE', ( #1689, #1309, #3437, #4874 ) ) ;
#1811 = FILL_AREA_STYLE_COLOUR ( '', #277 ) ;
#1812 = AXIS2_PLACEMENT_3D ( 'NONE', #3323, #3020, #4823 ) ;
#1813 = LINE ( 'NONE', #4006, #1052 ) ;
#1814 = EDGE_CURVE ( 'NONE', #1201, #4366, #276, .T. ) ;
#1815 = CARTESIAN_POINT ( 'NONE',  ( -0.4999999999999991673, 0.1019999999999999934, -0.5999999999999998668 ) ) ;
#1816 = CARTESIAN_POINT ( 'NONE',  ( 0.2000000000000000944, 0.1019999999999929990, -0.3999999999999993006 ) ) ;
#1817 = VECTOR ( 'NONE', #3455, 1000.000000000000000 ) ;
#1818 = VECTOR ( 'NONE', #4288, 1000.000000000000000 ) ;
#1819 = CARTESIAN_POINT ( 'NONE',  ( 0.4000000000000006328, 0.1019999999999924023, -0.7249999999999999778 ) ) ;
#1820 = DIRECTION ( 'NONE',  ( -1.000000000000000000, -1.355252715606880049E-16, 0.000000000000000000 ) ) ;
#1821 = EDGE_LOOP ( 'NONE', ( #4429, #1599, #3535, #3462 ) ) ;
#1822 = ORIENTED_EDGE ( 'NONE', *, *, #1831, .T. ) ;
#1823 = EDGE_CURVE ( 'NONE', #2795, #1196, #4303, .T. ) ;
#1824 = VECTOR ( 'NONE', #4441, 1000.000000000000000 ) ;
#1825 = CARTESIAN_POINT ( 'NONE',  ( 0.4000000000000006328, 0.1019999999999999934, -0.5999999999999998668 ) ) ;
#1826 = CARTESIAN_POINT ( 'NONE',  ( -0.09999999999999635569, 0.1019999999999999934, -0.5000000000000004441 ) ) ;
#1827 = CARTESIAN_POINT ( 'NONE',  ( -0.3999999999999997446, 0.1019999999999925966, 0.09999999999999766020 ) ) ;
#1828 = DIRECTION ( 'NONE',  ( 0.000000000000000000, -1.000000000000000000, 0.000000000000000000 ) ) ;
#1829 = VERTEX_POINT ( 'NONE', #1508 ) ;
#1830 = VERTEX_POINT ( 'NONE', #3710 ) ;
#1831 = EDGE_CURVE ( 'NONE', #4296, #646, #1791, .T. ) ;
#1832 = DIRECTION ( 'NONE',  ( 1.000000000000000000, 0.000000000000000000, 0.000000000000000000 ) ) ;
#1833 = CARTESIAN_POINT ( 'NONE',  ( -0.4999999999999991673, 0.1019999999999963991, -0.09999999999999592548 ) ) ;
#1834 = ORIENTED_EDGE ( 'NONE', *, *, #626, .F. ) ;
#1835 = DIRECTION ( 'NONE',  ( -1.000000000000000000, -1.355252715606880049E-16, 0.000000000000000000 ) ) ;
#1836 = DIRECTION ( 'NONE',  ( 0.000000000000000000, 1.000000000000000000, 0.000000000000000000 ) ) ;
#1837 = FACE_OUTER_BOUND ( 'NONE', #3161, .T. ) ;
#1838 = EDGE_CURVE ( 'NONE', #4436, #3000, #3687, .T. ) ;
#1839 = CARTESIAN_POINT ( 'NONE',  ( -0.3999999999999997446, 0.1019999999999929990, 0.5999999999999998668 ) ) ;
#1840 = ORIENTED_EDGE ( 'NONE', *, *, #3715, .T. ) ;
#1841 = VECTOR ( 'NONE', #968, 1000.000000000000000 ) ;
#1842 = CARTESIAN_POINT ( 'NONE',  ( -0.1999999999999992339, 0.1019999999999929990, -0.09999999999999939493 ) ) ;
#1843 = CARTESIAN_POINT ( 'NONE',  ( -0.4499999999999994560, 0.04000000000000000083, -0.1000000000000028644 ) ) ;
#1844 = EDGE_CURVE ( 'NONE', #2795, #2832, #2987, .T. ) ;
#1845 = FACE_OUTER_BOUND ( 'NONE', #2363, .T. ) ;
#1846 = EDGE_CURVE ( 'NONE', #3622, #1891, #4789, .T. ) ;
#1847 = CARTESIAN_POINT ( 'NONE',  ( -0.09999999999999635569, 0.1019999999999999934, -0.5000000000000004441 ) ) ;
#1848 = ORIENTED_EDGE ( 'NONE', *, *, #106, .T. ) ;
#1849 = ORIENTED_EDGE ( 'NONE', *, *, #1086, .F. ) ;
#1850 = CARTESIAN_POINT ( 'NONE',  ( 0.4000000000000006328, 0.1019999999999929990, 0.7249999999999999778 ) ) ;
#1851 = DIRECTION ( 'NONE',  ( 1.000000000000000000, 0.000000000000000000, 0.000000000000000000 ) ) ;
#1852 = EDGE_CURVE ( 'NONE', #2129, #2241, #4096, .T. ) ;
#1853 = DIRECTION ( 'NONE',  ( 0.000000000000000000, -1.000000000000000000, 0.000000000000000000 ) ) ;
#1854 = ORIENTED_EDGE ( 'NONE', *, *, #1814, .F. ) ;
#1855 = VECTOR ( 'NONE', #3116, 1000.000000000000000 ) ;
#1856 = ORIENTED_EDGE ( 'NONE', *, *, #3818, .T. ) ;
#1857 = VECTOR ( 'NONE', #4418, 1000.000000000000000 ) ;
#1858 = FACE_OUTER_BOUND ( 'NONE', #2513, .T. ) ;
#1859 = ORIENTED_EDGE ( 'NONE', *, *, #1085, .T. ) ;
#1860 = EDGE_CURVE ( 'NONE', #4003, #258, #4117, .T. ) ;
#1861 = DIRECTION ( 'NONE',  ( 1.000000000000000000, 0.000000000000000000, 0.000000000000000000 ) ) ;
#1862 = CARTESIAN_POINT ( 'NONE',  ( -0.4499999999999994560, 0.1519999999999999962, -0.3999999999999993006 ) ) ;
#1863 = VECTOR ( 'NONE', #4448, 1000.000000000000000 ) ;
#1864 = VECTOR ( 'NONE', #1109, 1000.000000000000000 ) ;
#1865 = EDGE_CURVE ( 'NONE', #2607, #1208, #3289, .T. ) ;
#1866 = VECTOR ( 'NONE', #3656, 1000.000000000000000 ) ;
#1867 = CARTESIAN_POINT ( 'NONE',  ( 0.5000000000000000000, 0.1019999999999963991, -0.09999999999999592548 ) ) ;
#1868 = LINE ( 'NONE', #1136, #312 ) ;
#1869 = EDGE_LOOP ( 'NONE', ( #1503, #222, #517, #2913 ) ) ;
#1870 = ADVANCED_FACE ( 'NONE', ( #2185 ), #1414, .F. ) ;
#1871 = CARTESIAN_POINT ( 'NONE',  ( -0.1999999999999992339, 0.1519999999999999962, 0.1000000000000028644 ) ) ;
#1872 = CARTESIAN_POINT ( 'NONE',  ( -0.1499999999999995226, 0.1519999999999999962, 0.09999999999999939493 ) ) ;
#1873 = CARTESIAN_POINT ( 'NONE',  ( -0.1999999999999992339, 0.04000000000000000083, -0.7249999999999999778 ) ) ;
#1874 = ORIENTED_EDGE ( 'NONE', *, *, #904, .T. ) ;
#1875 = ORIENTED_EDGE ( 'NONE', *, *, #1127, .T. ) ;
#1876 = VERTEX_POINT ( 'NONE', #3313 ) ;
#1877 = DIRECTION ( 'NONE',  ( 0.000000000000000000, -1.000000000000000000, 0.000000000000000000 ) ) ;
#1878 = LINE ( 'NONE', #356, #2639 ) ;
#1879 = CARTESIAN_POINT ( 'NONE',  ( -0.1500000000000029921, 0.1019999999999929990, 0.3999999999999993006 ) ) ;
#1880 = EDGE_LOOP ( 'NONE', ( #1686, #1421, #3834, #2528 ) ) ;
#1881 = ORIENTED_EDGE ( 'NONE', *, *, #2867, .F. ) ;
#1882 = PLANE ( 'NONE',  #1786 ) ;
#1883 = ORIENTED_EDGE ( 'NONE', *, *, #3237, .T. ) ;
#1884 = DIRECTION ( 'NONE',  ( 1.355252715606880049E-16, -1.000000000000000000, 0.000000000000000000 ) ) ;
#1885 = CARTESIAN_POINT ( 'NONE',  ( -0.4999999999999991673, 0.1519999999999930018, 0.5999999999999998668 ) ) ;
#1886 = CARTESIAN_POINT ( 'NONE',  ( 0.5000000000000000000, 0.1519999999999964990, 0.1000000000000028644 ) ) ;
#1887 = VECTOR ( 'NONE', #556, 1000.000000000000000 ) ;
#1888 = DIRECTION ( 'NONE',  ( 0.000000000000000000, 0.000000000000000000, 1.000000000000000000 ) ) ;
#1889 = CARTESIAN_POINT ( 'NONE',  ( -0.4999999999999991673, 0.5000000000000000000, -0.7249999999999999778 ) ) ;
#1890 = VECTOR ( 'NONE', #615, 1000.000000000000000 ) ;
#1891 = VERTEX_POINT ( 'NONE', #2268 ) ;
#1892 = VECTOR ( 'NONE', #4405, 1000.000000000000000 ) ;
#1893 = CARTESIAN_POINT ( 'NONE',  ( 0.4000000000000006328, 0.1519999999999930018, -9.275000000000000355 ) ) ;
#1894 = LINE ( 'NONE', #4061, #1398 ) ;
#1895 = CARTESIAN_POINT ( 'NONE',  ( 0.4500000000000002887, 0.000000000000000000, -0.09999999999999592548 ) ) ;
#1896 = PLANE ( 'NONE',  #1812 ) ;
#1897 = ORIENTED_EDGE ( 'NONE', *, *, #1852, .F. ) ;
#1898 = ORIENTED_EDGE ( 'NONE', *, *, #4476, .T. ) ;
#1899 = ORIENTED_EDGE ( 'NONE', *, *, #2570, .F. ) ;
#1900 = ADVANCED_FACE ( 'NONE', ( #706 ), #4812, .F. ) ;
#1901 = DIRECTION ( 'NONE',  ( 0.000000000000000000, 0.000000000000000000, 1.000000000000000000 ) ) ;
#1902 = CARTESIAN_POINT ( 'NONE',  ( -0.1999999999999992339, 0.1519999999999999962, 0.3999999999999993006 ) ) ;
#1903 = DIRECTION ( 'NONE',  ( 0.000000000000000000, 1.000000000000000000, 0.000000000000000000 ) ) ;
#1904 = LINE ( 'NONE', #3402, #2749 ) ;
#1905 = ORIENTED_EDGE ( 'NONE', *, *, #4252, .F. ) ;
#1906 = AXIS2_PLACEMENT_3D ( 'NONE', #1724, #1294, #2093 ) ;
#1907 = DIRECTION ( 'NONE',  ( -1.000000000000000000, 0.000000000000000000, 0.000000000000000000 ) ) ;
#1908 = ORIENTED_EDGE ( 'NONE', *, *, #660, .T. ) ;
#1909 = EDGE_CURVE ( 'NONE', #3241, #453, #1436, .T. ) ;
#1910 = CARTESIAN_POINT ( 'NONE',  ( -0.4999999999999991673, -1.659391495380860171, 0.3999999999999993006 ) ) ;
#1911 = PLANE ( 'NONE',  #3061 ) ;
#1912 = ADVANCED_FACE ( 'NONE', ( #1837 ), #3332, .F. ) ;
#1913 = CARTESIAN_POINT ( 'NONE',  ( -0.1499999999999995226, 0.04000000000000000083, 0.09999999999999939493 ) ) ;
#1914 = DIRECTION ( 'NONE',  ( 1.355252715606880049E-16, -1.000000000000000000, 0.000000000000000000 ) ) ;
#1915 = FACE_OUTER_BOUND ( 'NONE', #528, .T. ) ;
#1916 = ORIENTED_EDGE ( 'NONE', *, *, #2475, .F. ) ;
#1917 = CARTESIAN_POINT ( 'NONE',  ( 0.1499999999999951927, 0.04000000000000000083, 0.5999999999999998668 ) ) ;
#1918 = LINE ( 'NONE', #837, #2028 ) ;
#1919 = CARTESIAN_POINT ( 'NONE',  ( 0.5000000000000000000, 0.04000000000000000083, -0.7249999999999999778 ) ) ;
#1920 = ORIENTED_EDGE ( 'NONE', *, *, #1085, .F. ) ;
#1921 = EDGE_CURVE ( 'NONE', #2488, #4750, #1457, .T. ) ;
#1922 = EDGE_LOOP ( 'NONE', ( #2383, #192, #2375, #3294 ) ) ;
#1923 = DIRECTION ( 'NONE',  ( 1.000000000000000000, 1.355252715606880049E-16, 6.866613759074860889E-15 ) ) ;
#1924 = LINE ( 'NONE', #1902, #1388 ) ;
#1925 = LINE ( 'NONE', #1179, #4774 ) ;
#1926 = EDGE_CURVE ( 'NONE', #4744, #1512, #4854, .T. ) ;
#1927 = DIRECTION ( 'NONE',  ( 1.000000000000000000, 1.355252715606880049E-16, 0.000000000000000000 ) ) ;
#1928 = ORIENTED_EDGE ( 'NONE', *, *, #740, .T. ) ;
#1929 = ORIENTED_EDGE ( 'NONE', *, *, #1660, .F. ) ;
#1930 = CARTESIAN_POINT ( 'NONE',  ( 0.2000000000000000944, 0.1019999999999929990, 0.7249999999999999778 ) ) ;
#1931 = ORIENTED_EDGE ( 'NONE', *, *, #759, .T. ) ;
#1932 = DIRECTION ( 'NONE',  ( -1.000000000000000000, 0.000000000000000000, 0.000000000000000000 ) ) ;
#1933 = VECTOR ( 'NONE', #4266, 1000.000000000000000 ) ;
#1934 = ADVANCED_FACE ( 'NONE', ( #4462 ), #2242, .T. ) ;
#1935 = VECTOR ( 'NONE', #268, 1000.000000000000000 ) ;
#1936 = DIRECTION ( 'NONE',  ( 1.000000000000000000, 0.000000000000000000, 3.659182332138575098E-15 ) ) ;
#1937 = PLANE ( 'NONE',  #1505 ) ;
#1938 = ADVANCED_FACE ( 'NONE', ( #1105 ), #2609, .T. ) ;
#1939 = ORIENTED_EDGE ( 'NONE', *, *, #2653, .T. ) ;
#1940 = VECTOR ( 'NONE', #1236, 1000.000000000000000 ) ;
#1941 = VECTOR ( 'NONE', #3689, 1000.000000000000000 ) ;
#1942 = DIRECTION ( 'NONE',  ( 0.000000000000000000, 1.000000000000000000, 0.000000000000000000 ) ) ;
#1943 = DIRECTION ( 'NONE',  ( 0.000000000000000000, -1.000000000000000000, -1.355252715606882022E-16 ) ) ;
#1944 = ORIENTED_EDGE ( 'NONE', *, *, #448, .T. ) ;
#1945 = ORIENTED_EDGE ( 'NONE', *, *, #2646, .F. ) ;
#1946 = ORIENTED_EDGE ( 'NONE', *, *, #1776, .T. ) ;
#1947 = DIRECTION ( 'NONE',  ( 0.000000000000000000, -1.000000000000000000, 0.000000000000000000 ) ) ;
#1948 = LINE ( 'NONE', #1628, #1640 ) ;
#1949 = ORIENTED_EDGE ( 'NONE', *, *, #2710, .F. ) ;
#1950 = CARTESIAN_POINT ( 'NONE',  ( -0.4999999999999991673, 0.1019999999999999934, -0.5999999999999998668 ) ) ;
#1951 = ORIENTED_EDGE ( 'NONE', *, *, #4665, .F. ) ;
#1952 = VERTEX_POINT ( 'NONE', #4506 ) ;
#1953 = UNCERTAINTY_MEASURE_WITH_UNIT (LENGTH_MEASURE( 1.000000000000000082E-05 ), #567, 'distance_accuracy_value', 'NONE');
#1954 = VECTOR ( 'NONE', #1198, 1000.000000000000000 ) ;
#1955 = DIRECTION ( 'NONE',  ( 0.000000000000000000, -1.000000000000000000, 0.000000000000000000 ) ) ;
#1956 = ORIENTED_EDGE ( 'NONE', *, *, #1921, .F. ) ;
#1957 = EDGE_CURVE ( 'NONE', #2816, #3597, #1130, .T. ) ;
#1958 = DIRECTION ( 'NONE',  ( -7.047314121155790654E-15, 0.000000000000000000, 1.000000000000000000 ) ) ;
#1959 = EDGE_CURVE ( 'NONE', #1208, #1644, #4272, .T. ) ;
#1960 = DIRECTION ( 'NONE',  ( 0.000000000000000000, 1.000000000000000000, 0.000000000000000000 ) ) ;
#1961 = LINE ( 'NONE', #3911, #4420 ) ;
#1962 = EDGE_CURVE ( 'NONE', #2924, #1352, #3827, .T. ) ;
#1963 = EDGE_LOOP ( 'NONE', ( #4311, #4411, #4662, #3104 ) ) ;
#1964 = VECTOR ( 'NONE', #4654, 1000.000000000000000 ) ;
#1965 = DIRECTION ( 'NONE',  ( 1.000000000000000000, 0.000000000000000000, 0.000000000000000000 ) ) ;
#1966 = VECTOR ( 'NONE', #418, 1000.000000000000000 ) ;
#1967 = LINE ( 'NONE', #2353, #3301 ) ;
#1968 = ORIENTED_EDGE ( 'NONE', *, *, #978, .T. ) ;
#1969 = ADVANCED_FACE ( 'NONE', ( #3084 ), #3109, .T. ) ;
#1970 = EDGE_LOOP ( 'NONE', ( #3877, #2216, #1754, #4865 ) ) ;
#1971 = ORIENTED_EDGE ( 'NONE', *, *, #3308, .F. ) ;
#1972 = VECTOR ( 'NONE', #4746, 1000.000000000000000 ) ;
#1973 = EDGE_CURVE ( 'NONE', #4026, #1656, #389, .T. ) ;
#1974 = DIRECTION ( 'NONE',  ( 0.000000000000000000, 1.000000000000000000, 0.000000000000000000 ) ) ;
#1975 = ORIENTED_EDGE ( 'NONE', *, *, #3032, .T. ) ;
#1976 = DIRECTION ( 'NONE',  ( 0.000000000000000000, 0.000000000000000000, 1.000000000000000000 ) ) ;
#1977 = CARTESIAN_POINT ( 'NONE',  ( -0.4999999999999991673, 0.1019999999999929990, 0.3999999999999993006 ) ) ;
#1978 = ADVANCED_FACE ( 'NONE', ( #2740 ), #4636, .F. ) ;
#1979 = ORIENTED_EDGE ( 'NONE', *, *, #461, .T. ) ;
#1980 = ORIENTED_EDGE ( 'NONE', *, *, #3677, .F. ) ;
#1981 = PRESENTATION_LAYER_ASSIGNMENT (  '', '', ( #944 ) ) ;
#1982 = CARTESIAN_POINT ( 'NONE',  ( -4.336808689942017736E-16, 0.5000000000000000000, 0.000000000000000000 ) ) ;
#1983 = LINE ( 'NONE', #3824, #3679 ) ;
#1984 = ORIENTED_EDGE ( 'NONE', *, *, #1233, .T. ) ;
#1985 = CARTESIAN_POINT ( 'NONE',  ( 0.4000000000000006328, 0.1019999999999929990, -0.3999999999999993006 ) ) ;
#1986 = LINE ( 'NONE', #3110, #4556 ) ;
#1987 =( GEOMETRIC_REPRESENTATION_CONTEXT ( 3 ) GLOBAL_UNCERTAINTY_ASSIGNED_CONTEXT ( ( #4164 ) ) GLOBAL_UNIT_ASSIGNED_CONTEXT ( ( #3636, #956, #4756 ) ) REPRESENTATION_CONTEXT ( 'NONE', 'WORKASPACE' ) );
#1988 = CARTESIAN_POINT ( 'NONE',  ( -0.1999999999999992339, 0.1019999999999929990, -9.275000000000000355 ) ) ;
#1989 = CARTESIAN_POINT ( 'NONE',  ( -0.3249999999999993450, 0.4500000000000000111, -0.5500000000000001554 ) ) ;
#1990 = CARTESIAN_POINT ( 'NONE',  ( 0.4000000000000006328, -1.659391495380860171, -0.3999999999999993006 ) ) ;
#1991 = DIRECTION ( 'NONE',  ( 0.000000000000000000, 0.000000000000000000, 1.000000000000000000 ) ) ;
#1992 = VERTEX_POINT ( 'NONE', #411 ) ;
#1993 = DIRECTION ( 'NONE',  ( 0.000000000000000000, -1.000000000000000000, 0.000000000000000000 ) ) ;
#1994 = CARTESIAN_POINT ( 'NONE',  ( -0.3999999999999997446, 0.1019999999999921941, 0.09999999999999766020 ) ) ;
#1995 = ORIENTED_EDGE ( 'NONE', *, *, #99, .F. ) ;
#1996 = ORIENTED_EDGE ( 'NONE', *, *, #113, .F. ) ;
#1997 = ORIENTED_EDGE ( 'NONE', *, *, #4536, .F. ) ;
#1998 = EDGE_CURVE ( 'NONE', #2931, #1535, #2368, .T. ) ;
#1999 = DIRECTION ( 'NONE',  ( 0.000000000000000000, 0.000000000000000000, -1.000000000000000000 ) ) ;
#2000 = DIRECTION ( 'NONE',  ( 1.000000000000000000, 0.000000000000000000, 0.000000000000000000 ) ) ;
#2001 = CARTESIAN_POINT ( 'NONE',  ( -0.1999999999999957645, 0.1519999999999999962, -0.5999999999999998668 ) ) ;
#2002 = CARTESIAN_POINT ( 'NONE',  ( -0.1499999999999995226, 0.1519999999999999962, -0.09999999999999939493 ) ) ;
#2003 = ORIENTED_EDGE ( 'NONE', *, *, #966, .T. ) ;
#2004 = ORIENTED_EDGE ( 'NONE', *, *, #2849, .T. ) ;
#2005 = EDGE_CURVE ( 'NONE', #492, #2164, #3502, .T. ) ;
#2006 = EDGE_CURVE ( 'NONE', #522, #2969, #1558, .T. ) ;
#2007 = EDGE_CURVE ( 'NONE', #119, #281, #878, .T. ) ;
#2008 = CARTESIAN_POINT ( 'NONE',  ( -0.4999999999999991673, 0.1519999999999999962, 0.3999999999999993006 ) ) ;
#2009 = CARTESIAN_POINT ( 'NONE',  ( -0.1999999999999992339, -1.659391495380860171, -0.7249999999999999778 ) ) ;
#2010 = ORIENTED_EDGE ( 'NONE', *, *, #402, .T. ) ;
#2011 = CARTESIAN_POINT ( 'NONE',  ( -0.1999999999999992339, -1.659391495380860171, -0.5999999999999998668 ) ) ;
#2012 = ORIENTED_EDGE ( 'NONE', *, *, #3142, .T. ) ;
#2013 = CARTESIAN_POINT ( 'NONE',  ( -0.3999999999999997446, -1.659391495380860171, -0.09999999999999592548 ) ) ;
#2014 = VECTOR ( 'NONE', #3492, 1000.000000000000000 ) ;
#2015 = CARTESIAN_POINT ( 'NONE',  ( -0.1999999999999992339, -1.659391495380860171, -0.3999999999999993006 ) ) ;
#2016 = CARTESIAN_POINT ( 'NONE',  ( -0.4499999999999994560, 0.1019999999999963991, -0.09999999999999592548 ) ) ;
#2017 = EDGE_LOOP ( 'NONE', ( #2238, #4149, #1875, #970 ) ) ;
#2018 = VECTOR ( 'NONE', #2778, 1000.000000000000000 ) ;
#2019 = ADVANCED_FACE ( 'NONE', ( #1529, #3035 ), #2444, .F. ) ;
#2020 = DIRECTION ( 'NONE',  ( 0.000000000000000000, -1.000000000000000000, 0.000000000000000000 ) ) ;
#2021 = LINE ( 'NONE', #3223, #1459 ) ;
#2022 = VECTOR ( 'NONE', #3729, 1000.000000000000000 ) ;
#2023 = DIRECTION ( 'NONE',  ( -1.000000000000000000, 0.000000000000000000, 0.000000000000000000 ) ) ;
#2024 = EDGE_LOOP ( 'NONE', ( #723, #4626, #4129, #3418 ) ) ;
#2025 = CARTESIAN_POINT ( 'NONE',  ( 0.2000000000000000944, 0.1519999999999930018, -9.275000000000000355 ) ) ;
#2026 = ORIENTED_EDGE ( 'NONE', *, *, #1290, .F. ) ;
#2027 = VERTEX_POINT ( 'NONE', #74 ) ;
#2028 = VECTOR ( 'NONE', #3092, 1000.000000000000000 ) ;
#2029 = EDGE_CURVE ( 'NONE', #1149, #4708, #3105, .T. ) ;
#2030 = AXIS2_PLACEMENT_3D ( 'NONE', #2869, #4760, #4369 ) ;
#2031 = CARTESIAN_POINT ( 'NONE',  ( 0.2000000000000000944, 0.1019999999999929990, 0.7249999999999999778 ) ) ;
#2032 = CLOSED_SHELL ( 'NONE', ( #2416, #604, #1025, #2199, #466, #3242, #2482, #4482, #2982, #2574, #3801, #3855, #4029, #719, #4417, #3398, #2933, #3738, #959, #1176, #3452, #2973, #1257, #3747, #1191, #316, #1870, #822, #3487, #2250, #2966, #1476, #814, #4709, #2716, #4531, #4434, #217, #4678, #2277, #543, #3190, #2305, #919, #184, #2991, #3860, #1648, #170, #2348, #2511, #3716, #1912, #1934, #3959, #2019, #698, #2831, #4314, #4224, #3081, #3620, #2504 ) ) ;
#2033 = FACE_OUTER_BOUND ( 'NONE', #2605, .T. ) ;
#2034 = ORIENTED_EDGE ( 'NONE', *, *, #3396, .T. ) ;
#2035 = CARTESIAN_POINT ( 'NONE',  ( -0.4499999999999994560, 0.1519999999999999962, 0.3999999999999993006 ) ) ;
#2036 = VECTOR ( 'NONE', #2261, 1000.000000000000000 ) ;
#2037 = CARTESIAN_POINT ( 'NONE',  ( 0.4000000000000006328, 0.1519999999999930018, 0.1000000000000028644 ) ) ;
#2038 = EDGE_LOOP ( 'NONE', ( #4818, #784, #1384, #1016 ) ) ;
#2039 = CARTESIAN_POINT ( 'NONE',  ( -0.1999999999999992339, 0.1019999999999929990, 0.3999999999999993006 ) ) ;
#2040 = ORIENTED_EDGE ( 'NONE', *, *, #4835, .T. ) ;
#2041 = VECTOR ( 'NONE', #2904, 1000.000000000000000 ) ;
#2042 = FACE_OUTER_BOUND ( 'NONE', #79, .T. ) ;
#2043 = DIRECTION ( 'NONE',  ( 0.000000000000000000, 1.000000000000000000, 0.000000000000000000 ) ) ;
#2044 = DIRECTION ( 'NONE',  ( -1.000000000000000000, 0.000000000000000000, -6.866613759074860889E-15 ) ) ;
#2045 = CARTESIAN_POINT ( 'NONE',  ( -0.4999999999999991673, 0.1019999999999925966, -0.5999999999999998668 ) ) ;
#2047 = EDGE_CURVE ( 'NONE', #4176, #18, #4606, .T. ) ;
#2046 = CARTESIAN_POINT ( 'NONE',  ( 0.4500000000000002887, 0.1519999999999999962, 0.1000000000000028644 ) ) ;
#2048 = EDGE_LOOP ( 'NONE', ( #2086, #3136, #1283, #3654 ) ) ;
#2049 = LINE ( 'NONE', #1540, #1567 ) ;
#2050 = CARTESIAN_POINT ( 'NONE',  ( -0.4999999999999991673, 0.1519999999999964990, -0.09999999999999592548 ) ) ;
#2051 = FACE_OUTER_BOUND ( 'NONE', #2659, .T. ) ;
#2052 = ORIENTED_EDGE ( 'NONE', *, *, #4114, .T. ) ;
#2053 = ORIENTED_EDGE ( 'NONE', *, *, #209, .T. ) ;
#2054 = ORIENTED_EDGE ( 'NONE', *, *, #791, .F. ) ;
#2055 = FACE_OUTER_BOUND ( 'NONE', #17, .T. ) ;
#2056 = VECTOR ( 'NONE', #3464, 1000.000000000000000 ) ;
#2057 = DIRECTION ( 'NONE',  ( 0.000000000000000000, 0.000000000000000000, -1.000000000000000000 ) ) ;
#2058 = ORIENTED_EDGE ( 'NONE', *, *, #1342, .F. ) ;
#2059 = LINE ( 'NONE', #3157, #2962 ) ;
#2060 = DIRECTION ( 'NONE',  ( -1.000000000000000000, 0.000000000000000000, -6.866613759074860889E-15 ) ) ;
#2061 = VERTEX_POINT ( 'NONE', #2418 ) ;
#2062 = AXIS2_PLACEMENT_3D ( 'NONE', #483, #4663, #4298 ) ;
#2063 = ORIENTED_EDGE ( 'NONE', *, *, #2073, .T. ) ;
#2064 = AXIS2_PLACEMENT_3D ( 'NONE', #3926, #4682, #2336 ) ;
#2065 = EDGE_CURVE ( 'NONE', #281, #2760, #1313, .T. ) ;
#2066 = CARTESIAN_POINT ( 'NONE',  ( -0.4999999999999991673, 0.04000000000000000083, -0.7249999999999999778 ) ) ;
#2067 = VERTEX_POINT ( 'NONE', #3558 ) ;
#2068 = MECHANICAL_DESIGN_GEOMETRIC_PRESENTATION_REPRESENTATION (  '', ( #944 ), #4095 ) ;
#2069 = ORIENTED_EDGE ( 'NONE', *, *, #3514, .T. ) ;
#2070 = EDGE_CURVE ( 'NONE', #2985, #2975, #4685, .T. ) ;
#2071 = CARTESIAN_POINT ( 'NONE',  ( 0.4000000000000006328, 0.1019999999999929990, -9.275000000000000355 ) ) ;
#2072 = CARTESIAN_POINT ( 'NONE',  ( -0.1500000000000047407, 0.1519999999999999962, 0.5999999999999998668 ) ) ;
#2073 = EDGE_CURVE ( 'NONE', #2105, #3557, #4293, .T. ) ;
#2074 = LINE ( 'NONE', #3935, #122 ) ;
#2075 = FACE_OUTER_BOUND ( 'NONE', #351, .T. ) ;
#2076 = DIRECTION ( 'NONE',  ( 1.000000000000000000, 0.000000000000000000, 0.000000000000000000 ) ) ;
#2077 = EDGE_LOOP ( 'NONE', ( #3344, #1747, #841, #4388 ) ) ;
#2078 = DIRECTION ( 'NONE',  ( 1.000000000000000000, 0.000000000000000000, 1.084202172485504040E-15 ) ) ;
#2079 = ORIENTED_EDGE ( 'NONE', *, *, #1998, .F. ) ;
#2080 = ORIENTED_EDGE ( 'NONE', *, *, #2687, .F. ) ;
#2081 = LINE ( 'NONE', #3155, #542 ) ;
#2082 = LINE ( 'NONE', #1354, #1074 ) ;
#2083 = DIRECTION ( 'NONE',  ( 0.000000000000000000, 0.000000000000000000, -1.000000000000000000 ) ) ;
#2084 = EDGE_CURVE ( 'NONE', #4779, #3552, #2736, .T. ) ;
#2085 = PLANE ( 'NONE',  #4291 ) ;
#2086 = ORIENTED_EDGE ( 'NONE', *, *, #2630, .F. ) ;
#2087 = ORIENTED_EDGE ( 'NONE', *, *, #4400, .T. ) ;
#2088 = EDGE_CURVE ( 'NONE', #675, #1520, #3498, .T. ) ;
#2089 = CARTESIAN_POINT ( 'NONE',  ( -0.3249999999999993450, 0.4500000000000000111, -0.5500000000000001554 ) ) ;
#2090 = ORIENTED_EDGE ( 'NONE', *, *, #1865, .F. ) ;
#2091 = ORIENTED_EDGE ( 'NONE', *, *, #1537, .F. ) ;
#2092 = CARTESIAN_POINT ( 'NONE',  ( -0.4499999999999994560, 0.1019999999999929990, 0.3999999999999993006 ) ) ;
#2093 = DIRECTION ( 'NONE',  ( 1.000000000000000000, 0.000000000000000000, 0.000000000000000000 ) ) ;
#2094 = LINE ( 'NONE', #1725, #4297 ) ;
#2095 = DIRECTION ( 'NONE',  ( 1.000000000000000000, 0.000000000000000000, 0.000000000000000000 ) ) ;
#2096 = CARTESIAN_POINT ( 'NONE',  ( -0.4499999999999994560, 0.1019999999999925966, 0.5999999999999998668 ) ) ;
#2097 = ORIENTED_EDGE ( 'NONE', *, *, #2223, .F. ) ;
#2098 = VECTOR ( 'NONE', #1778, 1000.000000000000000 ) ;
#2099 = ORIENTED_EDGE ( 'NONE', *, *, #748, .T. ) ;
#2100 = VECTOR ( 'NONE', #3955, 1000.000000000000000 ) ;
#2101 = FACE_OUTER_BOUND ( 'NONE', #20, .T. ) ;
#2102 = PLANE ( 'NONE',  #4781 ) ;
#2103 = LINE ( 'NONE', #3603, #41 ) ;
#2104 = DIRECTION ( 'NONE',  ( 0.000000000000000000, 0.000000000000000000, -1.000000000000000000 ) ) ;
#2105 = VERTEX_POINT ( 'NONE', #2390 ) ;
#2106 = EDGE_LOOP ( 'NONE', ( #200, #2739, #859, #2697 ) ) ;
#2107 = AXIS2_PLACEMENT_3D ( 'NONE', #2837, #4338, #3972 ) ;
#2108 = VECTOR ( 'NONE', #462, 1000.000000000000000 ) ;
#2109 = VECTOR ( 'NONE', #1976, 1000.000000000000000 ) ;
#2110 = FACE_OUTER_BOUND ( 'NONE', #744, .T. ) ;
#2111 = DIRECTION ( 'NONE',  ( 0.000000000000000000, 1.000000000000000000, 0.000000000000000000 ) ) ;
#2112 = ORIENTED_EDGE ( 'NONE', *, *, #1333, .T. ) ;
#2113 = VECTOR ( 'NONE', #4460, 1000.000000000000000 ) ;
#2114 = ORIENTED_EDGE ( 'NONE', *, *, #2150, .F. ) ;
#2115 = ADVANCED_FACE ( 'NONE', ( #1636 ), #1691, .F. ) ;
#2116 = CARTESIAN_POINT ( 'NONE',  ( 0.5000000000000000000, -1.659391495380860171, -0.09999999999999592548 ) ) ;
#2117 = LINE ( 'NONE', #2158, #4604 ) ;
#2118 = FACE_OUTER_BOUND ( 'NONE', #3519, .T. ) ;
#2119 = CARTESIAN_POINT ( 'NONE',  ( 0.5000000000000000000, -1.659391495380860171, -0.3999999999999993006 ) ) ;
#2120 = LINE ( 'NONE', #3623, #4834 ) ;
#2121 = ORIENTED_EDGE ( 'NONE', *, *, #2428, .F. ) ;
#2122 = ORIENTED_EDGE ( 'NONE', *, *, #175, .T. ) ;
#2123 = CARTESIAN_POINT ( 'NONE',  ( 0.1500000000000003830, 0.1519999999999999962, -0.09999999999999939493 ) ) ;
#2124 = EDGE_CURVE ( 'NONE', #3904, #2627, #2762, .T. ) ;
#2125 = PLANE ( 'NONE',  #1798 ) ;
#2126 = LINE ( 'NONE', #3629, #3351 ) ;
#2127 = EDGE_CURVE ( 'NONE', #4283, #3485, #510, .T. ) ;
#2128 = DIRECTION ( 'NONE',  ( 0.000000000000000000, 1.000000000000000000, 0.000000000000000000 ) ) ;
#2129 = VERTEX_POINT ( 'NONE', #292 ) ;
#2130 = ORIENTED_EDGE ( 'NONE', *, *, #1218, .T. ) ;
#2131 = EDGE_CURVE ( 'NONE', #646, #416, #4390, .T. ) ;
#2132 = LINE ( 'NONE', #3608, #3584 ) ;
#2133 = VECTOR ( 'NONE', #2292, 1000.000000000000000 ) ;
#2134 = DIRECTION ( 'NONE',  ( 0.000000000000000000, -1.355252715606882022E-16, 1.000000000000000000 ) ) ;
#2135 = ORIENTED_EDGE ( 'NONE', *, *, #559, .T. ) ;
#2136 = AXIS2_PLACEMENT_3D ( 'NONE', #3320, #2144, #1093 ) ;
#2137 = CARTESIAN_POINT ( 'NONE',  ( -0.1999999999999992339, 0.1519999999999999962, 0.1000000000000028644 ) ) ;
#2138 = CARTESIAN_POINT ( 'NONE',  ( -0.4999999999999991673, 0.1519999999999999962, 0.1000000000000028644 ) ) ;
#2139 = EDGE_CURVE ( 'NONE', #2233, #478, #2132, .T. ) ;
#2140 = LINE ( 'NONE', #3267, #2468 ) ;
#2141 = ORIENTED_EDGE ( 'NONE', *, *, #2843, .T. ) ;
#2142 = ORIENTED_EDGE ( 'NONE', *, *, #252, .F. ) ;
#2143 = AXIS2_PLACEMENT_3D ( 'NONE', #1990, #1698, #2501 ) ;
#2144 = DIRECTION ( 'NONE',  ( 0.000000000000000000, 0.000000000000000000, -1.000000000000000000 ) ) ;
#2145 = LINE ( 'NONE', #4037, #1726 ) ;
#2146 = DIRECTION ( 'NONE',  ( 0.000000000000000000, 1.000000000000000000, 0.000000000000000000 ) ) ;
#2147 = CARTESIAN_POINT ( 'NONE',  ( 0.1500000000000003830, 0.1019999999999999934, -0.5999999999999998668 ) ) ;
#2148 = ORIENTED_EDGE ( 'NONE', *, *, #4586, .F. ) ;
#2149 = ORIENTED_EDGE ( 'NONE', *, *, #3848, .T. ) ;
#2150 = EDGE_CURVE ( 'NONE', #849, #4282, #1807, .T. ) ;
#2151 = FACE_OUTER_BOUND ( 'NONE', #1623, .T. ) ;
#2152 = DIRECTION ( 'NONE',  ( 0.000000000000000000, 1.000000000000000000, 0.000000000000000000 ) ) ;
#2153 = ORIENTED_EDGE ( 'NONE', *, *, #44, .F. ) ;
#2154 = EDGE_CURVE ( 'NONE', #1644, #3653, #2934, .T. ) ;
#2155 = EDGE_CURVE ( 'NONE', #3714, #360, #3303, .T. ) ;
#2156 = SURFACE_STYLE_USAGE ( .BOTH. , #641 ) ;
#2157 = CARTESIAN_POINT ( 'NONE',  ( -0.3999999999999997446, 0.1519999999999999962, 0.5999999999999998668 ) ) ;
#2158 = CARTESIAN_POINT ( 'NONE',  ( -0.4999999999999991673, 0.1019999999999929990, -0.7249999999999999778 ) ) ;
#2159 = CARTESIAN_POINT ( 'NONE',  ( -0.1499999999999995226, 0.1019999999999963991, 0.09999999999999939493 ) ) ;
#2160 = ORIENTED_EDGE ( 'NONE', *, *, #3456, .F. ) ;
#2161 = DIRECTION ( 'NONE',  ( 0.000000000000000000, 1.000000000000000000, 0.000000000000000000 ) ) ;
#2162 = CARTESIAN_POINT ( 'NONE',  ( -0.4499999999999994560, 0.1519999999999999962, -0.3999999999999993006 ) ) ;
#2163 = VERTEX_POINT ( 'NONE', #195 ) ;
#2164 = VERTEX_POINT ( 'NONE', #3655 ) ;
#2165 = EDGE_CURVE ( 'NONE', #4056, #2420, #1429, .T. ) ;
#2166 = CARTESIAN_POINT ( 'NONE',  ( -0.3999999999999997446, 0.1019999999999929990, 0.7249999999999999778 ) ) ;
#2167 = DIRECTION ( 'NONE',  ( 0.000000000000000000, 0.000000000000000000, 1.000000000000000000 ) ) ;
#2168 = CARTESIAN_POINT ( 'NONE',  ( 0.4000000000000006328, 0.1019999999999929990, -9.275000000000000355 ) ) ;
#2169 = DIRECTION ( 'NONE',  ( 1.000000000000000000, 0.000000000000000000, 0.000000000000000000 ) ) ;
#2170 = VECTOR ( 'NONE', #1426, 1000.000000000000000 ) ;
#2171 = ORIENTED_EDGE ( 'NONE', *, *, #2514, .F. ) ;
#2172 = EDGE_LOOP ( 'NONE', ( #2189, #3774, #4580, #3839 ) ) ;
#2173 = VECTOR ( 'NONE', #892, 1000.000000000000000 ) ;
#2174 = FACE_OUTER_BOUND ( 'NONE', #3811, .T. ) ;
#2175 = DIRECTION ( 'NONE',  ( 0.000000000000000000, 0.000000000000000000, 1.000000000000000000 ) ) ;
#2176 = CARTESIAN_POINT ( 'NONE',  ( -0.1999999999999992339, 0.1519999999999930018, 0.7249999999999999778 ) ) ;
#2177 = ORIENTED_EDGE ( 'NONE', *, *, #4736, .F. ) ;
#2178 = AXIS2_PLACEMENT_3D ( 'NONE', #2072, #1647, #3564 ) ;
#2179 = VECTOR ( 'NONE', #764, 1000.000000000000000 ) ;
#2180 = AXIS2_PLACEMENT_3D ( 'NONE', #3309, #1433, #2632 ) ;
#2181 = FACE_OUTER_BOUND ( 'NONE', #756, .T. ) ;
#2182 = VECTOR ( 'NONE', #39, 1000.000000000000000 ) ;
#2183 = EDGE_CURVE ( 'NONE', #3217, #3234, #1360, .T. ) ;
#2184 = CARTESIAN_POINT ( 'NONE',  ( -0.1499999999999995226, 0.1519999999999999962, -0.09999999999999939493 ) ) ;
#2185 = FACE_OUTER_BOUND ( 'NONE', #4573, .T. ) ;
#2186 = EDGE_CURVE ( 'NONE', #3262, #4719, #635, .T. ) ;
#2187 = LINE ( 'NONE', #4175, #3397 ) ;
#2188 = ORIENTED_EDGE ( 'NONE', *, *, #1046, .F. ) ;
#2189 = ORIENTED_EDGE ( 'NONE', *, *, #4718, .F. ) ;
#2190 = DIRECTION ( 'NONE',  ( -1.000000000000000000, -1.355252715606880049E-16, 0.000000000000000000 ) ) ;
#2191 = CARTESIAN_POINT ( 'NONE',  ( 0.4000000000000006328, 0.1019999999999929990, -9.275000000000000355 ) ) ;
#2192 = CARTESIAN_POINT ( 'NONE',  ( 0.2000000000000000944, -1.659391495380860171, -0.7249999999999999778 ) ) ;
#2193 = LINE ( 'NONE', #2839, #3265 ) ;
#2194 = ORIENTED_EDGE ( 'NONE', *, *, #3378, .T. ) ;
#2195 = VERTEX_POINT ( 'NONE', #2516 ) ;
#2196 = CARTESIAN_POINT ( 'NONE',  ( 0.4500000000000002887, 0.04000000000000000083, 0.3999999999999993006 ) ) ;
#2197 = CARTESIAN_POINT ( 'NONE',  ( 0.4499999999999951261, 0.1019999999999929990, 0.5999999999999998668 ) ) ;
#2198 = ORIENTED_EDGE ( 'NONE', *, *, #1164, .T. ) ;
#2199 = ADVANCED_FACE ( 'NONE', ( #2151 ), #613, .F. ) ;
#2200 = VECTOR ( 'NONE', #3333, 1000.000000000000000 ) ;
#2201 = CARTESIAN_POINT ( 'NONE',  ( -0.3999999999999997446, 0.1019999999999921941, -0.3999999999999993006 ) ) ;
#2202 = AXIS2_PLACEMENT_3D ( 'NONE', #3810, #4280, #921 ) ;
#2203 = FACE_OUTER_BOUND ( 'NONE', #359, .T. ) ;
#2204 = CARTESIAN_POINT ( 'NONE',  ( -0.4999999999999991673, 0.1019999999999999934, -0.3999999999999993006 ) ) ;
#2205 = DIRECTION ( 'NONE',  ( 1.000000000000000000, 0.000000000000000000, 7.047314121155780399E-15 ) ) ;
#2206 = VECTOR ( 'NONE', #4424, 1000.000000000000000 ) ;
#2207 = EDGE_CURVE ( 'NONE', #4345, #4290, #3260, .T. ) ;
#2208 = LINE ( 'NONE', #3335, #1348 ) ;
#2209 = ORIENTED_EDGE ( 'NONE', *, *, #2154, .F. ) ;
#2210 = VECTOR ( 'NONE', #4857, 1000.000000000000000 ) ;
#2211 = EDGE_CURVE ( 'NONE', #575, #3889, #1381, .T. ) ;
#2212 = DIRECTION ( 'NONE',  ( 0.000000000000000000, -1.000000000000000000, 0.000000000000000000 ) ) ;
#2213 = CARTESIAN_POINT ( 'NONE',  ( -0.1500000000000029921, 0.1519999999999999962, 0.3999999999999993006 ) ) ;
#2214 = CARTESIAN_POINT ( 'NONE',  ( -0.1999999999999992339, 0.1019999999999929990, -9.275000000000000355 ) ) ;
#2215 = CARTESIAN_POINT ( 'NONE',  ( -0.4999999999999991673, 0.1019999999999929990, 0.3999999999999993006 ) ) ;
#2216 = ORIENTED_EDGE ( 'NONE', *, *, #67, .T. ) ;
#2217 = ORIENTED_EDGE ( 'NONE', *, *, #2065, .F. ) ;
#2218 = EDGE_CURVE ( 'NONE', #4708, #401, #586, .T. ) ;
#2219 = CARTESIAN_POINT ( 'NONE',  ( 0.5000000000000000000, 0.1019999999999924023, 0.3999999999999993006 ) ) ;
#2220 = CARTESIAN_POINT ( 'NONE',  ( -0.4999999999999991673, 0.1019999999999925966, -0.3999999999999993006 ) ) ;
#2221 = FACE_BOUND ( 'NONE', #3023, .T. ) ;
#2222 = ORIENTED_EDGE ( 'NONE', *, *, #3594, .T. ) ;
#2223 = EDGE_CURVE ( 'NONE', #4022, #492, #2890, .T. ) ;
#2224 = LINE ( 'NONE', #4168, #4697 ) ;
#2225 = CARTESIAN_POINT ( 'NONE',  ( -0.1499999999999995226, 0.1019999999999929990, 0.09999999999999939493 ) ) ;
#2226 = FACE_BOUND ( 'NONE', #455, .T. ) ;
#2227 = CARTESIAN_POINT ( 'NONE',  ( 0.5000000000000000000, 0.1519999999999964990, -0.09999999999999592548 ) ) ;
#2228 = ORIENTED_EDGE ( 'NONE', *, *, #2006, .F. ) ;
#2229 = VECTOR ( 'NONE', #1728, 1000.000000000000000 ) ;
#2230 = CARTESIAN_POINT ( 'NONE',  ( -0.3999999999999997446, 0.1519999999999930018, 0.7249999999999999778 ) ) ;
#2231 = DIRECTION ( 'NONE',  ( 0.000000000000000000, 1.000000000000000000, 0.000000000000000000 ) ) ;
#2232 = DIRECTION ( 'NONE',  ( 6.776263578034410601E-15, 0.000000000000000000, -1.000000000000000000 ) ) ;
#2233 = VERTEX_POINT ( 'NONE', #954 ) ;
#2234 = ORIENTED_EDGE ( 'NONE', *, *, #708, .F. ) ;
#2235 = LINE ( 'NONE', #4090, #47 ) ;
#2236 = DIRECTION ( 'NONE',  ( -1.000000000000000000, -1.084202172485504040E-15, 0.000000000000000000 ) ) ;
#2237 = EDGE_LOOP ( 'NONE', ( #1225, #1024, #4771, #2792 ) ) ;
#2238 = ORIENTED_EDGE ( 'NONE', *, *, #2942, .T. ) ;
#2239 = VECTOR ( 'NONE', #4739, 1000.000000000000000 ) ;
#2240 = VECTOR ( 'NONE', #4077, 1000.000000000000000 ) ;
#2241 = VERTEX_POINT ( 'NONE', #4043 ) ;
#2242 = PLANE ( 'NONE',  #982 ) ;
#2243 = LINE ( 'NONE', #758, #2349 ) ;
#2244 = AXIS2_PLACEMENT_3D ( 'NONE', #2214, #1020, #650 ) ;
#2245 = AXIS2_PLACEMENT_3D ( 'NONE', #3857, #2424, #1293 ) ;
#2246 = VECTOR ( 'NONE', #773, 1000.000000000000000 ) ;
#2247 = CARTESIAN_POINT ( 'NONE',  ( 0.4000000000000006328, 0.1019999999999929990, -9.275000000000000355 ) ) ;
#2248 = CARTESIAN_POINT ( 'NONE',  ( -0.4999999999999991673, 0.1019999999999925966, 0.5999999999999998668 ) ) ;
#2249 = ORIENTED_EDGE ( 'NONE', *, *, #4215, .F. ) ;
#2250 = ADVANCED_FACE ( 'NONE', ( #2174 ), #4070, .F. ) ;
#2251 = CARTESIAN_POINT ( 'NONE',  ( -0.4250000000000004885, 0.4500000000000000111, -0.5500000000000001554 ) ) ;
#2252 = PLANE ( 'NONE',  #3837 ) ;
#2253 = CARTESIAN_POINT ( 'NONE',  ( -0.1999999999999992339, 0.1519999999999930018, 0.1000000000000028644 ) ) ;
#2254 = VECTOR ( 'NONE', #4492, 1000.000000000000000 ) ;
#2255 = DIRECTION ( 'NONE',  ( 1.000000000000000000, 1.355252715606880049E-16, 0.000000000000000000 ) ) ;
#2256 = ORIENTED_EDGE ( 'NONE', *, *, #4764, .F. ) ;
#2257 = ORIENTED_EDGE ( 'NONE', *, *, #4376, .T. ) ;
#2258 = VERTEX_POINT ( 'NONE', #4710 ) ;
#2259 = EDGE_CURVE ( 'NONE', #522, #4296, #4343, .T. ) ;
#2260 = LINE ( 'NONE', #3795, #2833 ) ;
#2261 = DIRECTION ( 'NONE',  ( 1.000000000000000000, 0.000000000000000000, 0.000000000000000000 ) ) ;
#2262 = EDGE_CURVE ( 'NONE', #3721, #4056, #1047, .T. ) ;
#2263 = CARTESIAN_POINT ( 'NONE',  ( -0.4499999999999994560, 0.1019999999999929990, -0.3999999999999993006 ) ) ;
#2264 = ORIENTED_EDGE ( 'NONE', *, *, #4048, .F. ) ;
#2265 = ORIENTED_EDGE ( 'NONE', *, *, #508, .F. ) ;
#2266 = CARTESIAN_POINT ( 'NONE',  ( 0.1500000000000003830, 0.04000000000000000083, -0.5999999999999998668 ) ) ;
#2267 = ORIENTED_EDGE ( 'NONE', *, *, #4222, .F. ) ;
#2268 = CARTESIAN_POINT ( 'NONE',  ( -0.09999999999999635569, 0.1019999999999929990, -0.5000000000000004441 ) ) ;
#2269 = CARTESIAN_POINT ( 'NONE',  ( 0.2000000000000000944, 0.1519999999999999962, -0.7249999999999999778 ) ) ;
#2270 = EDGE_CURVE ( 'NONE', #2454, #4056, #678, .T. ) ;
#2271 = PLANE ( 'NONE',  #513 ) ;
#2272 = AXIS2_PLACEMENT_3D ( 'NONE', #1067, #4015, #4819 ) ;
#2273 = DIRECTION ( 'NONE',  ( 7.589415207398540504E-15, -1.355252715606882022E-16, 1.000000000000000000 ) ) ;
#2274 = DIRECTION ( 'NONE',  ( -1.000000000000000000, 0.000000000000000000, 0.000000000000000000 ) ) ;
#2275 = VECTOR ( 'NONE', #795, 1000.000000000000000 ) ;
#2276 = EDGE_LOOP ( 'NONE', ( #2908, #1170, #471, #3328 ) ) ;
#2277 = ADVANCED_FACE ( 'NONE', ( #2110 ), #1390, .F. ) ;
#2278 = LINE ( 'NONE', #3918, #4554 ) ;
#2279 = CARTESIAN_POINT ( 'NONE',  ( 0.5000000000000000000, 0.1519999999999999962, -0.3999999999999993006 ) ) ;
#2280 = FACE_OUTER_BOUND ( 'NONE', #407, .T. ) ;
#2281 = ORIENTED_EDGE ( 'NONE', *, *, #2708, .T. ) ;
#2282 = ORIENTED_EDGE ( 'NONE', *, *, #1394, .T. ) ;
#2283 = PLANE ( 'NONE',  #4866 ) ;
#2284 = DIRECTION ( 'NONE',  ( 7.047314121155780399E-15, 1.355252715606882022E-16, -1.000000000000000000 ) ) ;
#2285 = CARTESIAN_POINT ( 'NONE',  ( 0.1500000000000003830, 0.000000000000000000, 0.1000000000000011297 ) ) ;
#2286 = ORIENTED_EDGE ( 'NONE', *, *, #2005, .T. ) ;
#2287 = EDGE_CURVE ( 'NONE', #4323, #1638, #4050, .T. ) ;
#2288 = AXIS2_PLACEMENT_3D ( 'NONE', #3539, #3461, #160 ) ;
#2289 = EDGE_CURVE ( 'NONE', #488, #1829, #661, .T. ) ;
#2290 = PLANE ( 'NONE',  #1144 ) ;
#2291 = VERTEX_POINT ( 'NONE', #989 ) ;
#2292 = DIRECTION ( 'NONE',  ( 0.000000000000000000, 0.000000000000000000, -1.000000000000000000 ) ) ;
#2293 = CARTESIAN_POINT ( 'NONE',  ( -0.1000000000000310502, 0.04000000000000000083, -6.938893903907228378E-15 ) ) ;
#2294 = CARTESIAN_POINT ( 'NONE',  ( -0.4499999999999994560, 0.000000000000000000, -0.1000000000000028644 ) ) ;
#2295 = VERTEX_POINT ( 'NONE', #2157 ) ;
#2296 = EDGE_CURVE ( 'NONE', #1525, #4433, #2898, .T. ) ;
#2297 = FACE_OUTER_BOUND ( 'NONE', #4630, .T. ) ;
#2298 = DIRECTION ( 'NONE',  ( 0.000000000000000000, 1.000000000000000000, 0.000000000000000000 ) ) ;
#2299 = DIRECTION ( 'NONE',  ( 0.000000000000000000, -1.000000000000000000, 0.000000000000000000 ) ) ;
#2300 = LINE ( 'NONE', #2997, #3701 ) ;
#2301 = ORIENTED_EDGE ( 'NONE', *, *, #2929, .F. ) ;
#2302 = ORIENTED_EDGE ( 'NONE', *, *, #3378, .F. ) ;
#2303 = EDGE_LOOP ( 'NONE', ( #3607, #3153, #4607, #946 ) ) ;
#2304 = EDGE_CURVE ( 'NONE', #2505, #488, #2938, .T. ) ;
#2305 = ADVANCED_FACE ( 'NONE', ( #1790 ), #297, .F. ) ;
#2306 = DIRECTION ( 'NONE',  ( 1.000000000000000000, 0.000000000000000000, 7.002139030635550521E-15 ) ) ;
#2307 = DIRECTION ( 'NONE',  ( 7.002139030635550521E-15, 0.000000000000000000, -1.000000000000000000 ) ) ;
#2308 = LINE ( 'NONE', #4524, #4382 ) ;
#2309 = ORIENTED_EDGE ( 'NONE', *, *, #4189, .F. ) ;
#2310 = EDGE_CURVE ( 'NONE', #917, #4107, #2500, .T. ) ;
#2311 = CARTESIAN_POINT ( 'NONE',  ( -0.4999999999999991673, 0.1019999999999999934, -0.3999999999999993006 ) ) ;
#2312 = ORIENTED_EDGE ( 'NONE', *, *, #577, .F. ) ;
#2313 = VECTOR ( 'NONE', #2426, 1000.000000000000000 ) ;
#2314 = CARTESIAN_POINT ( 'NONE',  ( -0.1500000000000047407, 0.1519999999999999962, 0.5999999999999998668 ) ) ;
#2315 = VECTOR ( 'NONE', #3256, 1000.000000000000000 ) ;
#2316 = VECTOR ( 'NONE', #1266, 1000.000000000000000 ) ;
#2317 = EDGE_CURVE ( 'NONE', #2440, #4725, #1813, .T. ) ;
#2318 = DIRECTION ( 'NONE',  ( -7.047314121155790654E-15, -1.355252715606882022E-16, 1.000000000000000000 ) ) ;
#2319 = EDGE_CURVE ( 'NONE', #1830, #2403, #1762, .T. ) ;
#2320 = DIRECTION ( 'NONE',  ( 1.000000000000000000, 1.355252715606880049E-16, 0.000000000000000000 ) ) ;
#2321 = AXIS2_PLACEMENT_3D ( 'NONE', #3176, #4698, #2748 ) ;
#2322 = ORIENTED_EDGE ( 'NONE', *, *, #540, .F. ) ;
#2323 = AXIS2_PLACEMENT_3D ( 'NONE', #832, #2342, #2396 ) ;
#2324 = VECTOR ( 'NONE', #2438, 1000.000000000000000 ) ;
#2325 = EDGE_CURVE ( 'NONE', #924, #112, #1434, .T. ) ;
#2326 = CARTESIAN_POINT ( 'NONE',  ( 0.1499999999999951927, 0.000000000000000000, 0.5999999999999998668 ) ) ;
#2327 =( GEOMETRIC_REPRESENTATION_CONTEXT ( 3 ) GLOBAL_UNCERTAINTY_ASSIGNED_CONTEXT ( ( #1953 ) ) GLOBAL_UNIT_ASSIGNED_CONTEXT ( ( #567, #617, #363 ) ) REPRESENTATION_CONTEXT ( 'NONE', 'WORKASPACE' ) );
#2328 = DIRECTION ( 'NONE',  ( 0.000000000000000000, 0.000000000000000000, -1.000000000000000000 ) ) ;
#2329 = ORIENTED_EDGE ( 'NONE', *, *, #3794, .F. ) ;
#2330 = ORIENTED_EDGE ( 'NONE', *, *, #2921, .F. ) ;
#2331 = ORIENTED_EDGE ( 'NONE', *, *, #571, .T. ) ;
#2332 = CARTESIAN_POINT ( 'NONE',  ( 0.5000000000000000000, 0.1019999999999924023, -0.5999999999999998668 ) ) ;
#2333 = PLANE ( 'NONE',  #2648 ) ;
#2334 = ORIENTED_EDGE ( 'NONE', *, *, #2942, .F. ) ;
#2335 = DIRECTION ( 'NONE',  ( 0.000000000000000000, -1.000000000000000000, 0.000000000000000000 ) ) ;
#2336 = DIRECTION ( 'NONE',  ( 1.000000000000000000, 1.355252715606880049E-16, 0.000000000000000000 ) ) ;
#2337 = VERTEX_POINT ( 'NONE', #4028 ) ;
#2338 = VECTOR ( 'NONE', #239, 1000.000000000000000 ) ;
#2339 = CARTESIAN_POINT ( 'NONE',  ( -0.4999999999999991673, -1.659391495380860171, -0.3999999999999993006 ) ) ;
#2340 = ORIENTED_EDGE ( 'NONE', *, *, #3758, .F. ) ;
#2341 = CARTESIAN_POINT ( 'NONE',  ( 0.2000000000000000944, 0.1519999999999930018, -0.09999999999999592548 ) ) ;
#2342 = DIRECTION ( 'NONE',  ( 0.7071067811865461294, 0.000000000000000000, -0.7071067811865490160 ) ) ;
#2343 = CARTESIAN_POINT ( 'NONE',  ( -3.903127820947815962E-15, 0.04000000000000000083, 0.5999999999999998668 ) ) ;
#2344 = PLANE ( 'NONE',  #2143 ) ;
#2345 = CARTESIAN_POINT ( 'NONE',  ( 0.4000000000000006328, 0.1519999999999999962, 0.3999999999999993006 ) ) ;
#2346 = ORIENTED_EDGE ( 'NONE', *, *, #251, .T. ) ;
#2347 = EDGE_CURVE ( 'NONE', #1196, #4217, #4437, .T. ) ;
#2348 = ADVANCED_FACE ( 'NONE', ( #2203 ), #1055, .F. ) ;
#2349 = VECTOR ( 'NONE', #800, 1000.000000000000000 ) ;
#2350 = CARTESIAN_POINT ( 'NONE',  ( -0.4999999999999991673, 0.1519999999999999962, 0.5999999999999998668 ) ) ;
#2351 = DIRECTION ( 'NONE',  ( 1.000000000000000000, 0.000000000000000000, 0.000000000000000000 ) ) ;
#2352 = EDGE_CURVE ( 'NONE', #4366, #3107, #319, .T. ) ;
#2353 = CARTESIAN_POINT ( 'NONE',  ( -0.4999999999999991673, -1.659391495380860171, -0.5999999999999998668 ) ) ;
#2354 = ORIENTED_EDGE ( 'NONE', *, *, #80, .F. ) ;
#2355 = ORIENTED_EDGE ( 'NONE', *, *, #3899, .F. ) ;
#2356 = ORIENTED_EDGE ( 'NONE', *, *, #2165, .F. ) ;
#2357 = AXIS2_PLACEMENT_3D ( 'NONE', #2602, #655, #1473 ) ;
#2358 = EDGE_CURVE ( 'NONE', #1876, #112, #642, .T. ) ;
#2359 = CARTESIAN_POINT ( 'NONE',  ( -0.09999999999999635569, 0.1519999999999999962, -0.5000000000000004441 ) ) ;
#2360 = CARTESIAN_POINT ( 'NONE',  ( -0.2249999999999999500, 0.5000000000000000000, -0.5500000000000001554 ) ) ;
#2361 = LINE ( 'NONE', #3797, #2889 ) ;
#2362 = DIRECTION ( 'NONE',  ( 0.000000000000000000, 1.355252715606882022E-16, -1.000000000000000000 ) ) ;
#2363 = EDGE_LOOP ( 'NONE', ( #4156, #1908, #952, #2249 ) ) ;
#2364 = ORIENTED_EDGE ( 'NONE', *, *, #2376, .T. ) ;
#2365 = CARTESIAN_POINT ( 'NONE',  ( -0.1999999999999992339, 0.1019999999999929990, 0.7249999999999999778 ) ) ;
#2366 = LINE ( 'NONE', #1184, #1542 ) ;
#2367 = ORIENTED_EDGE ( 'NONE', *, *, #201, .T. ) ;
#2368 = LINE ( 'NONE', #1641, #3346 ) ;
#2369 = PLANE ( 'NONE',  #2062 ) ;
#2370 = ADVANCED_FACE ( 'NONE', ( #4831 ), #4348, .T. ) ;
#2371 = DIRECTION ( 'NONE',  ( 1.000000000000000000, 1.355252715606880049E-16, 0.000000000000000000 ) ) ;
#2372 = LINE ( 'NONE', #2343, #4300 ) ;
#2373 = LINE ( 'NONE', #2015, #3562 ) ;
#2374 = LINE ( 'NONE', #3173, #3668 ) ;
#2375 = ORIENTED_EDGE ( 'NONE', *, *, #2347, .T. ) ;
#2376 = EDGE_CURVE ( 'NONE', #1512, #4779, #4312, .T. ) ;
#2377 = LINE ( 'NONE', #2959, #1890 ) ;
#2378 = LINE ( 'NONE', #4255, #906 ) ;
#2379 = LINE ( 'NONE', #3250, #2229 ) ;
#2380 = ORIENTED_EDGE ( 'NONE', *, *, #2581, .T. ) ;
#2381 = CARTESIAN_POINT ( 'NONE',  ( -0.1999999999999992339, 0.1019999999999929990, 0.5999999999999998668 ) ) ;
#2382 = ORIENTED_EDGE ( 'NONE', *, *, #3032, .F. ) ;
#2383 = ORIENTED_EDGE ( 'NONE', *, *, #3237, .F. ) ;
#2384 = DIRECTION ( 'NONE',  ( 0.000000000000000000, 1.000000000000000000, 0.000000000000000000 ) ) ;
#2385 = DIRECTION ( 'NONE',  ( 0.000000000000000000, 1.000000000000000000, 0.000000000000000000 ) ) ;
#2386 = DIRECTION ( 'NONE',  ( -1.000000000000000000, 0.000000000000000000, -7.047314121155780399E-15 ) ) ;
#2387 = CARTESIAN_POINT ( 'NONE',  ( 0.4499999999999951261, 0.000000000000000000, 0.5999999999999998668 ) ) ;
#2388 = VERTEX_POINT ( 'NONE', #1324 ) ;
#2389 = ORIENTED_EDGE ( 'NONE', *, *, #708, .T. ) ;
#2390 = CARTESIAN_POINT ( 'NONE',  ( 0.4500000000000002887, 0.000000000000000000, 0.1000000000000028644 ) ) ;
#2391 =( LENGTH_UNIT ( ) NAMED_UNIT ( * ) SI_UNIT ( .MILLI., .METRE. ) );
#2392 = ORIENTED_EDGE ( 'NONE', *, *, #2540, .F. ) ;
#2393 = DIRECTION ( 'NONE',  ( 0.000000000000000000, -1.000000000000000000, 0.000000000000000000 ) ) ;
#2394 = LINE ( 'NONE', #4243, #3626 ) ;
#2395 = ORIENTED_EDGE ( 'NONE', *, *, #48, .T. ) ;
#2396 = DIRECTION ( 'NONE',  ( -0.7071067811865489050, 0.000000000000000000, -0.7071067811865460184 ) ) ;
#2397 = DIRECTION ( 'NONE',  ( 0.000000000000000000, 0.000000000000000000, 1.000000000000000000 ) ) ;
#2398 = LINE ( 'NONE', #3913, #2313 ) ;
#2399 = ORIENTED_EDGE ( 'NONE', *, *, #251, .F. ) ;
#2400 = AXIS2_PLACEMENT_3D ( 'NONE', #104, #56, #3833 ) ;
#2401 = LINE ( 'NONE', #3544, #3700 ) ;
#2402 = CARTESIAN_POINT ( 'NONE',  ( -0.4999999999999991673, 0.1019999999999929990, 0.3999999999999993006 ) ) ;
#2403 = VERTEX_POINT ( 'NONE', #3944 ) ;
#2404 = ORIENTED_EDGE ( 'NONE', *, *, #3567, .T. ) ;
#2405 = EDGE_CURVE ( 'NONE', #4652, #4187, #1274, .T. ) ;
#2406 = VECTOR ( 'NONE', #3017, 1000.000000000000000 ) ;
#2407 = EDGE_LOOP ( 'NONE', ( #495, #4419, #2392, #1216, #2053, #1306, #3117, #894, #628, #3443, #3103, #4258, #423, #3637, #582, #1045, #2346, #3611, #4687, #3380 ) ) ;
#2408 = VECTOR ( 'NONE', #608, 1000.000000000000000 ) ;
#2409 = AXIS2_PLACEMENT_3D ( 'NONE', #682, #3707, #1907 ) ;
#2410 = FACE_BOUND ( 'NONE', #3867, .T. ) ;
#2411 = CARTESIAN_POINT ( 'NONE',  ( -0.1999999999999992339, 0.1019999999999929990, 0.1000000000000028644 ) ) ;
#2412 = CARTESIAN_POINT ( 'NONE',  ( 0.1499999999999969136, 0.1519999999999999962, 0.3999999999999993006 ) ) ;
#2413 = LINE ( 'NONE', #146, #1376 ) ;
#2414 = ORIENTED_EDGE ( 'NONE', *, *, #4814, .F. ) ;
#2415 = ORIENTED_EDGE ( 'NONE', *, *, #2986, .T. ) ;
#2416 = ADVANCED_FACE ( 'NONE', ( #2875 ), #2478, .F. ) ;
#2417 = EDGE_CURVE ( 'NONE', #3278, #1451, #2120, .T. ) ;
#2418 = CARTESIAN_POINT ( 'NONE',  ( -0.4250000000000004885, 0.5000000000000000000, -0.5500000000000001554 ) ) ;
#2419 = CARTESIAN_POINT ( 'NONE',  ( -0.1499999999999995226, 0.1519999999999999962, -0.09999999999999939493 ) ) ;
#2420 = VERTEX_POINT ( 'NONE', #1654 ) ;
#2421 = VECTOR ( 'NONE', #2167, 1000.000000000000000 ) ;
#2422 = ORIENTED_EDGE ( 'NONE', *, *, #3536, .T. ) ;
#2423 = LINE ( 'NONE', #1114, #3280 ) ;
#2424 = DIRECTION ( 'NONE',  ( 1.000000000000000000, 0.000000000000000000, 7.589415207398540504E-15 ) ) ;
#2425 = PLANE ( 'NONE',  #1906 ) ;
#2426 = DIRECTION ( 'NONE',  ( 1.000000000000000000, 0.000000000000000000, 7.002139030635550521E-15 ) ) ;
#2427 = VERTEX_POINT ( 'NONE', #3921 ) ;
#2428 = EDGE_CURVE ( 'NONE', #3904, #873, #3570, .T. ) ;
#2429 = DIRECTION ( 'NONE',  ( -6.776263578034410601E-15, 0.000000000000000000, 1.000000000000000000 ) ) ;
#2430 = DIRECTION ( 'NONE',  ( 0.000000000000000000, 1.000000000000000000, 0.000000000000000000 ) ) ;
#2431 = ORIENTED_EDGE ( 'NONE', *, *, #2474, .F. ) ;
#2432 = ORIENTED_EDGE ( 'NONE', *, *, #1806, .T. ) ;
#2433 = ORIENTED_EDGE ( 'NONE', *, *, #4614, .T. ) ;
#2434 = EDGE_CURVE ( 'NONE', #2536, #1129, #1090, .T. ) ;
#2435 = FACE_OUTER_BOUND ( 'NONE', #4794, .T. ) ;
#2436 = VECTOR ( 'NONE', #308, 1000.000000000000000 ) ;
#2437 = DIRECTION ( 'NONE',  ( 0.000000000000000000, 0.000000000000000000, 1.000000000000000000 ) ) ;
#2438 = DIRECTION ( 'NONE',  ( 1.000000000000000000, 1.355252715606880049E-16, 0.000000000000000000 ) ) ;
#2439 = DIRECTION ( 'NONE',  ( 0.000000000000000000, 1.000000000000000000, 0.000000000000000000 ) ) ;
#2440 = VERTEX_POINT ( 'NONE', #2345 ) ;
#2441 = VECTOR ( 'NONE', #3476, 1000.000000000000000 ) ;
#2442 = EDGE_LOOP ( 'NONE', ( #1326, #4005, #3310, #4761 ) ) ;
#2443 = CIRCLE ( 'NONE', #544, 0.09999999999999999167 ) ;
#2444 = PLANE ( 'NONE',  #4373 ) ;
#2445 = LINE ( 'NONE', #538, #2591 ) ;
#2446 = VERTEX_POINT ( 'NONE', #1137 ) ;
#2447 = VECTOR ( 'NONE', #733, 1000.000000000000000 ) ;
#2448 = EDGE_CURVE ( 'NONE', #4011, #1594, #3806, .T. ) ;
#2449 = VERTEX_POINT ( 'NONE', #3388 ) ;
#2450 = LINE ( 'NONE', #3585, #4772 ) ;
#2451 = DIRECTION ( 'NONE',  ( -1.000000000000000000, -1.084202172485504040E-15, 0.000000000000000000 ) ) ;
#2452 = LINE ( 'NONE', #2872, #4660 ) ;
#2453 = CARTESIAN_POINT ( 'NONE',  ( -0.3999999999999997446, 0.1019999999999929990, 0.09999999999999766020 ) ) ;
#2454 = VERTEX_POINT ( 'NONE', #4540 ) ;
#2455 = DIRECTION ( 'NONE',  ( 0.000000000000000000, -1.000000000000000000, 0.000000000000000000 ) ) ;
#2456 = VERTEX_POINT ( 'NONE', #783 ) ;
#2457 = ORIENTED_EDGE ( 'NONE', *, *, #880, .F. ) ;
#2458 = CARTESIAN_POINT ( 'NONE',  ( -0.1499999999999995226, 0.1519999999999999962, 0.09999999999999939493 ) ) ;
#2459 = CARTESIAN_POINT ( 'NONE',  ( 0.4000000000000006328, -1.659391495380860171, 0.1000000000000028644 ) ) ;
#2460 = DIRECTION ( 'NONE',  ( 0.000000000000000000, 1.000000000000000000, 0.000000000000000000 ) ) ;
#2461 = ORIENTED_EDGE ( 'NONE', *, *, #1604, .F. ) ;
#2462 = ORIENTED_EDGE ( 'NONE', *, *, #3192, .F. ) ;
#2463 = EDGE_CURVE ( 'NONE', #3904, #302, #3784, .T. ) ;
#2464 = CARTESIAN_POINT ( 'NONE',  ( 0.4500000000000002887, 0.000000000000000000, -0.3999999999999993006 ) ) ;
#2465 = LINE ( 'NONE', #614, #3460 ) ;
#2466 = CARTESIAN_POINT ( 'NONE',  ( 0.000000000000000000, 0.000000000000000000, 0.000000000000000000 ) ) ;
#2467 = ORIENTED_EDGE ( 'NONE', *, *, #1394, .F. ) ;
#2468 = VECTOR ( 'NONE', #2430, 1000.000000000000000 ) ;
#2469 = ADVANCED_FACE ( 'NONE', ( #1915 ), #3412, .F. ) ;
#2470 = ORIENTED_EDGE ( 'NONE', *, *, #2570, .T. ) ;
#2471 = LINE ( 'NONE', #2116, #592 ) ;
#2472 = PLANE ( 'NONE',  #2 ) ;
#2473 = DIRECTION ( 'NONE',  ( 1.000000000000000000, 0.000000000000000000, 0.000000000000000000 ) ) ;
#2474 = EDGE_CURVE ( 'NONE', #1399, #3982, #3063, .T. ) ;
#2475 = EDGE_CURVE ( 'NONE', #1409, #3217, #804, .T. ) ;
#2476 = LINE ( 'NONE', #3592, #3912 ) ;
#2477 = DIRECTION ( 'NONE',  ( 0.000000000000000000, -1.355252715606882022E-16, 1.000000000000000000 ) ) ;
#2478 = PLANE ( 'NONE',  #3269 ) ;
#2479 = ORIENTED_EDGE ( 'NONE', *, *, #1268, .F. ) ;
#2480 = AXIS2_PLACEMENT_3D ( 'NONE', #3216, #4363, #1026 ) ;
#2481 = VERTEX_POINT ( 'NONE', #2825 ) ;
#2482 = ADVANCED_FACE ( 'NONE', ( #1614 ), #3618, .F. ) ;
#2483 = VECTOR ( 'NONE', #3010, 1000.000000000000000 ) ;
#2484 = PLANE ( 'NONE',  #1012 ) ;
#2485 = DIRECTION ( 'NONE',  ( 1.000000000000000000, 0.000000000000000000, 0.000000000000000000 ) ) ;
#2486 = LINE ( 'NONE', #558, #4453 ) ;
#2487 = LINE ( 'NONE', #1708, #2712 ) ;
#2488 = VERTEX_POINT ( 'NONE', #2453 ) ;
#2489 = ORIENTED_EDGE ( 'NONE', *, *, #759, .F. ) ;
#2490 = VECTOR ( 'NONE', #1211, 1000.000000000000000 ) ;
#2491 = AXIS2_PLACEMENT_3D ( 'NONE', #4563, #780, #4538 ) ;
#2492 = VECTOR ( 'NONE', #4092, 1000.000000000000000 ) ;
#2493 = CARTESIAN_POINT ( 'NONE',  ( -0.4999999999999991673, 0.1019999999999999934, -0.5999999999999998668 ) ) ;
#2494 = CARTESIAN_POINT ( 'NONE',  ( -0.4999999999999991673, 0.1519999999999930018, 0.5999999999999998668 ) ) ;
#2495 = ORIENTED_EDGE ( 'NONE', *, *, #4059, .F. ) ;
#2496 = EDGE_CURVE ( 'NONE', #375, #3451, #2374, .T. ) ;
#2497 = EDGE_CURVE ( 'NONE', #3485, #743, #2094, .T. ) ;
#2498 = SURFACE_STYLE_USAGE ( .BOTH. , #1317 ) ;
#2499 = ORIENTED_EDGE ( 'NONE', *, *, #936, .T. ) ;
#2500 = LINE ( 'NONE', #3311, #4443 ) ;
#2501 = DIRECTION ( 'NONE',  ( 0.000000000000000000, 0.000000000000000000, 1.000000000000000000 ) ) ;
#2502 = DIRECTION ( 'NONE',  ( 0.000000000000000000, 0.000000000000000000, 1.000000000000000000 ) ) ;
#2503 = CARTESIAN_POINT ( 'NONE',  ( -0.4499999999999994560, 0.1519999999999999962, -0.1000000000000028644 ) ) ;
#2504 = ADVANCED_FACE ( 'NONE', ( #2118 ), #4669, .F. ) ;
#2505 = VERTEX_POINT ( 'NONE', #487 ) ;
#2506 = VERTEX_POINT ( 'NONE', #3144 ) ;
#2507 = EDGE_CURVE ( 'NONE', #2863, #561, #3589, .T. ) ;
#2508 = FACE_OUTER_BOUND ( 'NONE', #3445, .T. ) ;
#2509 = CARTESIAN_POINT ( 'NONE',  ( 0.5000000000000000000, 0.1019999999999929990, -0.09999999999999592548 ) ) ;
#2510 = DIRECTION ( 'NONE',  ( -1.000000000000000000, 0.000000000000000000, 0.000000000000000000 ) ) ;
#2511 = ADVANCED_FACE ( 'NONE', ( #2853 ), #3566, .F. ) ;
#2512 = PLANE ( 'NONE',  #3586 ) ;
#2513 = EDGE_LOOP ( 'NONE', ( #865, #3726, #722, #2058, #1358, #735, #1702, #3193, #459, #4370, #162, #2087, #3169, #2817, #3541, #3465, #4035, #3181, #2515, #1979, #4341, #2556, #4210, #310, #1082, #1593, #2470, #4281, #4572, #165, #1031, #1822, #1682, #481, #2719, #3225 ) ) ;
#2514 = EDGE_CURVE ( 'NONE', #618, #2628, #4645, .T. ) ;
#2515 = ORIENTED_EDGE ( 'NONE', *, *, #1359, .T. ) ;
#2516 = CARTESIAN_POINT ( 'NONE',  ( -0.1000000000000032946, 0.1019999999999999934, -0.3999999999999993006 ) ) ;
#2517 = VECTOR ( 'NONE', #1483, 1000.000000000000000 ) ;
#2518 = DIRECTION ( 'NONE',  ( -7.047314121155780399E-15, 0.000000000000000000, 1.000000000000000000 ) ) ;
#2519 = ORIENTED_EDGE ( 'NONE', *, *, #2581, .F. ) ;
#2520 = VECTOR ( 'NONE', #247, 1000.000000000000000 ) ;
#2521 = ORIENTED_EDGE ( 'NONE', *, *, #928, .T. ) ;
#2522 = PLANE ( 'NONE',  #4843 ) ;
#2523 = DIRECTION ( 'NONE',  ( -7.047314121155780399E-15, 0.000000000000000000, 1.000000000000000000 ) ) ;
#2524 = EDGE_CURVE ( 'NONE', #3191, #2863, #858, .T. ) ;
#2525 = CARTESIAN_POINT ( 'NONE',  ( -0.4999999999999991673, 0.1019999999999929990, 0.5999999999999998668 ) ) ;
#2526 = EDGE_CURVE ( 'NONE', #2672, #903, #4278, .T. ) ;
#2527 = LINE ( 'NONE', #4769, #1635 ) ;
#2528 = ORIENTED_EDGE ( 'NONE', *, *, #1051, .F. ) ;
#2529 = ORIENTED_EDGE ( 'NONE', *, *, #1234, .T. ) ;
#2530 = VECTOR ( 'NONE', #4643, 1000.000000000000000 ) ;
#2531 = CARTESIAN_POINT ( 'NONE',  ( 0.4499999999999951261, 0.000000000000000000, 0.5999999999999998668 ) ) ;
#2532 = CARTESIAN_POINT ( 'NONE',  ( 0.5000000000000000000, 0.1019999999999963991, 0.1000000000000028644 ) ) ;
#2533 = CARTESIAN_POINT ( 'NONE',  ( -0.4999999999999991673, 0.1519999999999930018, 0.3999999999999993006 ) ) ;
#2534 = CARTESIAN_POINT ( 'NONE',  ( 0.4500000000000002887, 0.1019999999999999934, -0.3999999999999993006 ) ) ;
#2535 = VERTEX_POINT ( 'NONE', #2016 ) ;
#2536 = VERTEX_POINT ( 'NONE', #1699 ) ;
#2537 = DIRECTION ( 'NONE',  ( 0.000000000000000000, 1.000000000000000000, 0.000000000000000000 ) ) ;
#2538 = PLANE ( 'NONE',  #2357 ) ;
#2539 = ORIENTED_EDGE ( 'NONE', *, *, #4393, .F. ) ;
#2540 = EDGE_CURVE ( 'NONE', #4787, #3982, #2398, .T. ) ;
#2541 =( NAMED_UNIT ( * ) SI_UNIT ( $, .STERADIAN. ) SOLID_ANGLE_UNIT ( ) );
#2542 = VERTEX_POINT ( 'NONE', #3540 ) ;
#2543 = CARTESIAN_POINT ( 'NONE',  ( -0.4999999999999991673, -1.659391495380860171, 0.1000000000000028644 ) ) ;
#2544 = CARTESIAN_POINT ( 'NONE',  ( -0.4499999999999994560, 0.1519999999999999962, -0.5999999999999998668 ) ) ;
#2545 = CARTESIAN_POINT ( 'NONE',  ( -0.1999999999999957645, 0.1519999999999999962, -0.5999999999999998668 ) ) ;
#2546 = CARTESIAN_POINT ( 'NONE',  ( 0.4500000000000002887, 0.1019999999999963991, 0.1000000000000028644 ) ) ;
#2547 = ORIENTED_EDGE ( 'NONE', *, *, #2782, .F. ) ;
#2548 = ORIENTED_EDGE ( 'NONE', *, *, #3497, .F. ) ;
#2549 = DIRECTION ( 'NONE',  ( 0.000000000000000000, 0.000000000000000000, 1.000000000000000000 ) ) ;
#2550 = CARTESIAN_POINT ( 'NONE',  ( -0.1999999999999992339, 0.1519999999999999962, -0.5999999999999998668 ) ) ;
#2551 = PLANE ( 'NONE',  #1217 ) ;
#2552 = EDGE_CURVE ( 'NONE', #923, #3595, #4716, .T. ) ;
#2553 = DIRECTION ( 'NONE',  ( 7.589415207398540504E-15, 1.355252715606882022E-16, -1.000000000000000000 ) ) ;
#2554 = VECTOR ( 'NONE', #1733, 1000.000000000000000 ) ;
#2555 = ORIENTED_EDGE ( 'NONE', *, *, #2867, .T. ) ;
#2556 = ORIENTED_EDGE ( 'NONE', *, *, #1437, .T. ) ;
#2557 = AXIS2_PLACEMENT_3D ( 'NONE', #2046, #3510, #3222 ) ;
#2558 = CARTESIAN_POINT ( 'NONE',  ( 0.2000000000000000944, -1.659391495380860171, -0.5999999999999998668 ) ) ;
#2559 = CARTESIAN_POINT ( 'NONE',  ( -0.4499999999999994560, 0.000000000000000000, 0.3999999999999993006 ) ) ;
#2560 = CARTESIAN_POINT ( 'NONE',  ( -0.4999999999999991673, 0.1519999999999930018, 0.3999999999999993006 ) ) ;
#2561 = EDGE_LOOP ( 'NONE', ( #4684, #2917, #1377, #197 ) ) ;
#2562 = VECTOR ( 'NONE', #4394, 1000.000000000000000 ) ;
#2563 = EDGE_CURVE ( 'NONE', #2856, #2427, #4328, .T. ) ;
#2564 = VECTOR ( 'NONE', #2928, 1000.000000000000000 ) ;
#2565 = ORIENTED_EDGE ( 'NONE', *, *, #3937, .T. ) ;
#2566 = CARTESIAN_POINT ( 'NONE',  ( 0.4000000000000006328, 0.1019999999999929990, -0.5999999999999998668 ) ) ;
#2567 = VERTEX_POINT ( 'NONE', #4617 ) ;
#2568 = CARTESIAN_POINT ( 'NONE',  ( 0.1500000000000003830, 0.1519999999999999962, 0.1000000000000011297 ) ) ;
#2569 = CARTESIAN_POINT ( 'NONE',  ( -0.1000000000000032946, 0.1019999999999999934, -0.3999999999999993006 ) ) ;
#2570 = EDGE_CURVE ( 'NONE', #3605, #3184, #2801, .T. ) ;
#2571 = DIRECTION ( 'NONE',  ( 0.000000000000000000, 1.000000000000000000, 0.000000000000000000 ) ) ;
#2572 = LINE ( 'NONE', #300, #3312 ) ;
#2573 = ORIENTED_EDGE ( 'NONE', *, *, #2448, .F. ) ;
#2574 = ADVANCED_FACE ( 'NONE', ( #2075 ), #3198, .F. ) ;
#2575 = CARTESIAN_POINT ( 'NONE',  ( -0.1500000000000047407, 0.1019999999999929990, 0.5999999999999998668 ) ) ;
#2576 = CARTESIAN_POINT ( 'NONE',  ( -0.4999999999999991673, 0.04000000000000000083, 0.7249999999999999778 ) ) ;
#2577 = CARTESIAN_POINT ( 'NONE',  ( -0.3999999999999997446, -1.659391495380860171, -0.5999999999999998668 ) ) ;
#2578 = FACE_OUTER_BOUND ( 'NONE', #337, .T. ) ;
#2579 = VERTEX_POINT ( 'NONE', #1239 ) ;
#2580 = EDGE_LOOP ( 'NONE', ( #4664, #1039, #2954, #4102 ) ) ;
#2581 = EDGE_CURVE ( 'NONE', #1247, #360, #4250, .T. ) ;
#2582 = DIRECTION ( 'NONE',  ( -1.000000000000000000, 0.000000000000000000, 0.000000000000000000 ) ) ;
#2583 = LINE ( 'NONE', #3349, #1866 ) ;
#2584 = CARTESIAN_POINT ( 'NONE',  ( -0.3249999999999993450, 0.4500000000000000111, -0.5500000000000001554 ) ) ;
#2585 = ORIENTED_EDGE ( 'NONE', *, *, #2646, .T. ) ;
#2586 = AXIS2_PLACEMENT_3D ( 'NONE', #449, #1575, #1597 ) ;
#2587 = VERTEX_POINT ( 'NONE', #644 ) ;
#2588 = CARTESIAN_POINT ( 'NONE',  ( -0.3999999999999997446, 0.1019999999999921941, 0.5999999999999998668 ) ) ;
#2589 = DIRECTION ( 'NONE',  ( 0.000000000000000000, 0.000000000000000000, 1.000000000000000000 ) ) ;
#2590 = CARTESIAN_POINT ( 'NONE',  ( 0.1500000000000003830, 0.1019999999999963991, 0.1000000000000028644 ) ) ;
#2591 = VECTOR ( 'NONE', #3240, 1000.000000000000000 ) ;
#2592 = CARTESIAN_POINT ( 'NONE',  ( -0.1999999999999992339, -1.659391495380860171, 0.7249999999999999778 ) ) ;
#2593 = CARTESIAN_POINT ( 'NONE',  ( 0.4000000000000006328, 0.1019999999999929990, -9.275000000000000355 ) ) ;
#2594 = VERTEX_POINT ( 'NONE', #2941 ) ;
#2595 = LINE ( 'NONE', #714, #4316 ) ;
#2596 = CARTESIAN_POINT ( 'NONE',  ( -0.4499999999999994560, 0.1019999999999929990, 0.5999999999999998668 ) ) ;
#2597 = CARTESIAN_POINT ( 'NONE',  ( 0.1499999999999951927, 0.1519999999999999962, 0.5999999999999998668 ) ) ;
#2598 = EDGE_LOOP ( 'NONE', ( #2121, #4846, #2382, #4546, #2265 ) ) ;
#2599 = EDGE_LOOP ( 'NONE', ( #2548, #3890, #2788, #634 ) ) ;
#2600 = PRODUCT_RELATED_PRODUCT_CATEGORY ( 'part', '', ( #724 ) ) ;
#2601 = LINE ( 'NONE', #772, #3286 ) ;
#2602 = CARTESIAN_POINT ( 'NONE',  ( 0.4000000000000006328, 0.1019999999999929990, -9.275000000000000355 ) ) ;
#2603 = LINE ( 'NONE', #3773, #155 ) ;
#2604 = EDGE_LOOP ( 'NONE', ( #4621, #2539, #4864, #3560 ) ) ;
#2605 = EDGE_LOOP ( 'NONE', ( #1072, #3290, #1899, #2953, #3975, #227, #4040, #4286, #4793, #3300, #4, #3825, #408, #1495, #3100, #1721, #2141, #2198, #3257, #1557 ) ) ;
#2606 = DIRECTION ( 'NONE',  ( 0.000000000000000000, -1.000000000000000000, 0.000000000000000000 ) ) ;
#2607 = VERTEX_POINT ( 'NONE', #1816 ) ;
#2608 = EDGE_CURVE ( 'NONE', #4072, #2685, #4463, .T. ) ;
#2609 = PLANE ( 'NONE',  #3504 ) ;
#2610 = DIRECTION ( 'NONE',  ( 0.000000000000000000, -1.000000000000000000, 0.000000000000000000 ) ) ;
#2611 = CARTESIAN_POINT ( 'NONE',  ( -0.4999999999999991673, 0.04000000000000000083, -0.7249999999999999778 ) ) ;
#2612 = DIRECTION ( 'NONE',  ( 1.355252715606880049E-16, -1.000000000000000000, 0.000000000000000000 ) ) ;
#2613 = ORIENTED_EDGE ( 'NONE', *, *, #260, .T. ) ;
#2614 = ADVANCED_FACE ( 'NONE', ( #4439 ), #4813, .T. ) ;
#2615 = EDGE_CURVE ( 'NONE', #387, #2936, #3711, .T. ) ;
#2616 = CARTESIAN_POINT ( 'NONE',  ( -0.1999999999999992339, 0.1519999999999999962, -0.09999999999999939493 ) ) ;
#2617 = CARTESIAN_POINT ( 'NONE',  ( 0.4000000000000006328, 0.1019999999999929990, 0.5999999999999998668 ) ) ;
#2618 = CARTESIAN_POINT ( 'NONE',  ( 0.4500000000000002887, 0.1519999999999999962, -0.5999999999999998668 ) ) ;
#2619 = CARTESIAN_POINT ( 'NONE',  ( -0.4499999999999994560, 0.04000000000000000083, -3.469446951953614189E-15 ) ) ;
#2620 = ORIENTED_EDGE ( 'NONE', *, *, #3900, .F. ) ;
#2621 = EDGE_LOOP ( 'NONE', ( #1125, #1316, #1003, #4081 ) ) ;
#2622 = ORIENTED_EDGE ( 'NONE', *, *, #577, .T. ) ;
#2623 = LINE ( 'NONE', #88, #4796 ) ;
#2624 = DIRECTION ( 'NONE',  ( 0.000000000000000000, 1.000000000000000000, 0.000000000000000000 ) ) ;
#2625 = DIRECTION ( 'NONE',  ( -1.000000000000000000, 0.000000000000000000, 0.000000000000000000 ) ) ;
#2626 = DIRECTION ( 'NONE',  ( 0.000000000000000000, 1.000000000000000000, 0.000000000000000000 ) ) ;
#2627 = VERTEX_POINT ( 'NONE', #1458 ) ;
#2628 = VERTEX_POINT ( 'NONE', #2590 ) ;
#2629 = AXIS2_PLACEMENT_3D ( 'NONE', #275, #4788, #4674 ) ;
#2630 = EDGE_CURVE ( 'NONE', #3345, #1525, #1764, .T. ) ;
#2631 = VECTOR ( 'NONE', #2662, 1000.000000000000000 ) ;
#2632 = DIRECTION ( 'NONE',  ( 1.000000000000000000, 0.000000000000000000, 0.000000000000000000 ) ) ;
#2633 = ORIENTED_EDGE ( 'NONE', *, *, #1683, .T. ) ;
#2634 = CARTESIAN_POINT ( 'NONE',  ( 0.4000000000000006328, 0.1519999999999999962, -0.5999999999999998668 ) ) ;
#2635 = FACE_OUTER_BOUND ( 'NONE', #3394, .T. ) ;
#2636 = ADVANCED_FACE ( 'NONE', ( #707 ), #3664, .T. ) ;
#2637 = AXIS2_PLACEMENT_3D ( 'NONE', #809, #468, #4229 ) ;
#2638 = VECTOR ( 'NONE', #3478, 1000.000000000000000 ) ;
#2639 = VECTOR ( 'NONE', #1832, 1000.000000000000000 ) ;
#2640 = VECTOR ( 'NONE', #1430, 1000.000000000000000 ) ;
#2641 = LINE ( 'NONE', #3759, #1713 ) ;
#2642 = DIRECTION ( 'NONE',  ( 0.000000000000000000, 1.355252715606882022E-16, -1.000000000000000000 ) ) ;
#2643 = CARTESIAN_POINT ( 'NONE',  ( -0.1999999999999957645, 0.1519999999999999962, -0.5999999999999998668 ) ) ;
#2644 = ORIENTED_EDGE ( 'NONE', *, *, #3090, .F. ) ;
#2645 = CARTESIAN_POINT ( 'NONE',  ( 0.1500000000000003830, 0.1019999999999999934, -0.3999999999999993006 ) ) ;
#2646 = EDGE_CURVE ( 'NONE', #4428, #1431, #1559, .T. ) ;
#2647 = FACE_BOUND ( 'NONE', #1774, .T. ) ;
#2648 = AXIS2_PLACEMENT_3D ( 'NONE', #4655, #2000, #2756 ) ;
#2649 = LINE ( 'NONE', #2215, #2797 ) ;
#2650 = EDGE_LOOP ( 'NONE', ( #902, #2826, #718, #1854 ) ) ;
#2651 = ORIENTED_EDGE ( 'NONE', *, *, #670, .F. ) ;
#2652 = ORIENTED_EDGE ( 'NONE', *, *, #1752, .F. ) ;
#2653 = EDGE_CURVE ( 'NONE', #3647, #917, #4171, .T. ) ;
#2654 = EDGE_CURVE ( 'NONE', #4131, #753, #3383, .T. ) ;
#2655 = LINE ( 'NONE', #4598, #4014 ) ;
#2656 = CARTESIAN_POINT ( 'NONE',  ( -0.3249999999999993450, 0.5000000000000000000, -0.5500000000000001554 ) ) ;
#2657 = LINE ( 'NONE', #4160, #2246 ) ;
#2658 = ORIENTED_EDGE ( 'NONE', *, *, #2653, .F. ) ;
#2659 = EDGE_LOOP ( 'NONE', ( #2422, #1182, #4490, #3268 ) ) ;
#2660 = LINE ( 'NONE', #1480, #431 ) ;
#2661 = ORIENTED_EDGE ( 'NONE', *, *, #99, .T. ) ;
#2662 = DIRECTION ( 'NONE',  ( 0.000000000000000000, 0.000000000000000000, 1.000000000000000000 ) ) ;
#2663 = DIRECTION ( 'NONE',  ( 0.000000000000000000, 1.000000000000000000, 0.000000000000000000 ) ) ;
#2664 = VECTOR ( 'NONE', #444, 1000.000000000000000 ) ;
#2665 = ADVANCED_FACE ( 'NONE', ( #4535 ), #3085, .F. ) ;
#2666 = FACE_BOUND ( 'NONE', #1622, .T. ) ;
#2667 = AXIS2_PLACEMENT_3D ( 'NONE', #115, #3230, #4726 ) ;
#2668 = CARTESIAN_POINT ( 'NONE',  ( -0.1999999999999992339, 0.1519999999999999962, 0.3999999999999993006 ) ) ;
#2669 = VERTEX_POINT ( 'NONE', #1509 ) ;
#2670 = PLANE ( 'NONE',  #2321 ) ;
#2671 = DIRECTION ( 'NONE',  ( -8.673617379884270158E-16, 0.000000000000000000, 1.000000000000000000 ) ) ;
#2672 = VERTEX_POINT ( 'NONE', #728 ) ;
#2673 = ORIENTED_EDGE ( 'NONE', *, *, #4103, .T. ) ;
#2674 = EDGE_CURVE ( 'NONE', #1489, #2449, #2243, .T. ) ;
#2675 = ORIENTED_EDGE ( 'NONE', *, *, #448, .F. ) ;
#2676 = VECTOR ( 'NONE', #3411, 1000.000000000000000 ) ;
#2677 = DIRECTION ( 'NONE',  ( -1.000000000000000000, 0.000000000000000000, -6.866613759074860889E-15 ) ) ;
#2678 = VERTEX_POINT ( 'NONE', #3011 ) ;
#2679 = DIRECTION ( 'NONE',  ( 0.000000000000000000, -1.000000000000000000, 0.000000000000000000 ) ) ;
#2680 = FACE_OUTER_BOUND ( 'NONE', #1745, .T. ) ;
#2681 = ORIENTED_EDGE ( 'NONE', *, *, #1844, .T. ) ;
#2682 = ORIENTED_EDGE ( 'NONE', *, *, #3683, .T. ) ;
#2683 = EDGE_CURVE ( 'NONE', #881, #3578, #3036, .T. ) ;
#2684 = CARTESIAN_POINT ( 'NONE',  ( 0.1500000000000003830, 0.1519999999999999962, 0.1000000000000011297 ) ) ;
#2685 = VERTEX_POINT ( 'NONE', #1106 ) ;
#2686 = CARTESIAN_POINT ( 'NONE',  ( -0.4999999999999991673, 0.1019999999999925966, 0.3999999999999993006 ) ) ;
#2687 = EDGE_CURVE ( 'NONE', #4290, #2897, #4507, .T. ) ;
#2688 = DIRECTION ( 'NONE',  ( -1.000000000000000000, 0.000000000000000000, 0.000000000000000000 ) ) ;
#2689 = FACE_OUTER_BOUND ( 'NONE', #4808, .T. ) ;
#2690 = CARTESIAN_POINT ( 'NONE',  ( 0.4500000000000002887, 0.1519999999999999962, -0.09999999999999592548 ) ) ;
#2691 = ORIENTED_EDGE ( 'NONE', *, *, #1080, .F. ) ;
#2692 = CARTESIAN_POINT ( 'NONE',  ( 0.4000000000000006328, 0.1019999999999929990, -0.09999999999999766020 ) ) ;
#2693 = CARTESIAN_POINT ( 'NONE',  ( -0.4999999999999991673, -1.659391495380860171, 0.1000000000000028644 ) ) ;
#2694 = DIRECTION ( 'NONE',  ( 0.000000000000000000, 0.000000000000000000, 1.000000000000000000 ) ) ;
#2695 = ORIENTED_EDGE ( 'NONE', *, *, #1014, .T. ) ;
#2696 = VERTEX_POINT ( 'NONE', #4560 ) ;
#2697 = ORIENTED_EDGE ( 'NONE', *, *, #540, .T. ) ;
#2698 = ADVANCED_FACE ( 'NONE', ( #2635 ), #3802, .T. ) ;
#2699 = CARTESIAN_POINT ( 'NONE',  ( 0.4000000000000006328, 0.1019999999999924023, 0.5999999999999998668 ) ) ;
#2700 = DIRECTION ( 'NONE',  ( -1.000000000000000000, -1.355252715606880049E-16, 0.000000000000000000 ) ) ;
#2701 = VERTEX_POINT ( 'NONE', #3431 ) ;
#2702 = LINE ( 'NONE', #3470, #3282 ) ;
#2703 = FACE_OUTER_BOUND ( 'NONE', #57, .T. ) ;
#2704 = ORIENTED_EDGE ( 'NONE', *, *, #1334, .T. ) ;
#2705 = ORIENTED_EDGE ( 'NONE', *, *, #345, .T. ) ;
#2706 = CARTESIAN_POINT ( 'NONE',  ( -0.4499999999999994560, 0.1019999999999929990, 0.5999999999999998668 ) ) ;
#2707 = ORIENTED_EDGE ( 'NONE', *, *, #4766, .T. ) ;
#2708 = EDGE_CURVE ( 'NONE', #119, #681, #1186, .T. ) ;
#2709 = VECTOR ( 'NONE', #2537, 1000.000000000000000 ) ;
#2710 = EDGE_CURVE ( 'NONE', #4635, #243, #4192, .T. ) ;
#2711 = DIRECTION ( 'NONE',  ( 1.000000000000000000, 1.355252715606880049E-16, -7.589415207398529460E-15 ) ) ;
#2712 = VECTOR ( 'NONE', #3233, 1000.000000000000000 ) ;
#2713 = VECTOR ( 'NONE', #2589, 1000.000000000000000 ) ;
#2714 = CARTESIAN_POINT ( 'NONE',  ( 0.2000000000000000944, 0.1019999999999929990, -9.275000000000000355 ) ) ;
#2715 = DIRECTION ( 'NONE',  ( 0.000000000000000000, 1.355252715606882022E-16, -1.000000000000000000 ) ) ;
#2716 = ADVANCED_FACE ( 'NONE', ( #4487 ), #3828, .F. ) ;
#2717 = FACE_OUTER_BOUND ( 'NONE', #555, .T. ) ;
#2718 = VECTOR ( 'NONE', #1492, 1000.000000000000000 ) ;
#2719 = ORIENTED_EDGE ( 'NONE', *, *, #1187, .T. ) ;
#2720 = VECTOR ( 'NONE', #961, 1000.000000000000000 ) ;
#2721 = VECTOR ( 'NONE', #1500, 1000.000000000000000 ) ;
#2722 = LINE ( 'NONE', #3147, #3458 ) ;
#2723 = PLANE ( 'NONE',  #736 ) ;
#2724 =( GEOMETRIC_REPRESENTATION_CONTEXT ( 3 ) GLOBAL_UNCERTAINTY_ASSIGNED_CONTEXT ( ( #71 ) ) GLOBAL_UNIT_ASSIGNED_CONTEXT ( ( #2391, #1229, #1667 ) ) REPRESENTATION_CONTEXT ( 'NONE', 'WORKASPACE' ) );
#2725 = CARTESIAN_POINT ( 'NONE',  ( -0.4499999999999994560, 0.1019999999999963991, 0.1000000000000028644 ) ) ;
#2726 = VERTEX_POINT ( 'NONE', #4585 ) ;
#2727 = EDGE_CURVE ( 'NONE', #743, #1314, #3359, .T. ) ;
#2728 = ORIENTED_EDGE ( 'NONE', *, *, #2838, .T. ) ;
#2729 = CARTESIAN_POINT ( 'NONE',  ( -0.1499999999999995226, 0.04000000000000000083, -0.09999999999999939493 ) ) ;
#2730 = CARTESIAN_POINT ( 'NONE',  ( -0.4499999999999994560, 0.1519999999999999962, -0.3999999999999993006 ) ) ;
#2731 = CARTESIAN_POINT ( 'NONE',  ( -0.4999999999999991673, 0.1019999999999929990, 0.5999999999999998668 ) ) ;
#2732 = EDGE_CURVE ( 'NONE', #2897, #4646, #339, .T. ) ;
#2733 = CARTESIAN_POINT ( 'NONE',  ( -0.4999999999999991673, 0.1019999999999963991, -0.09999999999999592548 ) ) ;
#2734 = ORIENTED_EDGE ( 'NONE', *, *, #3683, .F. ) ;
#2735 = ORIENTED_EDGE ( 'NONE', *, *, #854, .F. ) ;
#2736 = LINE ( 'NONE', #2365, #1134 ) ;
#2737 = EDGE_CURVE ( 'NONE', #3244, #3262, #1585, .T. ) ;
#2738 = DIRECTION ( 'NONE',  ( 0.000000000000000000, 0.000000000000000000, 1.000000000000000000 ) ) ;
#2739 = ORIENTED_EDGE ( 'NONE', *, *, #508, .T. ) ;
#2740 = FACE_OUTER_BOUND ( 'NONE', #2407, .T. ) ;
#2741 = CARTESIAN_POINT ( 'NONE',  ( -0.1499999999999995226, 0.1519999999999999962, 0.09999999999999939493 ) ) ;
#2742 = CARTESIAN_POINT ( 'NONE',  ( -0.4999999999999991673, -1.659391495380860171, 0.5999999999999998668 ) ) ;
#2743 = CARTESIAN_POINT ( 'NONE',  ( -0.1999999999999992339, 0.1519999999999999962, 0.5999999999999998668 ) ) ;
#2744 = CARTESIAN_POINT ( 'NONE',  ( -0.4999999999999991673, 0.1019999999999963991, 0.1000000000000028644 ) ) ;
#2745 = EDGE_LOOP ( 'NONE', ( #1448, #1044, #4565, #3166 ) ) ;
#2746 = AXIS2_PLACEMENT_3D ( 'NONE', #4868, #3074, #4133 ) ;
#2747 = DIRECTION ( 'NONE',  ( 0.000000000000000000, 0.000000000000000000, -1.000000000000000000 ) ) ;
#2748 = DIRECTION ( 'NONE',  ( 1.000000000000000000, 0.000000000000000000, 0.000000000000000000 ) ) ;
#2749 = VECTOR ( 'NONE', #3028, 1000.000000000000000 ) ;
#2750 = CARTESIAN_POINT ( 'NONE',  ( -0.1999999999999992339, 0.1019999999999929990, -9.275000000000000355 ) ) ;
#2751 = ORIENTED_EDGE ( 'NONE', *, *, #2127, .T. ) ;
#2752 = EDGE_LOOP ( 'NONE', ( #3791, #86, #4123, #703 ) ) ;
#2753 = ORIENTED_EDGE ( 'NONE', *, *, #1957, .T. ) ;
#2754 = VECTOR ( 'NONE', #2190, 1000.000000000000000 ) ;
#2755 = CARTESIAN_POINT ( 'NONE',  ( 0.4000000000000006328, 0.1519999999999999962, 0.5999999999999998668 ) ) ;
#2756 = DIRECTION ( 'NONE',  ( 0.000000000000000000, -1.000000000000000000, 0.000000000000000000 ) ) ;
#2757 = ORIENTED_EDGE ( 'NONE', *, *, #4737, .T. ) ;
#2758 = LINE ( 'NONE', #3997, #516 ) ;
#2759 = DIRECTION ( 'NONE',  ( 0.000000000000000000, -1.000000000000000000, 0.000000000000000000 ) ) ;
#2760 = VERTEX_POINT ( 'NONE', #830 ) ;
#2761 = ORIENTED_EDGE ( 'NONE', *, *, #87, .F. ) ;
#2762 = LINE ( 'NONE', #875, #1704 ) ;
#2763 = DIRECTION ( 'NONE',  ( 1.000000000000000000, 0.000000000000000000, 0.000000000000000000 ) ) ;
#2764 = ORIENTED_EDGE ( 'NONE', *, *, #928, .F. ) ;
#2765 = DIRECTION ( 'NONE',  ( 1.084202172485504040E-15, -1.000000000000000000, 7.444797555207831160E-30 ) ) ;
#2766 = PLANE ( 'NONE',  #304 ) ;
#2767 = COLOUR_RGB ( '',0.7921568627450980005, 0.8196078431372548767, 0.9333333333333333481 ) ;
#2768 = VECTOR ( 'NONE', #3247, 1000.000000000000000 ) ;
#2769 = ADVANCED_FACE ( 'NONE', ( #390 ), #1911, .T. ) ;
#2770 = CARTESIAN_POINT ( 'NONE',  ( 0.4000000000000006328, 0.1019999999999929990, -9.275000000000000355 ) ) ;
#2771 = DIRECTION ( 'NONE',  ( 1.000000000000000000, 0.000000000000000000, 7.002139030635550521E-15 ) ) ;
#2772 = CARTESIAN_POINT ( 'NONE',  ( 0.5000000000000000000, 0.1519999999999999962, -0.09999999999999592548 ) ) ;
#2773 = ORIENTED_EDGE ( 'NONE', *, *, #1560, .F. ) ;
#2774 = DIRECTION ( 'NONE',  ( -1.000000000000000000, 0.000000000000000000, 7.589415207398540504E-15 ) ) ;
#2775 = DIRECTION ( 'NONE',  ( 1.000000000000000000, 0.000000000000000000, 0.000000000000000000 ) ) ;
#2776 = CARTESIAN_POINT ( 'NONE',  ( 0.4500000000000002887, 0.1019999999999999934, -0.3999999999999993006 ) ) ;
#2777 = ORIENTED_EDGE ( 'NONE', *, *, #2526, .F. ) ;
#2778 = DIRECTION ( 'NONE',  ( 1.000000000000000000, 0.000000000000000000, 0.000000000000000000 ) ) ;
#2779 = ORIENTED_EDGE ( 'NONE', *, *, #3308, .T. ) ;
#2780 = ORIENTED_EDGE ( 'NONE', *, *, #2683, .T. ) ;
#2781 = EDGE_CURVE ( 'NONE', #917, #2701, #1530, .T. ) ;
#2782 = EDGE_CURVE ( 'NONE', #110, #2446, #1986, .T. ) ;
#2783 = DIRECTION ( 'NONE',  ( -1.000000000000000000, 0.000000000000000000, -7.047314121155780399E-15 ) ) ;
#2784 = CARTESIAN_POINT ( 'NONE',  ( -0.1500000000000047407, 0.04000000000000000083, 0.5999999999999998668 ) ) ;
#2785 = PLANE ( 'NONE',  #4525 ) ;
#2786 = LINE ( 'NONE', #1282, #1818 ) ;
#2787 = ORIENTED_EDGE ( 'NONE', *, *, #1435, .T. ) ;
#2788 = ORIENTED_EDGE ( 'NONE', *, *, #245, .T. ) ;
#2789 = CARTESIAN_POINT ( 'NONE',  ( -2.168404344971008868E-15, 0.04000000000000000083, 0.3999999999999993006 ) ) ;
#2790 = CARTESIAN_POINT ( 'NONE',  ( -0.09999999999999635569, 0.000000000000000000, -0.5000000000000004441 ) ) ;
#2791 = LINE ( 'NONE', #2311, #1719 ) ;
#2792 = ORIENTED_EDGE ( 'NONE', *, *, #1075, .F. ) ;
#2793 = FACE_BOUND ( 'NONE', #2604, .T. ) ;
#2794 = EDGE_CURVE ( 'NONE', #139, #4552, #3138, .T. ) ;
#2795 = VERTEX_POINT ( 'NONE', #1261 ) ;
#2796 = CARTESIAN_POINT ( 'NONE',  ( 0.4500000000000002887, 0.1019999999999999934, -0.3999999999999993006 ) ) ;
#2797 = VECTOR ( 'NONE', #1096, 1000.000000000000000 ) ;
#2798 = LINE ( 'NONE', #3507, #4064 ) ;
#2799 = ADVANCED_FACE ( 'NONE', ( #2042 ), #2766, .F. ) ;
#2800 = DIRECTION ( 'NONE',  ( 0.000000000000000000, -1.000000000000000000, 0.000000000000000000 ) ) ;
#2801 = LINE ( 'NONE', #964, #154 ) ;
#2802 = ORIENTED_EDGE ( 'NONE', *, *, #1823, .T. ) ;
#2803 = VECTOR ( 'NONE', #4467, 1000.000000000000000 ) ;
#2804 = CARTESIAN_POINT ( 'NONE',  ( -0.3999999999999997446, 0.1519999999999999962, 0.3999999999999993006 ) ) ;
#2805 = VERTEX_POINT ( 'NONE', #4610 ) ;
#2806 = ORIENTED_EDGE ( 'NONE', *, *, #2524, .T. ) ;
#2807 = VECTOR ( 'NONE', #3960, 1000.000000000000000 ) ;
#2808 = VERTEX_POINT ( 'NONE', #98 ) ;
#2809 = VECTOR ( 'NONE', #3266, 1000.000000000000000 ) ;
#2810 = EDGE_CURVE ( 'NONE', #3345, #777, #1232, .T. ) ;
#2811 = VECTOR ( 'NONE', #1955, 1000.000000000000000 ) ;
#2812 = DIRECTION ( 'NONE',  ( 1.000000000000000000, 0.000000000000000000, 7.047314121155780399E-15 ) ) ;
#2813 = VECTOR ( 'NONE', #1076, 1000.000000000000000 ) ;
#2814 = FACE_OUTER_BOUND ( 'NONE', #3767, .T. ) ;
#2815 = PLANE ( 'NONE',  #2952 ) ;
#2816 = VERTEX_POINT ( 'NONE', #153 ) ;
#2817 = ORIENTED_EDGE ( 'NONE', *, *, #3140, .F. ) ;
#2818 = EDGE_CURVE ( 'NONE', #2594, #3952, #3533, .T. ) ;
#2819 = DIRECTION ( 'NONE',  ( 0.000000000000000000, -1.000000000000000000, 0.000000000000000000 ) ) ;
#2820 = LINE ( 'NONE', #4344, #4642 ) ;
#2821 = ORIENTED_EDGE ( 'NONE', *, *, #2463, .T. ) ;
#2822 = AXIS2_PLACEMENT_3D ( 'NONE', #4860, #4125, #2995 ) ;
#2823 = FACE_OUTER_BOUND ( 'NONE', #4541, .T. ) ;
#2824 = CARTESIAN_POINT ( 'NONE',  ( -0.1499999999999995226, 0.04000000000000000083, -1.734723475976807094E-15 ) ) ;
#2825 = CARTESIAN_POINT ( 'NONE',  ( -0.2249999999999999500, 0.5000000000000000000, -0.5500000000000001554 ) ) ;
#2826 = ORIENTED_EDGE ( 'NONE', *, *, #3291, .T. ) ;
#2827 = EDGE_CURVE ( 'NONE', #576, #4011, #2394, .T. ) ;
#2828 = CARTESIAN_POINT ( 'NONE',  ( -4.336808689942017736E-16, 0.000000000000000000, 0.000000000000000000 ) ) ;
#2829 = PRESENTATION_STYLE_ASSIGNMENT (( #4699 ) ) ;
#2830 = ORIENTED_EDGE ( 'NONE', *, *, #3677, .T. ) ;
#2831 = ADVANCED_FACE ( 'NONE', ( #853, #514, #2793, #1669 ), #2369, .T. ) ;
#2832 = VERTEX_POINT ( 'NONE', #2341 ) ;
#2833 = VECTOR ( 'NONE', #3399, 1000.000000000000000 ) ;
#2834 = CARTESIAN_POINT ( 'NONE',  ( -0.1499999999999995226, 0.1519999999999999962, 0.09999999999999939493 ) ) ;
#2835 = VECTOR ( 'NONE', #1828, 1000.000000000000000 ) ;
#2836 = DIRECTION ( 'NONE',  ( -1.000000000000000000, 0.000000000000000000, -6.866613759074860889E-15 ) ) ;
#2837 = CARTESIAN_POINT ( 'NONE',  ( -0.3999999999999997446, 0.1519999999999930018, -9.275000000000000355 ) ) ;
#2838 = EDGE_CURVE ( 'NONE', #3722, #1431, #3853, .T. ) ;
#2839 = CARTESIAN_POINT ( 'NONE',  ( 0.4500000000000002887, 0.1519999999999999962, -0.5999999999999998668 ) ) ;
#2840 = EDGE_LOOP ( 'NONE', ( #152, #3891, #1583, #4510, #2915 ) ) ;
#2841 = VECTOR ( 'NONE', #1361, 1000.000000000000000 ) ;
#2842 = VERTEX_POINT ( 'NONE', #2699 ) ;
#2843 = EDGE_CURVE ( 'NONE', #1409, #156, #4575, .T. ) ;
#2844 = DIRECTION ( 'NONE',  ( -7.589415207398540504E-15, 0.000000000000000000, 1.000000000000000000 ) ) ;
#2845 = CARTESIAN_POINT ( 'NONE',  ( 0.2000000000000000944, 0.1519999999999999962, -0.5999999999999998668 ) ) ;
#2846 = ORIENTED_EDGE ( 'NONE', *, *, #1362, .F. ) ;
#2847 = EDGE_CURVE ( 'NONE', #1397, #602, #2655, .T. ) ;
#2848 = VECTOR ( 'NONE', #4080, 1000.000000000000000 ) ;
#2849 = EDGE_CURVE ( 'NONE', #4217, #2832, #2260, .T. ) ;
#2850 = EDGE_LOOP ( 'NONE', ( #1126, #3571, #4730, #10 ) ) ;
#2851 = LINE ( 'NONE', #1787, #1783 ) ;
#2852 = FACE_OUTER_BOUND ( 'NONE', #2017, .T. ) ;
#2854 = EDGE_CURVE ( 'NONE', #813, #903, #771, .T. ) ;
#2853 = FACE_OUTER_BOUND ( 'NONE', #4163, .T. ) ;
#2855 = LINE ( 'NONE', #1678, #1141 ) ;
#2856 = VERTEX_POINT ( 'NONE', #1197 ) ;
#2857 = ORIENTED_EDGE ( 'NONE', *, *, #1710, .T. ) ;
#2858 = CARTESIAN_POINT ( 'NONE',  ( -0.1000000000000032946, 0.1019999999999999934, -0.3999999999999993006 ) ) ;
#2859 = DIRECTION ( 'NONE',  ( 0.000000000000000000, 1.355252715606882022E-16, -1.000000000000000000 ) ) ;
#2860 = DIRECTION ( 'NONE',  ( 0.000000000000000000, 0.000000000000000000, 1.000000000000000000 ) ) ;
#2861 = CARTESIAN_POINT ( 'NONE',  ( -0.4499999999999994560, 0.1519999999999999962, 0.09999999999999766020 ) ) ;
#2862 = ORIENTED_EDGE ( 'NONE', *, *, #3414, .T. ) ;
#2863 = VERTEX_POINT ( 'NONE', #13 ) ;
#2864 = DIRECTION ( 'NONE',  ( -1.000000000000000000, 0.000000000000000000, 0.000000000000000000 ) ) ;
#2865 = DIRECTION ( 'NONE',  ( 0.000000000000000000, -1.355252715606882022E-16, 1.000000000000000000 ) ) ;
#2866 = EDGE_LOOP ( 'NONE', ( #1226, #2010, #3861, #4397, #1602, #1478, #1332, #1528, #3329, #562, #969, #429, #676, #711, #2902, #2830, #3426, #75, #4362, #2135 ) ) ;
#2867 = EDGE_CURVE ( 'NONE', #478, #1680, #792, .T. ) ;
#2868 = EDGE_CURVE ( 'NONE', #465, #3000, #3467, .T. ) ;
#2869 = CARTESIAN_POINT ( 'NONE',  ( 0.2000000000000000944, -1.659391495380860171, -0.5999999999999998668 ) ) ;
#2870 = ORIENTED_EDGE ( 'NONE', *, *, #2615, .T. ) ;
#2871 = CARTESIAN_POINT ( 'NONE',  ( -0.09999999999999635569, 0.1519999999999999962, -0.5000000000000004441 ) ) ;
#2872 = CARTESIAN_POINT ( 'NONE',  ( -0.4499999999999994560, 0.1019999999999999934, -0.3999999999999993006 ) ) ;
#2873 = ADVANCED_FACE ( 'NONE', ( #3001 ), #2283, .T. ) ;
#2874 = LINE ( 'NONE', #4399, #4361 ) ;
#2875 = FACE_OUTER_BOUND ( 'NONE', #1464, .T. ) ;
#2876 = VERTEX_POINT ( 'NONE', #4183 ) ;
#2877 = VECTOR ( 'NONE', #1228, 1000.000000000000000 ) ;
#2878 = ORIENTED_EDGE ( 'NONE', *, *, #3162, .F. ) ;
#2879 = AXIS2_PLACEMENT_3D ( 'NONE', #3382, #2919, #4833 ) ;
#2880 = LINE ( 'NONE', #1372, #4248 ) ;
#2881 = CARTESIAN_POINT ( 'NONE',  ( 0.4000000000000006328, -1.659391495380860171, -0.7249999999999999778 ) ) ;
#2882 = LINE ( 'NONE', #4821, #2564 ) ;
#2883 = LINE ( 'NONE', #4019, #3815 ) ;
#2884 = ORIENTED_EDGE ( 'NONE', *, *, #1241, .T. ) ;
#2885 = ORIENTED_EDGE ( 'NONE', *, *, #605, .T. ) ;
#2886 = STYLED_ITEM ( 'NONE', ( #3660 ), #4616 ) ;
#2887 = AXIS2_PLACEMENT_3D ( 'NONE', #2656, #313, #4499 ) ;
#2888 = EDGE_CURVE ( 'NONE', #4202, #1163, #1498, .T. ) ;
#2889 = VECTOR ( 'NONE', #40, 1000.000000000000000 ) ;
#2890 = LINE ( 'NONE', #1715, #32 ) ;
#2891 = DIRECTION ( 'NONE',  ( -1.000000000000000000, 0.000000000000000000, -7.047314121155780399E-15 ) ) ;
#2892 = LINE ( 'NONE', #270, #623 ) ;
#2893 = ORIENTED_EDGE ( 'NONE', *, *, #660, .F. ) ;
#2894 = EDGE_CURVE ( 'NONE', #4635, #887, #3024, .T. ) ;
#2895 = ORIENTED_EDGE ( 'NONE', *, *, #244, .T. ) ;
#2896 = VECTOR ( 'NONE', #347, 1000.000000000000000 ) ;
#2897 = VERTEX_POINT ( 'NONE', #3421 ) ;
#2898 = LINE ( 'NONE', #2184, #4204 ) ;
#2899 = LINE ( 'NONE', #2138, #781 ) ;
#2900 = FILL_AREA_STYLE_COLOUR ( '', #3709 ) ;
#2901 = ORIENTED_EDGE ( 'NONE', *, *, #3852, .F. ) ;
#2902 = ORIENTED_EDGE ( 'NONE', *, *, #563, .T. ) ;
#2903 = CARTESIAN_POINT ( 'NONE',  ( -0.3999999999999997446, 0.1519999999999999962, -0.5999999999999998668 ) ) ;
#2904 = DIRECTION ( 'NONE',  ( 0.000000000000000000, 0.000000000000000000, -1.000000000000000000 ) ) ;
#2905 = PLANE ( 'NONE',  #3748 ) ;
#2906 = CARTESIAN_POINT ( 'NONE',  ( 0.5000000000000000000, 0.04000000000000000083, 0.7249999999999999778 ) ) ;
#2907 = VERTEX_POINT ( 'NONE', #425 ) ;
#2908 = ORIENTED_EDGE ( 'NONE', *, *, #1860, .F. ) ;
#2909 = EDGE_CURVE ( 'NONE', #1891, #2856, #38, .T. ) ;
#2910 = DIRECTION ( 'NONE',  ( 0.000000000000000000, 0.000000000000000000, -1.000000000000000000 ) ) ;
#2911 = AXIS2_PLACEMENT_3D ( 'NONE', #1057, #4741, #2502 ) ;
#2912 = CARTESIAN_POINT ( 'NONE',  ( 0.4500000000000002887, 0.1519999999999999962, -0.3999999999999993006 ) ) ;
#2913 = ORIENTED_EDGE ( 'NONE', *, *, #1909, .F. ) ;
#2914 = VECTOR ( 'NONE', #92, 1000.000000000000000 ) ;
#2915 = ORIENTED_EDGE ( 'NONE', *, *, #4262, .F. ) ;
#2916 =( LENGTH_UNIT ( ) NAMED_UNIT ( * ) SI_UNIT ( .MILLI., .METRE. ) );
#2917 = ORIENTED_EDGE ( 'NONE', *, *, #244, .F. ) ;
#2918 = DIRECTION ( 'NONE',  ( -1.000000000000000000, 0.000000000000000000, 5.949559421514200533E-14 ) ) ;
#2919 = DIRECTION ( 'NONE',  ( 1.000000000000000000, 0.000000000000000000, 7.589415207398540504E-15 ) ) ;
#2920 = ORIENTED_EDGE ( 'NONE', *, *, #2990, .F. ) ;
#2921 = EDGE_CURVE ( 'NONE', #4853, #1409, #2623, .T. ) ;
#2922 =( NAMED_UNIT ( * ) SI_UNIT ( $, .STERADIAN. ) SOLID_ANGLE_UNIT ( ) );
#2923 = ORIENTED_EDGE ( 'NONE', *, *, #3238, .F. ) ;
#2924 = VERTEX_POINT ( 'NONE', #3050 ) ;
#2925 = VECTOR ( 'NONE', #3221, 1000.000000000000000 ) ;
#2926 = CARTESIAN_POINT ( 'NONE',  ( 0.5000000000000000000, 0.1519999999999999962, 0.3999999999999993006 ) ) ;
#2927 = DIRECTION ( 'NONE',  ( 1.000000000000000000, 1.355252715606880049E-16, 0.000000000000000000 ) ) ;
#2928 = DIRECTION ( 'NONE',  ( 0.000000000000000000, -1.000000000000000000, 0.000000000000000000 ) ) ;
#2929 = EDGE_CURVE ( 'NONE', #3605, #1172, #4549, .T. ) ;
#2930 = LINE ( 'NONE', #974, #1132 ) ;
#2931 = VERTEX_POINT ( 'NONE', #3447 ) ;
#2932 = ORIENTED_EDGE ( 'NONE', *, *, #3616, .T. ) ;
#2933 = ADVANCED_FACE ( 'NONE', ( #1121 ), #3370, .F. ) ;
#2934 = LINE ( 'NONE', #3634, #1452 ) ;
#2935 = FACE_OUTER_BOUND ( 'NONE', #4182, .T. ) ;
#2936 = VERTEX_POINT ( 'NONE', #2729 ) ;
#2937 = DIRECTION ( 'NONE',  ( 0.000000000000000000, -1.000000000000000000, 0.000000000000000000 ) ) ;
#2938 = LINE ( 'NONE', #619, #2239 ) ;
#2939 = EDGE_CURVE ( 'NONE', #430, #4176, #4205, .T. ) ;
#2940 = DIRECTION ( 'NONE',  ( -7.047314121155780399E-15, -1.355252715606882022E-16, 1.000000000000000000 ) ) ;
#2941 = CARTESIAN_POINT ( 'NONE',  ( -0.3999999999999997446, 0.1019999999999929990, 0.3999999999999993006 ) ) ;
#2942 = EDGE_CURVE ( 'NONE', #3889, #375, #818, .T. ) ;
#2943 = LINE ( 'NONE', #2592, #506 ) ;
#2944 = DIRECTION ( 'NONE',  ( 0.000000000000000000, -1.355252715606882022E-16, 1.000000000000000000 ) ) ;
#2945 = ORIENTED_EDGE ( 'NONE', *, *, #4078, .T. ) ;
#2946 = ORIENTED_EDGE ( 'NONE', *, *, #3243, .T. ) ;
#2947 = DIRECTION ( 'NONE',  ( 1.000000000000000000, 0.000000000000000000, 7.002139030635550521E-15 ) ) ;
#2948 = LINE ( 'NONE', #1826, #215 ) ;
#2949 = CARTESIAN_POINT ( 'NONE',  ( -0.1499999999999995226, 0.1019999999999929990, -0.09999999999999939493 ) ) ;
#2950 = VECTOR ( 'NONE', #1674, 1000.000000000000000 ) ;
#2951 = DIRECTION ( 'NONE',  ( 1.000000000000000000, 1.355252715606880049E-16, 0.000000000000000000 ) ) ;
#2952 = AXIS2_PLACEMENT_3D ( 'NONE', #1977, #4657, #4578 ) ;
#2953 = ORIENTED_EDGE ( 'NONE', *, *, #2929, .T. ) ;
#2954 = ORIENTED_EDGE ( 'NONE', *, *, #1998, .T. ) ;
#2955 = AXIS2_PLACEMENT_3D ( 'NONE', #4242, #1231, #52 ) ;
#2956 = LINE ( 'NONE', #720, #515 ) ;
#2957 = CARTESIAN_POINT ( 'NONE',  ( 0.4000000000000006328, 0.1519999999999999962, -0.5999999999999998668 ) ) ;
#2958 = VECTOR ( 'NONE', #4777, 1000.000000000000000 ) ;
#2959 = CARTESIAN_POINT ( 'NONE',  ( -4.336808689942017736E-16, 0.04000000000000000083, -0.5999999999999998668 ) ) ;
#2960 = VERTEX_POINT ( 'NONE', #2332 ) ;
#2961 = CIRCLE ( 'NONE', #663, 0.09999999999999999167 ) ;
#2962 = VECTOR ( 'NONE', #3895, 1000.000000000000000 ) ;
#2963 = VECTOR ( 'NONE', #1202, 1000.000000000000000 ) ;
#2964 = DIRECTION ( 'NONE',  ( 1.000000000000000000, 1.355252715606880049E-16, 6.866613759074860889E-15 ) ) ;
#2965 = DIRECTION ( 'NONE',  ( 1.000000000000000000, 1.355252715606880049E-16, 6.866613759074860889E-15 ) ) ;
#2966 = ADVANCED_FACE ( 'NONE', ( #4522 ), #64, .F. ) ;
#2967 = CARTESIAN_POINT ( 'NONE',  ( -0.3999999999999997446, 0.1519999999999999962, -0.5999999999999998668 ) ) ;
#2968 = VECTOR ( 'NONE', #2385, 1000.000000000000000 ) ;
#2969 = VERTEX_POINT ( 'NONE', #3208 ) ;
#2970 = DIRECTION ( 'NONE',  ( 0.000000000000000000, -0.000000000000000000, 1.000000000000000000 ) ) ;
#2971 = CARTESIAN_POINT ( 'NONE',  ( -0.4499999999999994560, 0.1019999999999999934, -0.3999999999999993006 ) ) ;
#2972 = LINE ( 'NONE', #1374, #2958 ) ;
#2973 = ADVANCED_FACE ( 'NONE', ( #4317 ), #1303, .F. ) ;
#2974 = DIRECTION ( 'NONE',  ( 0.000000000000000000, 1.000000000000000000, 0.000000000000000000 ) ) ;
#2975 = VERTEX_POINT ( 'NONE', #167 ) ;
#2976 = ORIENTED_EDGE ( 'NONE', *, *, #4215, .T. ) ;
#2977 = EDGE_CURVE ( 'NONE', #610, #923, #4624, .T. ) ;
#2978 = CARTESIAN_POINT ( 'NONE',  ( -0.4999999999999991673, 0.1019999999999929990, 0.3999999999999993006 ) ) ;
#2979 = DIRECTION ( 'NONE',  ( -1.000000000000000000, -1.355252715606880049E-16, -7.047314121155780399E-15 ) ) ;
#2980 = FACE_OUTER_BOUND ( 'NONE', #4659, .T. ) ;
#2981 = ORIENTED_EDGE ( 'NONE', *, *, #658, .T. ) ;
#2982 = ADVANCED_FACE ( 'NONE', ( #473 ), #2484, .F. ) ;
#2983 = VECTOR ( 'NONE', #4220, 1000.000000000000000 ) ;
#2984 = FACE_BOUND ( 'NONE', #2172, .T. ) ;
#2985 = VERTEX_POINT ( 'NONE', #1327 ) ;
#2986 = EDGE_CURVE ( 'NONE', #2449, #2542, #188, .T. ) ;
#2987 = LINE ( 'NONE', #4051, #1857 ) ;
#2988 = DIRECTION ( 'NONE',  ( -1.000000000000000000, 0.000000000000000000, -1.084202172485504040E-15 ) ) ;
#2989 = VECTOR ( 'NONE', #737, 1000.000000000000000 ) ;
#2990 = EDGE_CURVE ( 'NONE', #681, #3451, #2081, .T. ) ;
#2991 = ADVANCED_FACE ( 'NONE', ( #2101 ), #3126, .F. ) ;
#2992 = DIRECTION ( 'NONE',  ( 1.355252715606880049E-16, -1.000000000000000000, 0.000000000000000000 ) ) ;
#2993 = LINE ( 'NONE', #3690, #2210 ) ;
#2994 = ORIENTED_EDGE ( 'NONE', *, *, #523, .F. ) ;
#2995 = DIRECTION ( 'NONE',  ( 0.000000000000000000, -1.000000000000000000, 0.000000000000000000 ) ) ;
#2996 = DIRECTION ( 'NONE',  ( 0.000000000000000000, 1.000000000000000000, 0.000000000000000000 ) ) ;
#2997 = CARTESIAN_POINT ( 'NONE',  ( -0.4999999999999991673, 0.1019999999999999934, -0.5999999999999998668 ) ) ;
#2998 = ORIENTED_EDGE ( 'NONE', *, *, #3762, .F. ) ;
#2999 = ORIENTED_EDGE ( 'NONE', *, *, #4574, .T. ) ;
#3000 = VERTEX_POINT ( 'NONE', #3970 ) ;
#3001 = FACE_OUTER_BOUND ( 'NONE', #1799, .T. ) ;
#3002 = LINE ( 'NONE', #1178, #1788 ) ;
#3003 = CARTESIAN_POINT ( 'NONE',  ( -0.3999999999999997446, 0.1019999999999929990, -9.275000000000000355 ) ) ;
#3004 = EDGE_CURVE ( 'NONE', #1594, #597, #1278, .T. ) ;
#3005 = LINE ( 'NONE', #1474, #1665 ) ;
#3006 = ORIENTED_EDGE ( 'NONE', *, *, #2347, .F. ) ;
#3007 = ORIENTED_EDGE ( 'NONE', *, *, #1477, .T. ) ;
#3008 = CARTESIAN_POINT ( 'NONE',  ( 0.5000000000000000000, 0.1519999999999930018, 0.3999999999999993006 ) ) ;
#3009 = EDGE_LOOP ( 'NONE', ( #2414, #3646, #1859, #1569 ) ) ;
#3010 = DIRECTION ( 'NONE',  ( 0.000000000000000000, -1.000000000000000000, 0.000000000000000000 ) ) ;
#3011 = CARTESIAN_POINT ( 'NONE',  ( -0.3999999999999997446, 0.1519999999999999962, 0.09999999999999766020 ) ) ;
#3012 = ADVANCED_FACE ( 'NONE', ( #2435 ), #3601, .T. ) ;
#3013 = DIRECTION ( 'NONE',  ( 1.000000000000000000, 1.355252715606880049E-16, 3.659182332138575098E-15 ) ) ;
#3014 = PLANE ( 'NONE',  #393 ) ;
#3015 = EDGE_CURVE ( 'NONE', #2388, #2420, #3947, .T. ) ;
#3016 = ORIENTED_EDGE ( 'NONE', *, *, #3162, .T. ) ;
#3017 = DIRECTION ( 'NONE',  ( 7.589415207398540504E-15, 1.355252715606882022E-16, -1.000000000000000000 ) ) ;
#3018 = PLANE ( 'NONE',  #2822 ) ;
#3019 = CARTESIAN_POINT ( 'NONE',  ( 0.1499999999999951927, 0.1519999999999999962, 0.5999999999999998668 ) ) ;
#3020 = DIRECTION ( 'NONE',  ( 1.355252715606880049E-16, -1.000000000000000000, 0.000000000000000000 ) ) ;
#3021 = ORIENTED_EDGE ( 'NONE', *, *, #3133, .F. ) ;
#3022 = ORIENTED_EDGE ( 'NONE', *, *, #388, .T. ) ;
#3023 = EDGE_LOOP ( 'NONE', ( #3188, #2329, #3667, #1621 ) ) ;
#3024 = LINE ( 'NONE', #4498, #1416 ) ;
#3025 = VECTOR ( 'NONE', #901, 1000.000000000000000 ) ;
#3026 = FACE_OUTER_BOUND ( 'NONE', #934, .T. ) ;
#3027 = DIRECTION ( 'NONE',  ( 0.000000000000000000, 0.000000000000000000, 1.000000000000000000 ) ) ;
#3028 = DIRECTION ( 'NONE',  ( 1.000000000000000000, 0.000000000000000000, 0.000000000000000000 ) ) ;
#3029 = ORIENTED_EDGE ( 'NONE', *, *, #2183, .T. ) ;
#3030 = ORIENTED_EDGE ( 'NONE', *, *, #1838, .F. ) ;
#3031 = VECTOR ( 'NONE', #2918, 1000.000000000000000 ) ;
#3032 = EDGE_CURVE ( 'NONE', #2195, #3898, #1684, .T. ) ;
#3033 = ORIENTED_EDGE ( 'NONE', *, *, #3978, .T. ) ;
#3034 = VECTOR ( 'NONE', #3934, 1000.000000000000000 ) ;
#3035 = FACE_OUTER_BOUND ( 'NONE', #4803, .T. ) ;
#3036 = LINE ( 'NONE', #778, #2983 ) ;
#3037 = VECTOR ( 'NONE', #534, 1000.000000000000000 ) ;
#3038 = VECTOR ( 'NONE', #336, 1000.000000000000000 ) ;
#3039 = PLANE ( 'NONE',  #3118 ) ;
#3040 = CARTESIAN_POINT ( 'NONE',  ( -0.3999999999999997446, 0.1519999999999999962, 0.7249999999999999778 ) ) ;
#3041 = ORIENTED_EDGE ( 'NONE', *, *, #2708, .F. ) ;
#3042 = CARTESIAN_POINT ( 'NONE',  ( -0.1999999999999992339, 0.1019999999999929990, -9.275000000000000355 ) ) ;
#3043 = LINE ( 'NONE', #4647, #4089 ) ;
#3044 = CARTESIAN_POINT ( 'NONE',  ( -0.4999999999999991673, 0.1019999999999999934, -0.3999999999999993006 ) ) ;
#3045 = VECTOR ( 'NONE', #1750, 1000.000000000000000 ) ;
#3046 = CARTESIAN_POINT ( 'NONE',  ( 0.4000000000000006328, 0.1519999999999930018, 0.7249999999999999778 ) ) ;
#3047 = ORIENTED_EDGE ( 'NONE', *, *, #2325, .T. ) ;
#3048 = EDGE_LOOP ( 'NONE', ( #2099, #3033, #1898, #4468 ) ) ;
#3049 = VERTEX_POINT ( 'NONE', #4263 ) ;
#3050 = CARTESIAN_POINT ( 'NONE',  ( -0.1999999999999992339, 0.1019999999999929990, -0.3999999999999993006 ) ) ;
#3051 = LINE ( 'NONE', #1499, #3281 ) ;
#3052 = DIRECTION ( 'NONE',  ( 0.000000000000000000, 0.000000000000000000, -1.000000000000000000 ) ) ;
#3053 = FACE_BOUND ( 'NONE', #2840, .T. ) ;
#3054 = EDGE_CURVE ( 'NONE', #3083, #3820, #4336, .T. ) ;
#3055 = EDGE_LOOP ( 'NONE', ( #4422, #126, #4456, #2633 ) ) ;
#3056 = LINE ( 'NONE', #851, #2963 ) ;
#3057 = ORIENTED_EDGE ( 'NONE', *, *, #4608, .F. ) ;
#3058 = DIRECTION ( 'NONE',  ( -1.084202172485504040E-15, 0.000000000000000000, 1.000000000000000000 ) ) ;
#3059 = VECTOR ( 'NONE', #3091, 1000.000000000000000 ) ;
#3060 = CARTESIAN_POINT ( 'NONE',  ( 0.4000000000000006328, 0.1019999999999929990, -9.275000000000000355 ) ) ;
#3061 = AXIS2_PLACEMENT_3D ( 'NONE', #1862, #366, #4879 ) ;
#3062 = CARTESIAN_POINT ( 'NONE',  ( 0.4500000000000002887, 0.04000000000000000083, 3.469446951953614189E-15 ) ) ;
#3063 = LINE ( 'NONE', #2690, #3822 ) ;
#3064 = ORIENTED_EDGE ( 'NONE', *, *, #791, .T. ) ;
#3065 = EDGE_CURVE ( 'NONE', #1428, #352, #1627, .T. ) ;
#3066 = CARTESIAN_POINT ( 'NONE',  ( 0.5000000000000000000, 0.1519999999999930018, 0.3999999999999993006 ) ) ;
#3067 = LINE ( 'NONE', #3788, #1058 ) ;
#3068 = DIRECTION ( 'NONE',  ( 1.000000000000000000, 0.000000000000000000, 7.047314121155780399E-15 ) ) ;
#3069 = ORIENTED_EDGE ( 'NONE', *, *, #3259, .F. ) ;
#3070 = VERTEX_POINT ( 'NONE', #898 ) ;
#3071 = VERTEX_POINT ( 'NONE', #3182 ) ;
#3072 = AXIS2_PLACEMENT_3D ( 'NONE', #688, #3713, #2642 ) ;
#3073 = EDGE_CURVE ( 'NONE', #4731, #3184, #3523, .T. ) ;
#3074 = DIRECTION ( 'NONE',  ( 1.355252715606880049E-16, -1.000000000000000000, 0.000000000000000000 ) ) ;
#3075 = CARTESIAN_POINT ( 'NONE',  ( -0.1999999999999992339, 0.1019999999999929990, -0.09999999999999592548 ) ) ;
#3076 = ORIENTED_EDGE ( 'NONE', *, *, #2847, .T. ) ;
#3077 = CARTESIAN_POINT ( 'NONE',  ( -0.3999999999999997446, 0.1519999999999930018, -9.275000000000000355 ) ) ;
#3078 = LINE ( 'NONE', #2002, #3025 ) ;
#3079 = ORIENTED_EDGE ( 'NONE', *, *, #3866, .F. ) ;
#3080 = VERTEX_POINT ( 'NONE', #498 ) ;
#3081 = ADVANCED_FACE ( 'NONE', ( #1657, #2410, #2055 ), #3550, .T. ) ;
#3082 = DIRECTION ( 'NONE',  ( -8.673617379884270158E-16, 0.000000000000000000, 1.000000000000000000 ) ) ;
#3083 = VERTEX_POINT ( 'NONE', #238 ) ;
#3084 = FACE_OUTER_BOUND ( 'NONE', #1755, .T. ) ;
#3085 = PLANE ( 'NONE',  #931 ) ;
#3086 = ADVANCED_FACE ( 'NONE', ( #1749 ), #998, .T. ) ;
#3087 = DIRECTION ( 'NONE',  ( 0.000000000000000000, 1.000000000000000000, 0.000000000000000000 ) ) ;
#3088 = LINE ( 'NONE', #1189, #1269 ) ;
#3089 = ORIENTED_EDGE ( 'NONE', *, *, #1070, .F. ) ;
#3090 = EDGE_CURVE ( 'NONE', #2061, #2481, #1254, .T. ) ;
#3091 = DIRECTION ( 'NONE',  ( 0.000000000000000000, -1.355252715606882022E-16, 1.000000000000000000 ) ) ;
#3092 = DIRECTION ( 'NONE',  ( 7.047314121155780399E-15, 1.355252715606882022E-16, -1.000000000000000000 ) ) ;
#3093 = CARTESIAN_POINT ( 'NONE',  ( 0.4000000000000006328, 0.1519999999999999962, 0.5999999999999998668 ) ) ;
#3094 = VERTEX_POINT ( 'NONE', #4383 ) ;
#3095 = EDGE_LOOP ( 'NONE', ( #3876, #3180, #2415, #653, #2090, #330, #242, #2773, #1734, #1262, #4116, #2177, #4162, #3579, #529, #997, #422, #864, #537, #2264 ) ) ;
#3096 = ORIENTED_EDGE ( 'NONE', *, *, #2417, .F. ) ;
#3097 = VECTOR ( 'NONE', #2477, 1000.000000000000000 ) ;
#3098 = CARTESIAN_POINT ( 'NONE',  ( 0.5000000000000000000, 0.1519999999999930018, 0.5999999999999998668 ) ) ;
#3099 = CARTESIAN_POINT ( 'NONE',  ( 0.4499999999999951261, 0.1519999999999999962, 0.5999999999999998668 ) ) ;
#3100 = ORIENTED_EDGE ( 'NONE', *, *, #1187, .F. ) ;
#3101 = LINE ( 'NONE', #14, #746 ) ;
#3102 = CARTESIAN_POINT ( 'NONE',  ( -0.4250000000000004885, 0.4500000000000000111, -0.5500000000000001554 ) ) ;
#3103 = ORIENTED_EDGE ( 'NONE', *, *, #113, .T. ) ;
#3104 = ORIENTED_EDGE ( 'NONE', *, *, #2794, .T. ) ;
#3105 = LINE ( 'NONE', #1581, #3590 ) ;
#3106 = DIRECTION ( 'NONE',  ( 0.000000000000000000, -1.000000000000000000, 0.000000000000000000 ) ) ;
#3107 = VERTEX_POINT ( 'NONE', #2531 ) ;
#3108 = AXIS2_PLACEMENT_3D ( 'NONE', #2493, #4431, #225 ) ;
#3109 = PLANE ( 'NONE',  #4520 ) ;
#3110 = CARTESIAN_POINT ( 'NONE',  ( 0.4500000000000002887, 0.04000000000000000083, 3.469446951953614189E-15 ) ) ;
#3111 = VECTOR ( 'NONE', #757, 1000.000000000000000 ) ;
#3112 = DIRECTION ( 'NONE',  ( 1.000000000000000000, 0.000000000000000000, 7.047314121155780399E-15 ) ) ;
#3113 = PLANE ( 'NONE',  #1219 ) ;
#3114 = CARTESIAN_POINT ( 'NONE',  ( -0.4499999999999994560, 0.04000000000000000083, 0.09999999999999766020 ) ) ;
#3115 = VECTOR ( 'NONE', #3665, 1000.000000000000000 ) ;
#3116 = DIRECTION ( 'NONE',  ( 0.000000000000000000, 0.000000000000000000, 1.000000000000000000 ) ) ;
#3117 = ORIENTED_EDGE ( 'NONE', *, *, #1610, .F. ) ;
#3118 = AXIS2_PLACEMENT_3D ( 'NONE', #3060, #3731, #883 ) ;
#3119 = VECTOR ( 'NONE', #3401, 1000.000000000000000 ) ;
#3120 = CARTESIAN_POINT ( 'NONE',  ( 0.4000000000000006328, 0.1519999999999930018, -9.275000000000000355 ) ) ;
#3121 = DIRECTION ( 'NONE',  ( 0.000000000000000000, 1.000000000000000000, 0.000000000000000000 ) ) ;
#3122 = DIRECTION ( 'NONE',  ( 0.000000000000000000, 1.355252715606882022E-16, -1.000000000000000000 ) ) ;
#3123 = VERTEX_POINT ( 'NONE', #1825 ) ;
#3124 = ORIENTED_EDGE ( 'NONE', *, *, #4469, .T. ) ;
#3125 = ORIENTED_EDGE ( 'NONE', *, *, #953, .T. ) ;
#3126 = PLANE ( 'NONE',  #622 ) ;
#3127 = DIRECTION ( 'NONE',  ( -1.000000000000000000, 0.000000000000000000, -6.866613759074860889E-15 ) ) ;
#3128 = ORIENTED_EDGE ( 'NONE', *, *, #3430, .T. ) ;
#3129 = CARTESIAN_POINT ( 'NONE',  ( 0.4500000000000002887, 0.1519999999999999962, 0.1000000000000028644 ) ) ;
#3130 = LINE ( 'NONE', #3874, #2014 ) ;
#3131 = VERTEX_POINT ( 'NONE', #1400 ) ;
#3132 = EDGE_LOOP ( 'NONE', ( #4306, #2040, #1995, #4201 ) ) ;
#3133 = EDGE_CURVE ( 'NONE', #839, #2241, #3693, .T. ) ;
#3134 = CARTESIAN_POINT ( 'NONE',  ( -0.3999999999999997446, -1.659391495380860171, 0.7249999999999999778 ) ) ;
#3135 = DIRECTION ( 'NONE',  ( -1.000000000000000000, 0.000000000000000000, 0.000000000000000000 ) ) ;
#3136 = ORIENTED_EDGE ( 'NONE', *, *, #2810, .T. ) ;
#3137 = CARTESIAN_POINT ( 'NONE',  ( 0.2000000000000000944, 0.1519999999999999962, 0.5999999999999998668 ) ) ;
#3138 = LINE ( 'NONE', #1609, #2441 ) ;
#3139 = VERTEX_POINT ( 'NONE', #1842 ) ;
#3140 = EDGE_CURVE ( 'NONE', #3485, #213, #3338, .T. ) ;
#3141 = DIRECTION ( 'NONE',  ( 1.355252715606880049E-16, -1.000000000000000000, 0.000000000000000000 ) ) ;
#3142 = EDGE_CURVE ( 'NONE', #2627, #4107, #3253, .T. ) ;
#3143 = DIRECTION ( 'NONE',  ( 1.000000000000000000, 0.000000000000000000, 0.000000000000000000 ) ) ;
#3144 = CARTESIAN_POINT ( 'NONE',  ( -0.4999999999999991673, 0.1019999999999921941, -0.3999999999999993006 ) ) ;
#3145 = ORIENTED_EDGE ( 'NONE', *, *, #2434, .T. ) ;
#3146 = AXIS2_PLACEMENT_3D ( 'NONE', #434, #3780, #1958 ) ;
#3147 = CARTESIAN_POINT ( 'NONE',  ( 0.4000000000000006328, 0.1019999999999929990, 0.7249999999999999778 ) ) ;
#3148 = DIRECTION ( 'NONE',  ( 0.000000000000000000, -1.000000000000000000, 0.000000000000000000 ) ) ;
#3149 = VECTOR ( 'NONE', #836, 1000.000000000000000 ) ;
#3150 = CARTESIAN_POINT ( 'NONE',  ( -0.4250000000000004885, 0.4500000000000000111, -0.5500000000000001554 ) ) ;
#3151 = ORIENTED_EDGE ( 'NONE', *, *, #417, .T. ) ;
#3152 = ORIENTED_EDGE ( 'NONE', *, *, #1795, .T. ) ;
#3153 = ORIENTED_EDGE ( 'NONE', *, *, #3723, .T. ) ;
#3154 = VECTOR ( 'NONE', #3671, 1000.000000000000000 ) ;
#3155 = CARTESIAN_POINT ( 'NONE',  ( -0.4499999999999994560, 0.1519999999999999962, 0.3999999999999993006 ) ) ;
#3156 = CARTESIAN_POINT ( 'NONE',  ( -0.1500000000000047407, 0.1519999999999999962, 0.5999999999999998668 ) ) ;
#3157 = CARTESIAN_POINT ( 'NONE',  ( -0.4999999999999991673, 0.1019999999999963991, -0.09999999999999592548 ) ) ;
#3158 = EDGE_CURVE ( 'NONE', #588, #753, #4840, .T. ) ;
#3159 = LINE ( 'NONE', #3102, #1933 ) ;
#3160 = ORIENTED_EDGE ( 'NONE', *, *, #3175, .T. ) ;
#3161 = EDGE_LOOP ( 'NONE', ( #4571, #3472, #2704, #4181 ) ) ;
#3162 = EDGE_CURVE ( 'NONE', #4750, #3263, #2880, .T. ) ;
#3163 = DIRECTION ( 'NONE',  ( 0.000000000000000000, 1.000000000000000000, 0.000000000000000000 ) ) ;
#3164 = DIRECTION ( 'NONE',  ( 0.000000000000000000, 1.000000000000000000, 0.000000000000000000 ) ) ;
#3165 = LINE ( 'NONE', #3850, #46 ) ;
#3166 = ORIENTED_EDGE ( 'NONE', *, *, #4782, .F. ) ;
#3167 = DIRECTION ( 'NONE',  ( 0.000000000000000000, 1.000000000000000000, 0.000000000000000000 ) ) ;
#3168 = VECTOR ( 'NONE', #3805, 1000.000000000000000 ) ;
#3169 = ORIENTED_EDGE ( 'NONE', *, *, #4177, .T. ) ;
#3170 = LINE ( 'NONE', #3763, #1626 ) ;
#3171 = CARTESIAN_POINT ( 'NONE',  ( 0.4500000000000002887, 0.000000000000000000, 0.3999999999999993006 ) ) ;
#3172 = CARTESIAN_POINT ( 'NONE',  ( 0.4500000000000002887, 0.1519999999999999962, 0.3999999999999993006 ) ) ;
#3173 = CARTESIAN_POINT ( 'NONE',  ( -0.4499999999999994560, 0.000000000000000000, 0.5999999999999998668 ) ) ;
#3174 = ORIENTED_EDGE ( 'NONE', *, *, #1838, .T. ) ;
#3175 = EDGE_CURVE ( 'NONE', #539, #3403, #4446, .T. ) ;
#3176 = CARTESIAN_POINT ( 'NONE',  ( -4.336808689942017736E-16, 0.1519999999999999962, 0.000000000000000000 ) ) ;
#3177 = EDGE_CURVE ( 'NONE', #1451, #2403, #4470, .T. ) ;
#3178 = CARTESIAN_POINT ( 'NONE',  ( -0.1500000000000047407, 0.1519999999999999962, 0.5999999999999998668 ) ) ;
#3179 = ORIENTED_EDGE ( 'NONE', *, *, #3142, .F. ) ;
#3180 = ORIENTED_EDGE ( 'NONE', *, *, #1760, .T. ) ;
#3181 = ORIENTED_EDGE ( 'NONE', *, *, #530, .T. ) ;
#3182 = CARTESIAN_POINT ( 'NONE',  ( 0.5000000000000000000, 0.1019999999999924023, -0.09999999999999592548 ) ) ;
#3183 = DIRECTION ( 'NONE',  ( 1.000000000000000000, 0.000000000000000000, 7.589415207398540504E-15 ) ) ;
#3184 = VERTEX_POINT ( 'NONE', #1423 ) ;
#3185 = CARTESIAN_POINT ( 'NONE',  ( -0.3999999999999997446, 0.1519999999999999962, 0.5999999999999998668 ) ) ;
#3186 = DIRECTION ( 'NONE',  ( 0.000000000000000000, 1.000000000000000000, 0.000000000000000000 ) ) ;
#3187 = ORIENTED_EDGE ( 'NONE', *, *, #802, .T. ) ;
#3188 = ORIENTED_EDGE ( 'NONE', *, *, #223, .F. ) ;
#3189 = LINE ( 'NONE', #4661, #1256 ) ;
#3190 = ADVANCED_FACE ( 'NONE', ( #2508 ), #629, .F. ) ;
#3191 = VERTEX_POINT ( 'NONE', #606 ) ;
#3192 = EDGE_CURVE ( 'NONE', #618, #813, #1040, .T. ) ;
#3193 = ORIENTED_EDGE ( 'NONE', *, *, #2781, .F. ) ;
#3194 = ADVANCED_FACE ( 'NONE', ( #3648 ), #3717, .F. ) ;
#3195 = CARTESIAN_POINT ( 'NONE',  ( 0.2000000000000000944, 0.1019999999999929990, -0.5999999999999998668 ) ) ;
#3196 = AXIS2_PLACEMENT_3D ( 'NONE', #2861, #241, #3604 ) ;
#3197 = DIRECTION ( 'NONE',  ( 1.355252715606880049E-16, -1.000000000000000000, 0.000000000000000000 ) ) ;
#3198 = PLANE ( 'NONE',  #3704 ) ;
#3199 = VECTOR ( 'NONE', #3436, 1000.000000000000000 ) ;
#3200 = PLANE ( 'NONE',  #3591 ) ;
#3201 = CARTESIAN_POINT ( 'NONE',  ( 0.5000000000000000000, 0.1519999999999999962, 0.5999999999999998668 ) ) ;
#3202 = ORIENTED_EDGE ( 'NONE', *, *, #61, .T. ) ;
#3203 = ORIENTED_EDGE ( 'NONE', *, *, #966, .F. ) ;
#3204 =( GEOMETRIC_REPRESENTATION_CONTEXT ( 3 ) GLOBAL_UNCERTAINTY_ASSIGNED_CONTEXT ( ( #121 ) ) GLOBAL_UNIT_ASSIGNED_CONTEXT ( ( #2916, #1742, #2541 ) ) REPRESENTATION_CONTEXT ( 'NONE', 'WORKASPACE' ) );
#3205 = ORIENTED_EDGE ( 'NONE', *, *, #175, .F. ) ;
#3206 = VECTOR ( 'NONE', #1355, 1000.000000000000000 ) ;
#3207 = VECTOR ( 'NONE', #2738, 1000.000000000000000 ) ;
#3208 = CARTESIAN_POINT ( 'NONE',  ( 0.2000000000000000944, 0.1019999999999929990, 0.5999999999999998668 ) ) ;
#3209 = EDGE_CURVE ( 'NONE', #4810, #164, #3272, .T. ) ;
#3210 = PLANE ( 'NONE',  #3218 ) ;
#3211 = FACE_OUTER_BOUND ( 'NONE', #3369, .T. ) ;
#3212 = DIRECTION ( 'NONE',  ( 1.000000000000000000, 1.355252715606880049E-16, 6.866613759074860889E-15 ) ) ;
#3213 = ORIENTED_EDGE ( 'NONE', *, *, #2463, .F. ) ;
#3214 = ORIENTED_EDGE ( 'NONE', *, *, #2310, .F. ) ;
#3215 = EDGE_CURVE ( 'NONE', #4497, #2061, #1018, .T. ) ;
#3216 = CARTESIAN_POINT ( 'NONE',  ( -0.1999999999999992339, 0.1519999999999930018, -9.275000000000000355 ) ) ;
#3217 = VERTEX_POINT ( 'NONE', #2166 ) ;
#3218 = AXIS2_PLACEMENT_3D ( 'NONE', #189, #1731, #971 ) ;
#3219 = ORIENTED_EDGE ( 'NONE', *, *, #3606, .F. ) ;
#3220 = SURFACE_STYLE_FILL_AREA ( #939 ) ;
#3221 = DIRECTION ( 'NONE',  ( 0.000000000000000000, 1.355252715606882022E-16, -1.000000000000000000 ) ) ;
#3222 = DIRECTION ( 'NONE',  ( 0.000000000000000000, -1.000000000000000000, 0.000000000000000000 ) ) ;
#3223 = CARTESIAN_POINT ( 'NONE',  ( -0.09999999999999635569, 0.1519999999999999962, -0.5000000000000004441 ) ) ;
#3224 = LINE ( 'NONE', #3201, #699 ) ;
#3225 = ORIENTED_EDGE ( 'NONE', *, *, #611, .F. ) ;
#3226 = EDGE_CURVE ( 'NONE', #3922, #3403, #4060, .T. ) ;
#3227 = ORIENTED_EDGE ( 'NONE', *, *, #3883, .T. ) ;
#3228 = AXIS2_PLACEMENT_3D ( 'NONE', #3489, #2783, #1705 ) ;
#3229 = AXIS2_PLACEMENT_3D ( 'NONE', #1617, #2774, #785 ) ;
#3230 = DIRECTION ( 'NONE',  ( 1.000000000000000000, 0.000000000000000000, 0.000000000000000000 ) ) ;
#3231 = FACE_OUTER_BOUND ( 'NONE', #2850, .T. ) ;
#3232 = CARTESIAN_POINT ( 'NONE',  ( -0.4999999999999991673, 0.1519999999999964990, -0.09999999999999592548 ) ) ;
#3233 = DIRECTION ( 'NONE',  ( 1.000000000000000000, 0.000000000000000000, 0.000000000000000000 ) ) ;
#3234 = VERTEX_POINT ( 'NONE', #305 ) ;
#3235 = VECTOR ( 'NONE', #2947, 1000.000000000000000 ) ;
#3236 = ORIENTED_EDGE ( 'NONE', *, *, #1437, .F. ) ;
#3237 = EDGE_CURVE ( 'NONE', #2456, #583, #4859, .T. ) ;
#3238 = EDGE_CURVE ( 'NONE', #1214, #4067, #624, .T. ) ;
#3239 = CARTESIAN_POINT ( 'NONE',  ( -0.1500000000000047407, 0.1519999999999999962, 0.5999999999999998668 ) ) ;
#3240 = DIRECTION ( 'NONE',  ( 1.000000000000000000, 0.000000000000000000, 0.000000000000000000 ) ) ;
#3241 = VERTEX_POINT ( 'NONE', #3786 ) ;
#3242 = ADVANCED_FACE ( 'NONE', ( #2297 ), #4567, .F. ) ;
#3243 = EDGE_CURVE ( 'NONE', #3938, #3807, #3189, .T. ) ;
#3244 = VERTEX_POINT ( 'NONE', #2494 ) ;
#3245 = PLANE ( 'NONE',  #2030 ) ;
#3246 = DIRECTION ( 'NONE',  ( 0.000000000000000000, -1.000000000000000000, 0.000000000000000000 ) ) ;
#3247 = DIRECTION ( 'NONE',  ( 7.047314121155790654E-15, 0.000000000000000000, -1.000000000000000000 ) ) ;
#3248 = ORIENTED_EDGE ( 'NONE', *, *, #3670, .T. ) ;
#3249 = EDGE_CURVE ( 'NONE', #1711, #213, #3609, .T. ) ;
#3250 = CARTESIAN_POINT ( 'NONE',  ( -0.1999999999999992339, 0.1519999999999999962, 0.3999999999999993006 ) ) ;
#3251 = EDGE_LOOP ( 'NONE', ( #3840, #951, #3661, #1690 ) ) ;
#3252 = ORIENTED_EDGE ( 'NONE', *, *, #884, .F. ) ;
#3253 = LINE ( 'NONE', #2903, #1972 ) ;
#3254 = CARTESIAN_POINT ( 'NONE',  ( -0.3999999999999997446, 0.1519999999999930018, -0.09999999999999592548 ) ) ;
#3255 = CARTESIAN_POINT ( 'NONE',  ( -0.1499999999999995226, 0.04000000000000000083, -1.734723475976807094E-15 ) ) ;
#3256 = DIRECTION ( 'NONE',  ( 0.000000000000000000, 0.000000000000000000, -1.000000000000000000 ) ) ;
#3257 = ORIENTED_EDGE ( 'NONE', *, *, #2259, .F. ) ;
#3258 = VERTEX_POINT ( 'NONE', #955 ) ;
#3259 = EDGE_CURVE ( 'NONE', #3049, #2856, #1692, .T. ) ;
#3260 = LINE ( 'NONE', #2558, #2709 ) ;
#3261 = PLANE ( 'NONE',  #1573 ) ;
#3262 = VERTEX_POINT ( 'NONE', #4002 ) ;
#3263 = VERTEX_POINT ( 'NONE', #2039 ) ;
#3264 = DIRECTION ( 'NONE',  ( 1.000000000000000000, 1.355252715606880049E-16, 0.000000000000000000 ) ) ;
#3265 = VECTOR ( 'NONE', #4340, 1000.000000000000000 ) ;
#3266 = DIRECTION ( 'NONE',  ( 1.000000000000000000, 0.000000000000000000, 0.000000000000000000 ) ) ;
#3267 = CARTESIAN_POINT ( 'NONE',  ( 0.2000000000000000944, -1.659391495380860171, -0.3999999999999993006 ) ) ;
#3268 = ORIENTED_EDGE ( 'NONE', *, *, #4458, .F. ) ;
#3269 = AXIS2_PLACEMENT_3D ( 'NONE', #2025, #235, #553 ) ;
#3270 = ORIENTED_EDGE ( 'NONE', *, *, #3762, .T. ) ;
#3271 = VECTOR ( 'NONE', #1034, 1000.000000000000000 ) ;
#3272 = LINE ( 'NONE', #4775, #1892 ) ;
#3273 = DIRECTION ( 'NONE',  ( 0.000000000000000000, -1.000000000000000000, -1.355252715606882022E-16 ) ) ;
#3274 = CARTESIAN_POINT ( 'NONE',  ( -0.1499999999999995226, 0.1519999999999999962, 0.09999999999999939493 ) ) ;
#3275 = AXIS2_PLACEMENT_3D ( 'NONE', #2770, #3141, #4666 ) ;
#3276 = LINE ( 'NONE', #1043, #1531 ) ;
#3277 = EDGE_LOOP ( 'NONE', ( #3324, #2753, #3927, #790, #1481, #1984, #4226, #4714, #3270, #4858, #4675, #2052 ) ) ;
#3278 = VERTEX_POINT ( 'NONE', #4734 ) ;
#3279 = VECTOR ( 'NONE', #2775, 1000.000000000000000 ) ;
#3280 = VECTOR ( 'NONE', #855, 1000.000000000000000 ) ;
#3281 = VECTOR ( 'NONE', #4523, 1000.000000000000000 ) ;
#3282 = VECTOR ( 'NONE', #821, 1000.000000000000000 ) ;
#3283 = DIRECTION ( 'NONE',  ( 0.000000000000000000, 1.000000000000000000, 0.000000000000000000 ) ) ;
#3284 = FACE_OUTER_BOUND ( 'NONE', #364, .T. ) ;
#3285 = ORIENTED_EDGE ( 'NONE', *, *, #4689, .F. ) ;
#3286 = VECTOR ( 'NONE', #2284, 1000.000000000000000 ) ;
#3287 = CARTESIAN_POINT ( 'NONE',  ( -0.1500000000000047407, 0.1519999999999999962, 0.5999999999999998668 ) ) ;
#3288 = CARTESIAN_POINT ( 'NONE',  ( 0.2000000000000000944, 0.1019999999999929990, -9.275000000000000355 ) ) ;
#3289 = LINE ( 'NONE', #2204, #589 ) ;
#3290 = ORIENTED_EDGE ( 'NONE', *, *, #3073, .T. ) ;
#3291 = EDGE_CURVE ( 'NONE', #4087, #3107, #907, .T. ) ;
#3292 = ADVANCED_FACE ( 'NONE', ( #3530 ), #4294, .T. ) ;
#3293 = ORIENTED_EDGE ( 'NONE', *, *, #3355, .F. ) ;
#3294 = ORIENTED_EDGE ( 'NONE', *, *, #4430, .F. ) ;
#3295 = DIRECTION ( 'NONE',  ( 0.000000000000000000, 1.000000000000000000, 0.000000000000000000 ) ) ;
#3296 = LINE ( 'NONE', #218, #4146 ) ;
#3297 = LINE ( 'NONE', #1872, #4695 ) ;
#3298 = CARTESIAN_POINT ( 'NONE',  ( -0.1999999999999992339, 0.1519999999999930018, 0.7249999999999999778 ) ) ;
#3299 = ORIENTED_EDGE ( 'NONE', *, *, #4197, .T. ) ;
#3300 = ORIENTED_EDGE ( 'NONE', *, *, #2710, .T. ) ;
#3301 = VECTOR ( 'NONE', #163, 1000.000000000000000 ) ;
#3302 = EDGE_CURVE ( 'NONE', #1830, #647, #2465, .T. ) ;
#3303 = LINE ( 'NONE', #4754, #4057 ) ;
#3304 = VECTOR ( 'NONE', #2384, 1000.000000000000000 ) ;
#3305 = CARTESIAN_POINT ( 'NONE',  ( -0.4999999999999991673, 0.5000000000000000000, -0.7249999999999999778 ) ) ;
#3306 = LINE ( 'NONE', #1758, #4797 ) ;
#3307 = EDGE_LOOP ( 'NONE', ( #4354, #2149, #768, #2148 ) ) ;
#3308 = EDGE_CURVE ( 'NONE', #2388, #2454, #177, .T. ) ;
#3309 = CARTESIAN_POINT ( 'NONE',  ( -4.336808689942017736E-16, 0.1519999999999999962, 0.000000000000000000 ) ) ;
#3310 = ORIENTED_EDGE ( 'NONE', *, *, #2563, .F. ) ;
#3311 = CARTESIAN_POINT ( 'NONE',  ( -0.1999999999999957645, 0.1519999999999999962, -0.5999999999999998668 ) ) ;
#3312 = VECTOR ( 'NONE', #1888, 1000.000000000000000 ) ;
#3313 = CARTESIAN_POINT ( 'NONE',  ( -0.3999999999999997446, 0.1519999999999999962, 0.09999999999999766020 ) ) ;
#3314 = CARTESIAN_POINT ( 'NONE',  ( -2.168404344971008868E-15, 0.04000000000000000083, 0.3999999999999993006 ) ) ;
#3315 = DIRECTION ( 'NONE',  ( 1.000000000000000000, 0.000000000000000000, 0.000000000000000000 ) ) ;
#3316 = DIRECTION ( 'NONE',  ( 0.000000000000000000, 1.000000000000000000, 0.000000000000000000 ) ) ;
#3317 = ORIENTED_EDGE ( 'NONE', *, *, #2732, .F. ) ;
#3318 = ORIENTED_EDGE ( 'NONE', *, *, #1233, .F. ) ;
#3319 = EDGE_CURVE ( 'NONE', #1781, #4673, #2445, .T. ) ;
#3320 = CARTESIAN_POINT ( 'NONE',  ( -0.1999999999999957645, 0.1519999999999999962, -0.5999999999999998668 ) ) ;
#3321 = DIRECTION ( 'NONE',  ( 0.000000000000000000, 0.000000000000000000, 1.000000000000000000 ) ) ;
#3322 = CARTESIAN_POINT ( 'NONE',  ( -0.1999999999999992339, -1.659391495380860171, 0.5999999999999998668 ) ) ;
#3323 = CARTESIAN_POINT ( 'NONE',  ( 0.4000000000000006328, 0.1019999999999929990, -9.275000000000000355 ) ) ;
#3324 = ORIENTED_EDGE ( 'NONE', *, *, #3561, .F. ) ;
#3325 = ORIENTED_EDGE ( 'NONE', *, *, #3973, .F. ) ;
#3326 = DIRECTION ( 'NONE',  ( -1.000000000000000000, 0.000000000000000000, -5.421010862427520592E-15 ) ) ;
#3327 = DIRECTION ( 'NONE',  ( 0.000000000000000000, -1.000000000000000000, -1.355252715606882022E-16 ) ) ;
#3328 = ORIENTED_EDGE ( 'NONE', *, *, #4877, .F. ) ;
#3329 = ORIENTED_EDGE ( 'NONE', *, *, #1574, .F. ) ;
#3330 = FACE_OUTER_BOUND ( 'NONE', #866, .T. ) ;
#3331 = CARTESIAN_POINT ( 'NONE',  ( 0.4499999999999951261, 0.000000000000000000, 0.5999999999999998668 ) ) ;
#3332 = PLANE ( 'NONE',  #2879 ) ;
#3333 = DIRECTION ( 'NONE',  ( 1.000000000000000000, 0.000000000000000000, 7.002139030635550521E-15 ) ) ;
#3334 = EDGE_CURVE ( 'NONE', #70, #2129, #2820, .T. ) ;
#3335 = CARTESIAN_POINT ( 'NONE',  ( -0.3999999999999997446, 0.04000000000000000083, -0.7249999999999999778 ) ) ;
#3336 = ORIENTED_EDGE ( 'NONE', *, *, #740, .F. ) ;
#3337 = EDGE_CURVE ( 'NONE', #4268, #2931, #196, .T. ) ;
#3338 = LINE ( 'NONE', #3995, #3154 ) ;
#3339 = CARTESIAN_POINT ( 'NONE',  ( -0.3999999999999997446, 0.1519999999999930018, -9.275000000000000355 ) ) ;
#3340 = DIRECTION ( 'NONE',  ( -6.866613759074860889E-15, 0.000000000000000000, 1.000000000000000000 ) ) ;
#3341 = VECTOR ( 'NONE', #3979, 1000.000000000000000 ) ;
#3342 = DIRECTION ( 'NONE',  ( -0.7071067811865489050, 9.583083854271077886E-17, -0.7071067811865460184 ) ) ;
#3343 = VECTOR ( 'NONE', #2128, 1000.000000000000000 ) ;
#3344 = ORIENTED_EDGE ( 'NONE', *, *, #2405, .T. ) ;
#3345 = VERTEX_POINT ( 'NONE', #4711 ) ;
#3346 = VECTOR ( 'NONE', #21, 1000.000000000000000 ) ;
#3347 = EDGE_CURVE ( 'NONE', #4725, #3605, #1382, .T. ) ;
#3348 = CARTESIAN_POINT ( 'NONE',  ( -4.336808689942017736E-16, 0.000000000000000000, 0.000000000000000000 ) ) ;
#3349 = CARTESIAN_POINT ( 'NONE',  ( -0.3999999999999997446, 0.1519999999999999962, -0.09999999999999592548 ) ) ;
#3350 = ADVANCED_FACE ( 'NONE', ( #587 ), #1757, .F. ) ;
#3351 = VECTOR ( 'NONE', #240, 1000.000000000000000 ) ;
#3352 = ORIENTED_EDGE ( 'NONE', *, *, #2507, .F. ) ;
#3353 = PRESENTATION_LAYER_ASSIGNMENT (  '', '', ( #2886 ) ) ;
#3354 = VECTOR ( 'NONE', #3027, 1000.000000000000000 ) ;
#3355 = EDGE_CURVE ( 'NONE', #4022, #1129, #1337, .T. ) ;
#3356 = CARTESIAN_POINT ( 'NONE',  ( -0.4999999999999991673, -1.659391495380860171, -0.3999999999999993006 ) ) ;
#3357 = ORIENTED_EDGE ( 'NONE', *, *, #2358, .T. ) ;
#3358 = CARTESIAN_POINT ( 'NONE',  ( 0.1499999999999951927, 0.1019999999999929990, 0.5999999999999998668 ) ) ;
#3359 = LINE ( 'NONE', #1204, #1817 ) ;
#3360 = LINE ( 'NONE', #1867, #4218 ) ;
#3361 = LINE ( 'NONE', #3040, #4562 ) ;
#3362 = ORIENTED_EDGE ( 'NONE', *, *, #4374, .F. ) ;
#3363 = ADVANCED_FACE ( 'NONE', ( #3559 ), #3261, .T. ) ;
#3364 = FACE_OUTER_BOUND ( 'NONE', #60, .T. ) ;
#3365 = LINE ( 'NONE', #1000, #4136 ) ;
#3366 = FACE_OUTER_BOUND ( 'NONE', #1546, .T. ) ;
#3367 = EDGE_LOOP ( 'NONE', ( #1759, #9, #1929, #2301 ) ) ;
#3368 = EDGE_LOOP ( 'NONE', ( #1920, #840, #4533, #2519 ) ) ;
#3369 = EDGE_LOOP ( 'NONE', ( #335, #3248, #1916, #2330 ) ) ;
#3370 = PLANE ( 'NONE',  #2746 ) ;
#3371 = DIRECTION ( 'NONE',  ( 0.000000000000000000, 1.000000000000000000, 0.000000000000000000 ) ) ;
#3372 = DIRECTION ( 'NONE',  ( 1.000000000000000000, 0.000000000000000000, 0.000000000000000000 ) ) ;
#3373 = EDGE_LOOP ( 'NONE', ( #3006, #512, #2681, #85 ) ) ;
#3374 = ORIENTED_EDGE ( 'NONE', *, *, #747, .T. ) ;
#3375 = EDGE_CURVE ( 'NONE', #2027, #4282, #4391, .T. ) ;
#3376 = PRODUCT_DEFINITION_SHAPE ( 'NONE', 'NONE',  #1432 ) ;
#3377 = VECTOR ( 'NONE', #4356, 1000.000000000000000 ) ;
#3378 = EDGE_CURVE ( 'NONE', #852, #3721, #1027, .T. ) ;
#3379 = CARTESIAN_POINT ( 'NONE',  ( -0.1000000000000032946, 0.1519999999999999962, -0.3999999999999993006 ) ) ;
#3380 = ORIENTED_EDGE ( 'NONE', *, *, #4597, .F. ) ;
#3381 = EDGE_CURVE ( 'NONE', #3263, #2594, #4455, .T. ) ;
#3382 = CARTESIAN_POINT ( 'NONE',  ( 0.4499999999999951261, 0.1519999999999999962, 0.5999999999999998668 ) ) ;
#3383 = LINE ( 'NONE', #3730, #769 ) ;
#3384 = AXIS2_PLACEMENT_3D ( 'NONE', #1165, #1513, #1565 ) ;
#3385 = ADVANCED_FACE ( 'NONE', ( #3284 ), #2538, .T. ) ;
#3386 = CARTESIAN_POINT ( 'NONE',  ( 0.2000000000000000944, -1.659391495380860171, 0.1000000000000028644 ) ) ;
#3387 = PLANE ( 'NONE',  #3072 ) ;
#3388 = CARTESIAN_POINT ( 'NONE',  ( 0.5000000000000000000, 0.1519999999999999962, -0.3999999999999993006 ) ) ;
#3389 = ORIENTED_EDGE ( 'NONE', *, *, #388, .F. ) ;
#3390 = CARTESIAN_POINT ( 'NONE',  ( 0.4000000000000006328, 0.1519999999999999962, -0.5999999999999998668 ) ) ;
#3391 = DIRECTION ( 'NONE',  ( 0.000000000000000000, 1.000000000000000000, 0.000000000000000000 ) ) ;
#3392 = CARTESIAN_POINT ( 'NONE',  ( -0.4999999999999991673, 0.04000000000000000083, -0.7249999999999999778 ) ) ;
#3393 = DIRECTION ( 'NONE',  ( 1.355252715606880049E-16, -1.000000000000000000, 0.000000000000000000 ) ) ;
#3394 = EDGE_LOOP ( 'NONE', ( #4745, #1030, #3453, #1694 ) ) ;
#3395 = ORIENTED_EDGE ( 'NONE', *, *, #713, .T. ) ;
#3396 = EDGE_CURVE ( 'NONE', #147, #938, #4221, .T. ) ;
#3397 = VECTOR ( 'NONE', #2397, 1000.000000000000000 ) ;
#3398 = ADVANCED_FACE ( 'NONE', ( #2935 ), #721, .F. ) ;
#3399 = DIRECTION ( 'NONE',  ( -1.084202172485504040E-15, 1.000000000000000000, -7.591734349060610092E-30 ) ) ;
#3400 = LINE ( 'NONE', #1151, #2813 ) ;
#3401 = DIRECTION ( 'NONE',  ( 0.000000000000000000, 0.000000000000000000, 1.000000000000000000 ) ) ;
#3402 = CARTESIAN_POINT ( 'NONE',  ( -0.4999999999999991673, 0.1019999999999963991, 0.1000000000000028644 ) ) ;
#3403 = VERTEX_POINT ( 'NONE', #1077 ) ;
#3404 = ORIENTED_EDGE ( 'NONE', *, *, #2854, .T. ) ;
#3405 = EDGE_CURVE ( 'NONE', #2607, #4474, #4480, .T. ) ;
#3406 = DIRECTION ( 'NONE',  ( 0.000000000000000000, 0.000000000000000000, 1.000000000000000000 ) ) ;
#3407 = ORIENTED_EDGE ( 'NONE', *, *, #1290, .T. ) ;
#3408 = DIRECTION ( 'NONE',  ( 0.000000000000000000, 1.000000000000000000, 0.000000000000000000 ) ) ;
#3409 = CARTESIAN_POINT ( 'NONE',  ( -0.4999999999999991673, -1.659391495380860171, -0.5999999999999998668 ) ) ;
#3410 = FACE_OUTER_BOUND ( 'NONE', #93, .T. ) ;
#3411 = DIRECTION ( 'NONE',  ( 0.000000000000000000, 1.000000000000000000, 0.000000000000000000 ) ) ;
#3412 = PLANE ( 'NONE',  #2400 ) ;
#3413 = ORIENTED_EDGE ( 'NONE', *, *, #978, .F. ) ;
#3414 = EDGE_CURVE ( 'NONE', #4087, #1201, #1408, .T. ) ;
#3415 = LINE ( 'NONE', #693, #2254 ) ;
#3416 = DIRECTION ( 'NONE',  ( 0.000000000000000000, -1.000000000000000000, 0.000000000000000000 ) ) ;
#3417 = PLANE ( 'NONE',  #659 ) ;
#3418 = ORIENTED_EDGE ( 'NONE', *, *, #3532, .F. ) ;
#3419 = ORIENTED_EDGE ( 'NONE', *, *, #4367, .F. ) ;
#3420 = EDGE_LOOP ( 'NONE', ( #3202, #667, #1156, #447 ) ) ;
#3421 = CARTESIAN_POINT ( 'NONE',  ( 0.2000000000000000944, 0.1519999999999999962, -0.7249999999999999778 ) ) ;
#3422 = DIRECTION ( 'NONE',  ( 5.421010862427520592E-15, 0.000000000000000000, -1.000000000000000000 ) ) ;
#3423 = LINE ( 'NONE', #91, #3119 ) ;
#3424 = CARTESIAN_POINT ( 'NONE',  ( -0.4499999999999994560, 0.1019999999999925966, 0.3999999999999993006 ) ) ;
#3425 = ORIENTED_EDGE ( 'NONE', *, *, #4835, .F. ) ;
#3426 = ORIENTED_EDGE ( 'NONE', *, *, #2047, .T. ) ;
#3427 = AXIS2_PLACEMENT_3D ( 'NONE', #3936, #886, #596 ) ;
#3428 = FACE_OUTER_BOUND ( 'NONE', #689, .T. ) ;
#3429 = ORIENTED_EDGE ( 'NONE', *, *, #3723, .F. ) ;
#3430 = EDGE_CURVE ( 'NONE', #1571, #1952, #2583, .T. ) ;
#3431 = CARTESIAN_POINT ( 'NONE',  ( -0.4999999999999991673, 0.1519999999999999962, -0.3999999999999993006 ) ) ;
#3432 = VECTOR ( 'NONE', #3483, 1000.000000000000000 ) ;
#3433 = CIRCLE ( 'NONE', #2409, 0.09999999999999999167 ) ;
#3434 = CARTESIAN_POINT ( 'NONE',  ( 0.5000000000000000000, 0.1519999999999999962, -0.5999999999999998668 ) ) ;
#3435 = CARTESIAN_POINT ( 'NONE',  ( -0.1999999999999992339, 0.1019999999999924023, 0.5999999999999998668 ) ) ;
#3436 = DIRECTION ( 'NONE',  ( 0.000000000000000000, -1.000000000000000000, 0.000000000000000000 ) ) ;
#3437 = ORIENTED_EDGE ( 'NONE', *, *, #311, .F. ) ;
#3438 = EDGE_CURVE ( 'NONE', #4012, #2696, #4784, .T. ) ;
#3439 = DIRECTION ( 'NONE',  ( -1.000000000000000000, 0.000000000000000000, 0.000000000000000000 ) ) ;
#3440 = VECTOR ( 'NONE', #2836, 1000.000000000000000 ) ;
#3441 = VECTOR ( 'NONE', #3990, 1000.000000000000000 ) ;
#3442 = DIRECTION ( 'NONE',  ( 0.000000000000000000, 0.000000000000000000, 1.000000000000000000 ) ) ;
#3443 = ORIENTED_EDGE ( 'NONE', *, *, #4665, .T. ) ;
#3444 = EDGE_LOOP ( 'NONE', ( #4873, #2079, #4279, #3429 ) ) ;
#3445 = EDGE_LOOP ( 'NONE', ( #3213, #1277, #2012, #3214, #2658, #4738, #3174, #2885 ) ) ;
#3446 = ADVANCED_FACE ( 'NONE', ( #4871 ), #4111, .T. ) ;
#3447 = CARTESIAN_POINT ( 'NONE',  ( -0.4999999999999991673, 0.1019999999999963991, 0.1000000000000028644 ) ) ;
#3448 = LINE ( 'NONE', #2730, #1954 ) ;
#3449 = PLANE ( 'NONE',  #3515 ) ;
#3450 = ORIENTED_EDGE ( 'NONE', *, *, #4252, .T. ) ;
#3451 = VERTEX_POINT ( 'NONE', #2559 ) ;
#3452 = ADVANCED_FACE ( 'NONE', ( #4413 ), #269, .F. ) ;
#3453 = ORIENTED_EDGE ( 'NONE', *, *, #2496, .F. ) ;
#3454 = CARTESIAN_POINT ( 'NONE',  ( 0.4500000000000002887, 0.1519999999999999962, 0.1000000000000028644 ) ) ;
#3455 = DIRECTION ( 'NONE',  ( 0.000000000000000000, -1.000000000000000000, 0.000000000000000000 ) ) ;
#3456 = EDGE_CURVE ( 'NONE', #1129, #2164, #3746, .T. ) ;
#3457 = VECTOR ( 'NONE', #2812, 1000.000000000000000 ) ;
#3458 = VECTOR ( 'NONE', #3482, 1000.000000000000000 ) ;
#3459 = AXIS2_PLACEMENT_3D ( 'NONE', #328, #4473, #2671 ) ;
#3460 = VECTOR ( 'NONE', #1738, 1000.000000000000000 ) ;
#3461 = DIRECTION ( 'NONE',  ( 0.000000000000000000, 0.000000000000000000, -1.000000000000000000 ) ) ;
#3462 = ORIENTED_EDGE ( 'NONE', *, *, #670, .T. ) ;
#3463 = CARTESIAN_POINT ( 'NONE',  ( -0.3999999999999997446, 0.1519999999999930018, 0.3999999999999993006 ) ) ;
#3464 = DIRECTION ( 'NONE',  ( 0.000000000000000000, 1.000000000000000000, 0.000000000000000000 ) ) ;
#3465 = ORIENTED_EDGE ( 'NONE', *, *, #1643, .T. ) ;
#3466 = EDGE_LOOP ( 'NONE', ( #2160, #3293, #1181, #2286 ) ) ;
#3467 = LINE ( 'NONE', #1521, #1737 ) ;
#3468 = LINE ( 'NONE', #116, #996 ) ;
#3469 = ORIENTED_EDGE ( 'NONE', *, *, #4059, .T. ) ;
#3470 = CARTESIAN_POINT ( 'NONE',  ( -0.4499999999999994560, 0.1519999999999999962, -0.3999999999999993006 ) ) ;
#3471 = CARTESIAN_POINT ( 'NONE',  ( -0.3249999999999993450, 0.4500000000000000111, -0.5500000000000001554 ) ) ;
#3472 = ORIENTED_EDGE ( 'NONE', *, *, #4458, .T. ) ;
#3473 = ORIENTED_EDGE ( 'NONE', *, *, #1962, .F. ) ;
#3474 = DIRECTION ( 'NONE',  ( 1.000000000000000000, 0.000000000000000000, 0.000000000000000000 ) ) ;
#3475 = ORIENTED_EDGE ( 'NONE', *, *, #2654, .T. ) ;
#3476 = DIRECTION ( 'NONE',  ( -1.000000000000000000, -1.355252715606880049E-16, 7.589415207398529460E-15 ) ) ;
#3477 = EDGE_CURVE ( 'NONE', #754, #2567, #4071, .T. ) ;
#3478 = DIRECTION ( 'NONE',  ( 0.000000000000000000, 0.000000000000000000, 1.000000000000000000 ) ) ;
#3479 = LINE ( 'NONE', #2743, #3512 ) ;
#3480 = CARTESIAN_POINT ( 'NONE',  ( 0.5000000000000000000, 0.1519999999999964990, 0.1000000000000028644 ) ) ;
#3481 = ORIENTED_EDGE ( 'NONE', *, *, #4597, .T. ) ;
#3482 = DIRECTION ( 'NONE',  ( -1.000000000000000000, -1.355252715606880049E-16, 0.000000000000000000 ) ) ;
#3483 = DIRECTION ( 'NONE',  ( 1.000000000000000000, 0.000000000000000000, 3.614007241618304890E-16 ) ) ;
#3484 = CARTESIAN_POINT ( 'NONE',  ( -0.4999999999999991673, 0.1519999999999999962, -0.09999999999999592548 ) ) ;
#3485 = VERTEX_POINT ( 'NONE', #3705 ) ;
#3486 = ORIENTED_EDGE ( 'NONE', *, *, #2088, .F. ) ;
#3487 = ADVANCED_FACE ( 'NONE', ( #1048 ), #314, .F. ) ;
#3488 = ORIENTED_EDGE ( 'NONE', *, *, #1921, .T. ) ;
#3489 = CARTESIAN_POINT ( 'NONE',  ( 0.1499999999999951927, 0.1519999999999999962, 0.5999999999999998668 ) ) ;
#3490 = CARTESIAN_POINT ( 'NONE',  ( -0.1999999999999992339, 0.1019999999999929990, 0.5999999999999998668 ) ) ;
#3491 = DIRECTION ( 'NONE',  ( -1.000000000000000000, 0.000000000000000000, 0.000000000000000000 ) ) ;
#3492 = DIRECTION ( 'NONE',  ( 0.000000000000000000, 0.000000000000000000, 1.000000000000000000 ) ) ;
#3493 = EDGE_LOOP ( 'NONE', ( #3633, #1653, #4623, #4139 ) ) ;
#3494 = ORIENTED_EDGE ( 'NONE', *, *, #87, .T. ) ;
#3495 = EDGE_CURVE ( 'NONE', #4501, #1489, #1449, .T. ) ;
#3496 = VECTOR ( 'NONE', #2553, 1000.000000000000000 ) ;
#3497 = EDGE_CURVE ( 'NONE', #2506, #3131, #701, .T. ) ;
#3498 = LINE ( 'NONE', #124, #4596 ) ;
#3499 = LINE ( 'NONE', #4295, #4307 ) ;
#3500 = EDGE_LOOP ( 'NONE', ( #3625, #35, #2399, #3528 ) ) ;
#3501 = VECTOR ( 'NONE', #4733, 1000.000000000000000 ) ;
#3502 = LINE ( 'NONE', #128, #3987 ) ;
#3503 = DIRECTION ( 'NONE',  ( 0.000000000000000000, 1.000000000000000000, 0.000000000000000000 ) ) ;
#3504 = AXIS2_PLACEMENT_3D ( 'NONE', #365, #1884, #4878 ) ;
#3505 = ORIENTED_EDGE ( 'NONE', *, *, #1959, .F. ) ;
#3506 = DIRECTION ( 'NONE',  ( 0.000000000000000000, -1.000000000000000000, 0.000000000000000000 ) ) ;
#3507 = CARTESIAN_POINT ( 'NONE',  ( -0.1999999999999992339, 0.1519999999999999962, -0.3999999999999993006 ) ) ;
#3508 = DIRECTION ( 'NONE',  ( 1.000000000000000000, 1.355252715606880049E-16, 0.000000000000000000 ) ) ;
#3509 = VECTOR ( 'NONE', #3148, 1000.000000000000000 ) ;
#3510 = DIRECTION ( 'NONE',  ( 1.000000000000000000, 0.000000000000000000, 7.047314121155780399E-15 ) ) ;
#3511 = ORIENTED_EDGE ( 'NONE', *, *, #1831, .F. ) ;
#3512 = VECTOR ( 'NONE', #1264, 1000.000000000000000 ) ;
#3513 = VECTOR ( 'NONE', #4478, 1000.000000000000000 ) ;
#3514 = EDGE_CURVE ( 'NONE', #4603, #2627, #333, .T. ) ;
#3515 = AXIS2_PLACEMENT_3D ( 'NONE', #2001, #3052, #3491 ) ;
#3516 = CARTESIAN_POINT ( 'NONE',  ( -0.3999999999999997446, 0.1519999999999930018, -0.5999999999999998668 ) ) ;
#3517 = FACE_OUTER_BOUND ( 'NONE', #1629, .T. ) ;
#3518 = ORIENTED_EDGE ( 'NONE', *, *, #2977, .F. ) ;
#3519 = EDGE_LOOP ( 'NONE', ( #1718, #4670, #3494, #1804 ) ) ;
#3520 = ORIENTED_EDGE ( 'NONE', *, *, #2270, .F. ) ;
#3521 = EDGE_CURVE ( 'NONE', #4423, #2985, #3423, .T. ) ;
#3522 = AXIS2_PLACEMENT_3D ( 'NONE', #3339, #4820, #1466 ) ;
#3523 = LINE ( 'NONE', #2755, #3304 ) ;
#3524 = DIRECTION ( 'NONE',  ( 0.000000000000000000, -1.000000000000000000, 0.000000000000000000 ) ) ;
#3525 = LINE ( 'NONE', #3185, #3037 ) ;
#3526 = CARTESIAN_POINT ( 'NONE',  ( 0.5000000000000000000, 0.1519999999999999962, 0.3999999999999993006 ) ) ;
#3527 = EDGE_LOOP ( 'NONE', ( #4519, #2895, #1968, #3885 ) ) ;
#3528 = ORIENTED_EDGE ( 'NONE', *, *, #3405, .F. ) ;
#3529 = DIRECTION ( 'NONE',  ( 1.000000000000000000, 0.000000000000000000, 0.000000000000000000 ) ) ;
#3530 = FACE_OUTER_BOUND ( 'NONE', #1729, .T. ) ;
#3531 = ORIENTED_EDGE ( 'NONE', *, *, #3818, .F. ) ;
#3532 = EDGE_CURVE ( 'NONE', #1471, #4267, #3772, .T. ) ;
#3533 = LINE ( 'NONE', #879, #4638 ) ;
#3534 = EDGE_CURVE ( 'NONE', #2678, #3952, #794, .T. ) ;
#3535 = ORIENTED_EDGE ( 'NONE', *, *, #362, .T. ) ;
#3536 = EDGE_CURVE ( 'NONE', #3094, #1172, #4577, .T. ) ;
#3537 = LINE ( 'NONE', #1988, #2638 ) ;
#3538 = CARTESIAN_POINT ( 'NONE',  ( -0.1999999999999992339, 0.1519999999999930018, -9.275000000000000355 ) ) ;
#3539 = CARTESIAN_POINT ( 'NONE',  ( -0.1999999999999992339, -1.659391495380860171, 0.7249999999999999778 ) ) ;
#3540 = CARTESIAN_POINT ( 'NONE',  ( 0.4000000000000006328, 0.1519999999999999962, -0.3999999999999993006 ) ) ;
#3541 = ORIENTED_EDGE ( 'NONE', *, *, #2497, .T. ) ;
#3542 = AXIS2_PLACEMENT_3D ( 'NONE', #2402, #1943, #3122 ) ;
#3543 = VECTOR ( 'NONE', #2306, 1000.000000000000000 ) ;
#3544 = CARTESIAN_POINT ( 'NONE',  ( 0.1500000000000003830, 0.04000000000000000083, 0.000000000000000000 ) ) ;
#3545 = LINE ( 'NONE', #4351, #509 ) ;
#3546 = LINE ( 'NONE', #4200, #2664 ) ;
#3547 = ORIENTED_EDGE ( 'NONE', *, *, #2683, .F. ) ;
#3548 = ORIENTED_EDGE ( 'NONE', *, *, #984, .T. ) ;
#3549 = ORIENTED_EDGE ( 'NONE', *, *, #1643, .F. ) ;
#3550 = PLANE ( 'NONE',  #1088 ) ;
#3551 = LINE ( 'NONE', #1401, #2041 ) ;
#3552 = VERTEX_POINT ( 'NONE', #1222 ) ;
#3553 = PLANE ( 'NONE',  #1386 ) ;
#3554 = EDGE_CURVE ( 'NONE', #2628, #164, #2308, .T. ) ;
#3555 = LINE ( 'NONE', #560, #4557 ) ;
#3556 = ORIENTED_EDGE ( 'NONE', *, *, #4075, .F. ) ;
#3557 = VERTEX_POINT ( 'NONE', #2285 ) ;
#3558 = CARTESIAN_POINT ( 'NONE',  ( 0.4500000000000002887, 0.1019999999999963991, 0.1000000000000028644 ) ) ;
#3559 = FACE_OUTER_BOUND ( 'NONE', #2276, .T. ) ;
#3560 = ORIENTED_EDGE ( 'NONE', *, *, #530, .F. ) ;
#3561 = EDGE_CURVE ( 'NONE', #2816, #4261, #4600, .T. ) ;
#3562 = VECTOR ( 'NONE', #1162, 1000.000000000000000 ) ;
#3563 = LINE ( 'NONE', #3882, #4690 ) ;
#3564 = DIRECTION ( 'NONE',  ( 0.000000000000000000, -1.000000000000000000, 0.000000000000000000 ) ) ;
#3565 = LINE ( 'NONE', #1763, #4132 ) ;
#3566 = PLANE ( 'NONE',  #2557 ) ;
#3567 = EDGE_CURVE ( 'NONE', #2587, #4207, #4236, .T. ) ;
#3568 = LINE ( 'NONE', #967, #664 ) ;
#3569 =( NAMED_UNIT ( * ) PLANE_ANGLE_UNIT ( ) SI_UNIT ( $, .RADIAN. ) );
#3570 = LINE ( 'NONE', #323, #2803 ) ;
#3571 = ORIENTED_EDGE ( 'NONE', *, *, #4483, .T. ) ;
#3572 = ORIENTED_EDGE ( 'NONE', *, *, #4172, .T. ) ;
#3573 = EDGE_CURVE ( 'NONE', #1656, #465, #2702, .T. ) ;
#3574 = CARTESIAN_POINT ( 'NONE',  ( 0.5000000000000000000, 0.1519999999999999962, -0.3999999999999993006 ) ) ;
#3575 = CARTESIAN_POINT ( 'NONE',  ( 0.4000000000000006328, 0.1519999999999930018, -9.275000000000000355 ) ) ;
#3576 = DIRECTION ( 'NONE',  ( 0.000000000000000000, 0.000000000000000000, 1.000000000000000000 ) ) ;
#3577 = CARTESIAN_POINT ( 'NONE',  ( 0.4500000000000002887, 0.000000000000000000, -0.5999999999999998668 ) ) ;
#3578 = VERTEX_POINT ( 'NONE', #1600 ) ;
#3579 = ORIENTED_EDGE ( 'NONE', *, *, #854, .T. ) ;
#3580 = DIRECTION ( 'NONE',  ( -7.589415207398540504E-15, 0.000000000000000000, -1.000000000000000000 ) ) ;
#3581 = DIRECTION ( 'NONE',  ( 0.000000000000000000, 0.000000000000000000, 1.000000000000000000 ) ) ;
#3582 = VERTEX_POINT ( 'NONE', #1578 ) ;
#3583 = ORIENTED_EDGE ( 'NONE', *, *, #601, .F. ) ;
#3584 = VECTOR ( 'NONE', #979, 1000.000000000000000 ) ;
#3585 = CARTESIAN_POINT ( 'NONE',  ( 0.4000000000000006328, -1.659391495380860171, 0.1000000000000028644 ) ) ;
#3586 = AXIS2_PLACEMENT_3D ( 'NONE', #220, #632, #2169 ) ;
#3587 = CARTESIAN_POINT ( 'NONE',  ( -0.1499999999999995226, 0.1019999999999929990, -0.09999999999999939493 ) ) ;
#3588 = LINE ( 'NONE', #2525, #734 ) ;
#3589 = LINE ( 'NONE', #206, #3983 ) ;
#3590 = VECTOR ( 'NONE', #3082, 1000.000000000000000 ) ;
#3591 = AXIS2_PLACEMENT_3D ( 'NONE', #2828, #2455, #2095 ) ;
#3592 = CARTESIAN_POINT ( 'NONE',  ( 0.1500000000000003830, 0.04000000000000000083, 1.734723475976807094E-15 ) ) ;
#3593 = DIRECTION ( 'NONE',  ( 1.000000000000000000, 0.000000000000000000, 0.000000000000000000 ) ) ;
#3594 = EDGE_CURVE ( 'NONE', #4719, #3844, #4551, .T. ) ;
#3595 = VERTEX_POINT ( 'NONE', #4208 ) ;
#3596 = VECTOR ( 'NONE', #914, 1000.000000000000000 ) ;
#3597 = VERTEX_POINT ( 'NONE', #750 ) ;
#3598 = EDGE_CURVE ( 'NONE', #111, #465, #3101, .T. ) ;
#3599 = VECTOR ( 'NONE', #3845, 1000.000000000000000 ) ;
#3600 = AXIS2_PLACEMENT_3D ( 'NONE', #2339, #2763, #3106 ) ;
#3601 = PLANE ( 'NONE',  #3228 ) ;
#3602 = CARTESIAN_POINT ( 'NONE',  ( -0.4999999999999991673, 0.1019999999999929990, 0.3999999999999993006 ) ) ;
#3603 = CARTESIAN_POINT ( 'NONE',  ( -0.1999999999999992339, 0.1019999999999929990, -0.3999999999999993006 ) ) ;
#3604 = DIRECTION ( 'NONE',  ( -6.776263578034410601E-15, 0.000000000000000000, 1.000000000000000000 ) ) ;
#3605 = VERTEX_POINT ( 'NONE', #844 ) ;
#3606 = EDGE_CURVE ( 'NONE', #2907, #958, #1523, .T. ) ;
#3607 = ORIENTED_EDGE ( 'NONE', *, *, #1333, .F. ) ;
#3608 = CARTESIAN_POINT ( 'NONE',  ( -0.4999999999999991673, 0.1019999999999925966, -0.09999999999999592548 ) ) ;
#3609 = LINE ( 'NONE', #2845, #4332 ) ;
#3610 = DIRECTION ( 'NONE',  ( 1.000000000000000000, 0.000000000000000000, 0.000000000000000000 ) ) ;
#3611 = ORIENTED_EDGE ( 'NONE', *, *, #2154, .T. ) ;
#3612 = VECTOR ( 'NONE', #3391, 1000.000000000000000 ) ;
#3613 = EDGE_CURVE ( 'NONE', #576, #2726, #2657, .T. ) ;
#3614 = CARTESIAN_POINT ( 'NONE',  ( -0.3999999999999997446, 0.1019999999999929990, -0.7249999999999999778 ) ) ;
#3615 = CARTESIAN_POINT ( 'NONE',  ( -4.336808689942017736E-16, 0.04000000000000000083, 0.09999999999999939493 ) ) ;
#3616 = EDGE_CURVE ( 'NONE', #4646, #4501, #2361, .T. ) ;
#3617 = CARTESIAN_POINT ( 'NONE',  ( 0.2000000000000000944, 0.1019999999999929990, -0.5999999999999998668 ) ) ;
#3618 = PLANE ( 'NONE',  #897 ) ;
#3619 = LINE ( 'NONE', #4009, #590 ) ;
#3620 = ADVANCED_FACE ( 'NONE', ( #1549 ), #3449, .F. ) ;
#3621 = CARTESIAN_POINT ( 'NONE',  ( -0.3999999999999997446, 0.1019999999999925966, -0.5999999999999998668 ) ) ;
#3622 = VERTEX_POINT ( 'NONE', #66 ) ;
#3623 = CARTESIAN_POINT ( 'NONE',  ( -0.4999999999999991673, 0.1519999999999999962, -0.5999999999999998668 ) ) ;
#3624 = EDGE_LOOP ( 'NONE', ( #1577, #3450, #554, #988 ) ) ;
#3625 = ORIENTED_EDGE ( 'NONE', *, *, #1865, .T. ) ;
#3626 = VECTOR ( 'NONE', #3906, 1000.000000000000000 ) ;
#3627 = DIRECTION ( 'NONE',  ( 0.000000000000000000, 1.000000000000000000, 0.000000000000000000 ) ) ;
#3628 = CARTESIAN_POINT ( 'NONE',  ( -0.4999999999999991673, 0.1519999999999999962, 0.3999999999999993006 ) ) ;
#3629 = CARTESIAN_POINT ( 'NONE',  ( -0.4999999999999991673, 0.1019999999999999934, -0.3999999999999993006 ) ) ;
#3630 = LINE ( 'NONE', #3298, #2170 ) ;
#3631 = ORIENTED_EDGE ( 'NONE', *, *, #4758, .T. ) ;
#3632 = VECTOR ( 'NONE', #1465, 1000.000000000000000 ) ;
#3633 = ORIENTED_EDGE ( 'NONE', *, *, #3477, .T. ) ;
#3634 = CARTESIAN_POINT ( 'NONE',  ( 0.4000000000000006328, -1.659391495380860171, -0.09999999999999766020 ) ) ;
#3635 = CARTESIAN_POINT ( 'NONE',  ( 0.1500000000000003830, 0.1019999999999999934, -0.3999999999999993006 ) ) ;
#3636 =( LENGTH_UNIT ( ) NAMED_UNIT ( * ) SI_UNIT ( .MILLI., .METRE. ) );
#3637 = ORIENTED_EDGE ( 'NONE', *, *, #3054, .T. ) ;
#3638 = DIRECTION ( 'NONE',  ( 0.000000000000000000, -1.000000000000000000, 0.000000000000000000 ) ) ;
#3639 = DIRECTION ( 'NONE',  ( 0.000000000000000000, 1.000000000000000000, 0.000000000000000000 ) ) ;
#3640 = AXIS2_PLACEMENT_3D ( 'NONE', #2466, #1717, #3610 ) ;
#3641 = DIRECTION ( 'NONE',  ( -1.000000000000000000, 0.000000000000000000, 0.000000000000000000 ) ) ;
#3642 = CARTESIAN_POINT ( 'NONE',  ( -0.3999999999999997446, 0.1519999999999999962, -0.1000000000000028644 ) ) ;
#3643 = EDGE_LOOP ( 'NONE', ( #3785, #1849, #2675, #3964 ) ) ;
#3644 = AXIS2_PLACEMENT_3D ( 'NONE', #4615, #857, #2320 ) ;
#3645 = DIRECTION ( 'NONE',  ( -7.589415207398529460E-15, 0.000000000000000000, -1.000000000000000000 ) ) ;
#3646 = ORIENTED_EDGE ( 'NONE', *, *, #658, .F. ) ;
#3647 = VERTEX_POINT ( 'NONE', #117 ) ;
#3648 = FACE_OUTER_BOUND ( 'NONE', #4817, .T. ) ;
#3649 = PLANE ( 'NONE',  #918 ) ;
#3650 = FACE_OUTER_BOUND ( 'NONE', #3368, .T. ) ;
#3651 = EDGE_CURVE ( 'NONE', #1428, #4810, #1630, .T. ) ;
#3652 = CARTESIAN_POINT ( 'NONE',  ( 0.2000000000000000944, 0.1519999999999999962, 0.7249999999999999778 ) ) ;
#3653 = VERTEX_POINT ( 'NONE', #405 ) ;
#3654 = ORIENTED_EDGE ( 'NONE', *, *, #2296, .F. ) ;
#3655 = CARTESIAN_POINT ( 'NONE',  ( -0.4999999999999991673, 0.5000000000000000000, 0.7249999999999999778 ) ) ;
#3656 = DIRECTION ( 'NONE',  ( 0.000000000000000000, 0.000000000000000000, -1.000000000000000000 ) ) ;
#3657 = ORIENTED_EDGE ( 'NONE', *, *, #2507, .T. ) ;
#3658 = EDGE_CURVE ( 'NONE', #3070, #3083, #1251, .T. ) ;
#3659 = EDGE_CURVE ( 'NONE', #3094, #1245, #1925, .T. ) ;
#3660 = PRESENTATION_STYLE_ASSIGNMENT (( #2156 ) ) ;
#3661 = ORIENTED_EDGE ( 'NONE', *, *, #4408, .T. ) ;
#3662 = CARTESIAN_POINT ( 'NONE',  ( -0.3999999999999997446, 0.1519999999999999962, 0.09999999999999766020 ) ) ;
#3663 = DIRECTION ( 'NONE',  ( -1.000000000000000000, -1.355252715606880049E-16, 0.000000000000000000 ) ) ;
#3664 = PLANE ( 'NONE',  #4166 ) ;
#3665 = DIRECTION ( 'NONE',  ( 1.000000000000000000, 0.000000000000000000, 0.000000000000000000 ) ) ;
#3666 = CARTESIAN_POINT ( 'NONE',  ( 0.4000000000000006328, 0.1019999999999929990, -0.7249999999999999778 ) ) ;
#3667 = ORIENTED_EDGE ( 'NONE', *, *, #2608, .F. ) ;
#3668 = VECTOR ( 'NONE', #3963, 1000.000000000000000 ) ;
#3669 = EDGE_LOOP ( 'NONE', ( #2644, #2761 ) ) ;
#3670 = EDGE_CURVE ( 'NONE', #416, #3217, #2758, .T. ) ;
#3671 = DIRECTION ( 'NONE',  ( 0.000000000000000000, 0.000000000000000000, 1.000000000000000000 ) ) ;
#3672 = LINE ( 'NONE', #999, #2338 ) ;
#3673 = PRESENTATION_LAYER_ASSIGNMENT (  '', '', ( #1059 ) ) ;
#3674 = DIRECTION ( 'NONE',  ( 0.000000000000000000, 0.000000000000000000, -1.000000000000000000 ) ) ;
#3675 = ORIENTED_EDGE ( 'NONE', *, *, #2007, .T. ) ;
#3676 = ORIENTED_EDGE ( 'NONE', *, *, #3015, .T. ) ;
#3677 = EDGE_CURVE ( 'NONE', #3241, #4176, #3949, .T. ) ;
#3678 = AXIS2_PLACEMENT_3D ( 'NONE', #920, #183, #2429 ) ;
#3679 = VECTOR ( 'NONE', #4558, 1000.000000000000000 ) ;
#3680 = CARTESIAN_POINT ( 'NONE',  ( -0.1999999999999992339, 0.1519999999999930018, 0.7249999999999999778 ) ) ;
#3681 = CARTESIAN_POINT ( 'NONE',  ( 0.2000000000000000944, 0.1019999999999929990, -0.3999999999999993006 ) ) ;
#3682 = ORIENTED_EDGE ( 'NONE', *, *, #1484, .T. ) ;
#3683 = EDGE_CURVE ( 'NONE', #3595, #3258, #2486, .T. ) ;
#3684 = AXIS2_PLACEMENT_3D ( 'NONE', #4357, #630, #2485 ) ;
#3685 = DIRECTION ( 'NONE',  ( 0.000000000000000000, 1.000000000000000000, 0.000000000000000000 ) ) ;
#3686 = DIRECTION ( 'NONE',  ( 1.000000000000000000, 0.000000000000000000, 0.000000000000000000 ) ) ;
#3687 = LINE ( 'NONE', #2544, #2483 ) ;
#3688 = EDGE_CURVE ( 'NONE', #3622, #2454, #900, .T. ) ;
#3689 = DIRECTION ( 'NONE',  ( -1.000000000000000000, 0.000000000000000000, 0.000000000000000000 ) ) ;
#3690 = CARTESIAN_POINT ( 'NONE',  ( 0.1500000000000003830, 0.1519999999999999962, -0.5999999999999998668 ) ) ;
#3691 = ORIENTED_EDGE ( 'NONE', *, *, #4814, .T. ) ;
#3692 = ORIENTED_EDGE ( 'NONE', *, *, #4566, .T. ) ;
#3693 = LINE ( 'NONE', #2926, #3632 ) ;
#3694 = CARTESIAN_POINT ( 'NONE',  ( 0.4000000000000006328, -1.659391495380860171, 0.3999999999999993006 ) ) ;
#3695 = DIRECTION ( 'NONE',  ( 0.000000000000000000, -1.000000000000000000, 0.000000000000000000 ) ) ;
#3696 = DIRECTION ( 'NONE',  ( 0.000000000000000000, -1.000000000000000000, 0.000000000000000000 ) ) ;
#3697 = ORIENTED_EDGE ( 'NONE', *, *, #26, .T. ) ;
#3698 = ORIENTED_EDGE ( 'NONE', *, *, #2084, .F. ) ;
#3699 = VECTOR ( 'NONE', #3503, 1000.000000000000000 ) ;
#3700 = VECTOR ( 'NONE', #2747, 1000.000000000000000 ) ;
#3701 = VECTOR ( 'NONE', #4844, 1000.000000000000000 ) ;
#3702 = EDGE_CURVE ( 'NONE', #4559, #618, #2059, .T. ) ;
#3703 = LINE ( 'NONE', #1548, #3916 ) ;
#3704 = AXIS2_PLACEMENT_3D ( 'NONE', #4696, #2473, #3986 ) ;
#3705 = CARTESIAN_POINT ( 'NONE',  ( 0.2000000000000000944, 0.1519999999999930018, -0.7249999999999999778 ) ) ;
#3706 = ORIENTED_EDGE ( 'NONE', *, *, #730, .T. ) ;
#3707 = DIRECTION ( 'NONE',  ( 0.000000000000000000, 1.000000000000000000, 0.000000000000000000 ) ) ;
#3708 = EDGE_CURVE ( 'NONE', #561, #94, #500, .T. ) ;
#3709 = COLOUR_RGB ( '',0.2509803921568627416, 0.2509803921568627416, 0.2509803921568627416 ) ;
#3710 = CARTESIAN_POINT ( 'NONE',  ( -0.3999999999999997446, 0.1019999999999921941, -0.7249999999999999778 ) ) ;
#3711 = LINE ( 'NONE', #321, #2200 ) ;
#3712 = EDGE_CURVE ( 'NONE', #4594, #4072, #3925, .T. ) ;
#3713 = DIRECTION ( 'NONE',  ( 0.000000000000000000, -1.000000000000000000, -1.355252715606882022E-16 ) ) ;
#3714 = VERTEX_POINT ( 'NONE', #3232 ) ;
#3715 = EDGE_CURVE ( 'NONE', #2295, #602, #3525, .T. ) ;
#3716 = ADVANCED_FACE ( 'NONE', ( #2814 ), #1307, .F. ) ;
#3717 = PLANE ( 'NONE',  #73 ) ;
#3718 = LINE ( 'NONE', #3694, #3612 ) ;
#3719 = DIRECTION ( 'NONE',  ( -1.000000000000000000, 0.000000000000000000, 0.000000000000000000 ) ) ;
#3720 = DIRECTION ( 'NONE',  ( 0.000000000000000000, -1.000000000000000000, 0.000000000000000000 ) ) ;
#3721 = VERTEX_POINT ( 'NONE', #1659 ) ;
#3722 = VERTEX_POINT ( 'NONE', #4656 ) ;
#3723 = EDGE_CURVE ( 'NONE', #2535, #1253, #1281, .T. ) ;
#3724 = DIRECTION ( 'NONE',  ( 0.000000000000000000, -1.000000000000000000, 0.000000000000000000 ) ) ;
#3725 = CARTESIAN_POINT ( 'NONE',  ( 0.2000000000000000944, 0.1019999999999929990, 0.3999999999999993006 ) ) ;
#3726 = ORIENTED_EDGE ( 'NONE', *, *, #3534, .F. ) ;
#3727 = LINE ( 'NONE', #4809, #208 ) ;
#3728 = ORIENTED_EDGE ( 'NONE', *, *, #1406, .F. ) ;
#3729 = DIRECTION ( 'NONE',  ( 0.000000000000000000, 1.000000000000000000, 0.000000000000000000 ) ) ;
#3730 = CARTESIAN_POINT ( 'NONE',  ( 0.5000000000000000000, 0.1519999999999964990, -0.09999999999999592548 ) ) ;
#3731 = DIRECTION ( 'NONE',  ( 1.355252715606880049E-16, -1.000000000000000000, 0.000000000000000000 ) ) ;
#3732 = DIRECTION ( 'NONE',  ( 0.000000000000000000, 0.000000000000000000, -1.000000000000000000 ) ) ;
#3733 = EDGE_LOOP ( 'NONE', ( #3419, #600, #4086, #4313 ) ) ;
#3734 = DIRECTION ( 'NONE',  ( -0.7071067811865489050, 9.583083854271077886E-17, -0.7071067811865460184 ) ) ;
#3735 = EDGE_CURVE ( 'NONE', #3083, #4187, #2103, .T. ) ;
#3736 = LINE ( 'NONE', #2949, #1863 ) ;
#3737 = VECTOR ( 'NONE', #654, 1000.000000000000000 ) ;
#3738 = ADVANCED_FACE ( 'NONE', ( #3211 ), #2785, .F. ) ;
#3739 = CARTESIAN_POINT ( 'NONE',  ( -0.3999999999999997446, 0.1019999999999929990, -9.275000000000000355 ) ) ;
#3740 = ORIENTED_EDGE ( 'NONE', *, *, #2810, .F. ) ;
#3741 = ORIENTED_EDGE ( 'NONE', *, *, #1447, .T. ) ;
#3742 = ORIENTED_EDGE ( 'NONE', *, *, #2289, .F. ) ;
#3743 = ADVANCED_FACE ( 'NONE', ( #871 ), #3553, .F. ) ;
#3744 = VECTOR ( 'NONE', #2765, 1000.000000000000000 ) ;
#3745 = PLANE ( 'NONE',  #1545 ) ;
#3746 = LINE ( 'NONE', #3305, #2640 ) ;
#3747 = ADVANCED_FACE ( 'NONE', ( #4287 ), #169, .F. ) ;
#3748 = AXIS2_PLACEMENT_3D ( 'NONE', #3322, #4842, #4105 ) ;
#3749 = EDGE_LOOP ( 'NONE', ( #566, #669, #4553, #493 ) ) ;
#3750 = ORIENTED_EDGE ( 'NONE', *, *, #1113, .F. ) ;
#3751 = VECTOR ( 'NONE', #2318, 1000.000000000000000 ) ;
#3752 = VECTOR ( 'NONE', #2175, 1000.000000000000000 ) ;
#3753 = CARTESIAN_POINT ( 'NONE',  ( 0.5000000000000000000, 0.1019999999999929990, 0.3999999999999993006 ) ) ;
#3754 = ORIENTED_EDGE ( 'NONE', *, *, #2524, .F. ) ;
#3755 = DIRECTION ( 'NONE',  ( 0.000000000000000000, 0.000000000000000000, 1.000000000000000000 ) ) ;
#3756 = DIRECTION ( 'NONE',  ( 0.000000000000000000, 1.000000000000000000, 0.000000000000000000 ) ) ;
#3757 = VECTOR ( 'NONE', #3996, 1000.000000000000000 ) ;
#3758 = EDGE_CURVE ( 'NONE', #2446, #2696, #1732, .T. ) ;
#3759 = CARTESIAN_POINT ( 'NONE',  ( 0.1500000000000003830, 0.000000000000000000, 0.1000000000000011297 ) ) ;
#3760 = DIRECTION ( 'NONE',  ( 0.000000000000000000, 1.000000000000000000, 0.000000000000000000 ) ) ;
#3761 = ORIENTED_EDGE ( 'NONE', *, *, #3688, .F. ) ;
#3762 = EDGE_CURVE ( 'NONE', #4707, #110, #4358, .T. ) ;
#3763 = CARTESIAN_POINT ( 'NONE',  ( -0.3999999999999997446, -1.659391495380860171, 0.09999999999999766020 ) ) ;
#3764 = DIRECTION ( 'NONE',  ( 1.355252715606880049E-16, -1.000000000000000000, 0.000000000000000000 ) ) ;
#3765 = FACE_OUTER_BOUND ( 'NONE', #4518, .T. ) ;
#3766 = FACE_OUTER_BOUND ( 'NONE', #4838, .T. ) ;
#3767 = EDGE_LOOP ( 'NONE', ( #1980, #745, #1650, #344 ) ) ;
#3768 = ORIENTED_EDGE ( 'NONE', *, *, #2304, .T. ) ;
#3769 = ORIENTED_EDGE ( 'NONE', *, *, #51, .T. ) ;
#3770 = CARTESIAN_POINT ( 'NONE',  ( 0.2000000000000000944, -1.659391495380860171, 0.1000000000000028644 ) ) ;
#3771 = CARTESIAN_POINT ( 'NONE',  ( 0.5000000000000000000, -1.659391495380860171, 0.1000000000000028644 ) ) ;
#3772 = LINE ( 'NONE', #4185, #3354 ) ;
#3773 = CARTESIAN_POINT ( 'NONE',  ( -0.4499999999999994560, 0.1519999999999999962, 0.09999999999999766020 ) ) ;
#3774 = ORIENTED_EDGE ( 'NONE', *, *, #2827, .T. ) ;
#3775 = ORIENTED_EDGE ( 'NONE', *, *, #211, .T. ) ;
#3776 = VECTOR ( 'NONE', #4234, 1000.000000000000000 ) ;
#3777 = AXIS2_PLACEMENT_3D ( 'NONE', #4186, #1853, #702 ) ;
#3778 = ORIENTED_EDGE ( 'NONE', *, *, #3573, .F. ) ;
#3779 = DIRECTION ( 'NONE',  ( 1.000000000000000000, 0.000000000000000000, 0.000000000000000000 ) ) ;
#3780 = DIRECTION ( 'NONE',  ( -1.000000000000000000, 0.000000000000000000, -7.047314121155790654E-15 ) ) ;
#3781 = EDGE_CURVE ( 'NONE', #2195, #4012, #2126, .T. ) ;
#3782 = CARTESIAN_POINT ( 'NONE',  ( -0.4999999999999991673, 0.04000000000000000083, -0.7249999999999999778 ) ) ;
#3783 = DIRECTION ( 'NONE',  ( 0.000000000000000000, -1.000000000000000000, 0.000000000000000000 ) ) ;
#3784 = LINE ( 'NONE', #2643, #3199 ) ;
#3785 = ORIENTED_EDGE ( 'NONE', *, *, #4718, .T. ) ;
#3786 = CARTESIAN_POINT ( 'NONE',  ( 0.1499999999999969136, 0.1019999999999929990, 0.3999999999999993006 ) ) ;
#3787 = CARTESIAN_POINT ( 'NONE',  ( 0.2000000000000000944, 0.1519999999999999962, 0.7249999999999999778 ) ) ;
#3788 = CARTESIAN_POINT ( 'NONE',  ( -0.4499999999999994560, 0.1519999999999999962, 0.09999999999999766020 ) ) ;
#3789 = LINE ( 'NONE', #1847, #767 ) ;
#3790 = ORIENTED_EDGE ( 'NONE', *, *, #370, .T. ) ;
#3791 = ORIENTED_EDGE ( 'NONE', *, *, #3209, .F. ) ;
#3792 = STYLED_ITEM ( 'NONE', ( #248 ), #504 ) ;
#3793 = VECTOR ( 'NONE', #3143, 1000.000000000000000 ) ;
#3794 = EDGE_CURVE ( 'NONE', #2685, #243, #1751, .T. ) ;
#3795 = CARTESIAN_POINT ( 'NONE',  ( 0.2000000000000000944, 0.1519999999999999962, -0.09999999999999766020 ) ) ;
#3796 = CARTESIAN_POINT ( 'NONE',  ( 0.4500000000000002887, 0.04000000000000000083, -0.5999999999999998668 ) ) ;
#3797 = CARTESIAN_POINT ( 'NONE',  ( 0.4000000000000006328, 0.1519999999999999962, -0.7249999999999999778 ) ) ;
#3798 = ORIENTED_EDGE ( 'NONE', *, *, #3334, .F. ) ;
#3799 = CARTESIAN_POINT ( 'NONE',  ( -0.1500000000000047407, 0.1519999999999999962, 0.5999999999999998668 ) ) ;
#3800 = ORIENTED_EDGE ( 'NONE', *, *, #441, .F. ) ;
#3801 = ADVANCED_FACE ( 'NONE', ( #4472 ), #715, .F. ) ;
#3802 = PLANE ( 'NONE',  #4717 ) ;
#3803 = ADVANCED_FACE ( 'NONE', ( #1425 ), #287, .T. ) ;
#3804 = FACE_OUTER_BOUND ( 'NONE', #1821, .T. ) ;
#3805 = DIRECTION ( 'NONE',  ( -7.047314121155780399E-15, 0.000000000000000000, 1.000000000000000000 ) ) ;
#3806 = LINE ( 'NONE', #834, #4515 ) ;
#3807 = VERTEX_POINT ( 'NONE', #4062 ) ;
#3808 = CARTESIAN_POINT ( 'NONE',  ( 0.4000000000000006328, 0.1019999999999929990, 0.3999999999999993006 ) ) ;
#3809 = FACE_OUTER_BOUND ( 'NONE', #4595, .T. ) ;
#3810 = CARTESIAN_POINT ( 'NONE',  ( 0.4000000000000006328, 0.1019999999999929990, -9.275000000000000355 ) ) ;
#3811 = EDGE_LOOP ( 'NONE', ( #4502, #4000, #652, #2652 ) ) ;
#3812 = EDGE_CURVE ( 'NONE', #141, #4323, #3297, .T. ) ;
#3813 = ORIENTED_EDGE ( 'NONE', *, *, #4063, .F. ) ;
#3814 = CARTESIAN_POINT ( 'NONE',  ( -0.1500000000000047407, 0.1019999999999929990, 0.5999999999999998668 ) ) ;
#3815 = VECTOR ( 'NONE', #1145, 1000.000000000000000 ) ;
#3816 = CARTESIAN_POINT ( 'NONE',  ( -0.1999999999999992339, -1.659391495380860171, 0.3999999999999993006 ) ) ;
#3817 = CARTESIAN_POINT ( 'NONE',  ( -0.4999999999999991673, 0.1519999999999930018, 0.3999999999999993006 ) ) ;
#3818 = EDGE_CURVE ( 'NONE', #3922, #131, #348, .T. ) ;
#3819 = LINE ( 'NONE', #2263, #1013 ) ;
#3820 = VERTEX_POINT ( 'NONE', #327 ) ;
#3821 = VERTEX_POINT ( 'NONE', #2596 ) ;
#3822 = VECTOR ( 'NONE', #4195, 1000.000000000000000 ) ;
#3823 = VECTOR ( 'NONE', #4569, 1000.000000000000000 ) ;
#3824 = CARTESIAN_POINT ( 'NONE',  ( -0.1999999999999992339, 0.1019999999999929990, 0.1000000000000028644 ) ) ;
#3825 = ORIENTED_EDGE ( 'NONE', *, *, #4054, .F. ) ;
#3826 = AXIS2_PLACEMENT_3D ( 'NONE', #2611, #2688, #732 ) ;
#3827 = LINE ( 'NONE', #482, #505 ) ;
#3828 = PLANE ( 'NONE',  #3146 ) ;
#3829 = VECTOR ( 'NONE', #1467, 1000.000000000000000 ) ;
#3830 = VECTOR ( 'NONE', #797, 1000.000000000000000 ) ;
#3831 = LINE ( 'NONE', #1561, #202 ) ;
#3832 = LINE ( 'NONE', #4539, #860 ) ;
#3833 = DIRECTION ( 'NONE',  ( 0.000000000000000000, -1.000000000000000000, 0.000000000000000000 ) ) ;
#3834 = ORIENTED_EDGE ( 'NONE', *, *, #1479, .T. ) ;
#3835 = CARTESIAN_POINT ( 'NONE',  ( 0.2000000000000000944, 0.1519999999999930018, 0.3999999999999993006 ) ) ;
#3836 = CYLINDRICAL_SURFACE ( 'NONE', #4304, 0.09999999999999999167 ) ;
#3837 = AXIS2_PLACEMENT_3D ( 'NONE', #2191, #3764, #2927 ) ;
#3838 = CARTESIAN_POINT ( 'NONE',  ( 0.4500000000000002887, 0.1019999999999929990, 0.3999999999999993006 ) ) ;
#3839 = ORIENTED_EDGE ( 'NONE', *, *, #3004, .T. ) ;
#3840 = ORIENTED_EDGE ( 'NONE', *, *, #2434, .F. ) ;
#3841 = ORIENTED_EDGE ( 'NONE', *, *, #4197, .F. ) ;
#3842 = DIRECTION ( 'NONE',  ( -1.000000000000000000, 0.000000000000000000, 0.000000000000000000 ) ) ;
#3843 = DIRECTION ( 'NONE',  ( -1.000000000000000000, 0.000000000000000000, -7.002139030635550521E-15 ) ) ;
#3844 = VERTEX_POINT ( 'NONE', #2533 ) ;
#3845 = DIRECTION ( 'NONE',  ( 1.000000000000000000, 0.000000000000000000, 0.000000000000000000 ) ) ;
#3846 = FACE_OUTER_BOUND ( 'NONE', #290, .T. ) ;
#3847 = ORIENTED_EDGE ( 'NONE', *, *, #2868, .T. ) ;
#3848 = EDGE_CURVE ( 'NONE', #539, #3889, #2882, .T. ) ;
#3849 = ORIENTED_EDGE ( 'NONE', *, *, #3892, .T. ) ;
#3850 = CARTESIAN_POINT ( 'NONE',  ( -0.1999999999999992339, 0.1519999999999999962, -0.3999999999999993006 ) ) ;
#3851 = ORIENTED_EDGE ( 'NONE', *, *, #3215, .T. ) ;
#3852 = EDGE_CURVE ( 'NONE', #2067, #2105, #2972, .T. ) ;
#3853 = LINE ( 'NONE', #2011, #3699 ) ;
#3854 = VECTOR ( 'NONE', #460, 1000.000000000000000 ) ;
#3855 = ADVANCED_FACE ( 'NONE', ( #3650 ), #2551, .F. ) ;
#3856 = FACE_OUTER_BOUND ( 'NONE', #4241, .T. ) ;
#3857 = CARTESIAN_POINT ( 'NONE',  ( -0.1499999999999995226, 0.1519999999999999962, 0.09999999999999939493 ) ) ;
#3858 = VECTOR ( 'NONE', #2979, 1000.000000000000000 ) ;
#3859 = LINE ( 'NONE', #2045, #1028 ) ;
#3860 = ADVANCED_FACE ( 'NONE', ( #1095 ), #1042, .F. ) ;
#3861 = ORIENTED_EDGE ( 'NONE', *, *, #2070, .T. ) ;
#3862 = FACE_OUTER_BOUND ( 'NONE', #172, .T. ) ;
#3863 = FACE_OUTER_BOUND ( 'NONE', #3420, .T. ) ;
#3864 = PLANE ( 'NONE',  #965 ) ;
#3865 = EDGE_LOOP ( 'NONE', ( #2920, #3041, #3675, #1502, #2026, #2705, #3775, #84, #3486, #2695, #4315, #1475, #4825, #2312, #4461, #820, #3531, #4353, #45, #1797 ) ) ;
#3866 = EDGE_CURVE ( 'NONE', #1662, #2481, #673, .T. ) ;
#3867 = EDGE_LOOP ( 'NONE', ( #4713, #1415, #4211, #2691 ) ) ;
#3868 = ORIENTED_EDGE ( 'NONE', *, *, #748, .F. ) ;
#3869 = ADVANCED_FACE ( 'NONE', ( #1845 ), #2905, .F. ) ;
#3870 = CARTESIAN_POINT ( 'NONE',  ( -0.4499999999999994560, 0.1019999999999963991, 0.09999999999999766020 ) ) ;
#3871 = LINE ( 'NONE', #3075, #435 ) ;
#3872 = EDGE_LOOP ( 'NONE', ( #4325, #3151, #2821, #2499 ) ) ;
#3873 = DIRECTION ( 'NONE',  ( 0.000000000000000000, 0.000000000000000000, 1.000000000000000000 ) ) ;
#3874 = CARTESIAN_POINT ( 'NONE',  ( 0.2000000000000000944, 0.1519999999999999962, 0.1000000000000028644 ) ) ;
#3875 = EDGE_CURVE ( 'NONE', #2587, #2897, #307, .T. ) ;
#3876 = ORIENTED_EDGE ( 'NONE', *, *, #2794, .F. ) ;
#3877 = ORIENTED_EDGE ( 'NONE', *, *, #4536, .T. ) ;
#3878 = DIRECTION ( 'NONE',  ( -1.000000000000000000, 0.000000000000000000, -6.956963940115319855E-15 ) ) ;
#3879 = DIRECTION ( 'NONE',  ( 0.000000000000000000, 0.000000000000000000, 1.000000000000000000 ) ) ;
#3880 = EDGE_LOOP ( 'NONE', ( #3089, #1275, #3069, #1709 ) ) ;
#3881 = DIRECTION ( 'NONE',  ( -7.589415207398540504E-15, 0.000000000000000000, 1.000000000000000000 ) ) ;
#3882 = CARTESIAN_POINT ( 'NONE',  ( -0.1999999999999957645, 0.1519999999999999962, -0.5999999999999998668 ) ) ;
#3883 = EDGE_CURVE ( 'NONE', #1680, #924, #263, .T. ) ;
#3884 = CARTESIAN_POINT ( 'NONE',  ( 0.1500000000000003830, 0.1519999999999999962, -0.09999999999999939493 ) ) ;
#3885 = ORIENTED_EDGE ( 'NONE', *, *, #2304, .F. ) ;
#3886 = EDGE_CURVE ( 'NONE', #3139, #1247, #3736, .T. ) ;
#3887 = DIRECTION ( 'NONE',  ( 0.000000000000000000, 1.000000000000000000, 0.000000000000000000 ) ) ;
#3888 = CARTESIAN_POINT ( 'NONE',  ( -0.1999999999999992339, 0.1519999999999999962, 0.5999999999999998668 ) ) ;
#3889 = VERTEX_POINT ( 'NONE', #694 ) ;
#3890 = ORIENTED_EDGE ( 'NONE', *, *, #4736, .T. ) ;
#3891 = ORIENTED_EDGE ( 'NONE', *, *, #605, .F. ) ;
#3892 = EDGE_CURVE ( 'NONE', #2876, #1451, #1771, .T. ) ;
#3893 = CARTESIAN_POINT ( 'NONE',  ( 0.2000000000000000944, 0.1519999999999930018, -9.275000000000000355 ) ) ;
#3894 = LINE ( 'NONE', #3816, #4459 ) ;
#3895 = DIRECTION ( 'NONE',  ( 1.000000000000000000, 0.000000000000000000, 0.000000000000000000 ) ) ;
#3896 = CARTESIAN_POINT ( 'NONE',  ( -0.1499999999999995226, 0.000000000000000000, 0.09999999999999939493 ) ) ;
#3897 = ORIENTED_EDGE ( 'NONE', *, *, #3886, .T. ) ;
#3898 = VERTEX_POINT ( 'NONE', #4385 ) ;
#3899 = EDGE_CURVE ( 'NONE', #1194, #2701, #3365, .T. ) ;
#3900 = EDGE_CURVE ( 'NONE', #923, #2842, #631, .T. ) ;
#3901 = VECTOR ( 'NONE', #3674, 1000.000000000000000 ) ;
#3902 = DIRECTION ( 'NONE',  ( -1.000000000000000000, -1.355252715606880049E-16, 0.000000000000000000 ) ) ;
#3903 = CARTESIAN_POINT ( 'NONE',  ( 0.4500000000000002887, 0.04000000000000000083, 0.1000000000000028644 ) ) ;
#3904 = VERTEX_POINT ( 'NONE', #31 ) ;
#3905 = VECTOR ( 'NONE', #684, 1000.000000000000000 ) ;
#3906 = DIRECTION ( 'NONE',  ( -1.000000000000000000, 0.000000000000000000, -6.866613759074860889E-15 ) ) ;
#3907 = VECTOR ( 'NONE', #1011, 1000.000000000000000 ) ;
#3908 = ORIENTED_EDGE ( 'NONE', *, *, #4109, .T. ) ;
#3909 = AXIS2_PLACEMENT_3D ( 'NONE', #2071, #3933, #2371 ) ;
#3910 = FACE_OUTER_BOUND ( 'NONE', #1922, .T. ) ;
#3911 = CARTESIAN_POINT ( 'NONE',  ( -0.1499999999999995226, 0.000000000000000000, -0.09999999999999939493 ) ) ;
#3912 = VECTOR ( 'NONE', #1618, 1000.000000000000000 ) ;
#3913 = CARTESIAN_POINT ( 'NONE',  ( 0.4500000000000002887, 0.000000000000000000, -0.09999999999999592548 ) ) ;
#3914 = ORIENTED_EDGE ( 'NONE', *, *, #2540, .T. ) ;
#3915 = MECHANICAL_DESIGN_GEOMETRIC_PRESENTATION_REPRESENTATION (  '', ( #1059 ), #2327 ) ;
#3916 = VECTOR ( 'NONE', #3371, 1000.000000000000000 ) ;
#3917 = EDGE_CURVE ( 'NONE', #1253, #1638, #3067, .T. ) ;
#3918 = CARTESIAN_POINT ( 'NONE',  ( -0.1999999999999992339, 0.1519999999999999962, -0.09999999999999939493 ) ) ;
#3919 = CARTESIAN_POINT ( 'NONE',  ( 0.4000000000000006328, 0.1519999999999930018, 0.7249999999999999778 ) ) ;
#3920 = ORIENTED_EDGE ( 'NONE', *, *, #11, .T. ) ;
#3921 = CARTESIAN_POINT ( 'NONE',  ( -0.1000000000000032946, 0.000000000000000000, -0.3999999999999993006 ) ) ;
#3922 = VERTEX_POINT ( 'NONE', #1192 ) ;
#3923 = ORIENTED_EDGE ( 'NONE', *, *, #4374, .T. ) ;
#3924 = CARTESIAN_POINT ( 'NONE',  ( -0.4999999999999991673, 0.1519999999999999962, -0.09999999999999592548 ) ) ;
#3925 = LINE ( 'NONE', #2035, #278 ) ;
#3926 = CARTESIAN_POINT ( 'NONE',  ( 0.4000000000000006328, 0.1019999999999929990, -9.275000000000000355 ) ) ;
#3927 = ORIENTED_EDGE ( 'NONE', *, *, #4742, .T. ) ;
#3928 = ORIENTED_EDGE ( 'NONE', *, *, #2843, .F. ) ;
#3929 = DIRECTION ( 'NONE',  ( 0.7071067811865489050, 0.000000000000000000, 0.7071067811865460184 ) ) ;
#3930 = LINE ( 'NONE', #2706, #1315 ) ;
#3931 = ORIENTED_EDGE ( 'NONE', *, *, #3259, .T. ) ;
#3932 = VERTEX_POINT ( 'NONE', #58 ) ;
#3933 = DIRECTION ( 'NONE',  ( 1.355252715606880049E-16, -1.000000000000000000, 0.000000000000000000 ) ) ;
#3934 = DIRECTION ( 'NONE',  ( 0.000000000000000000, 1.355252715606882022E-16, -1.000000000000000000 ) ) ;
#3935 = CARTESIAN_POINT ( 'NONE',  ( 0.5000000000000000000, -1.659391495380860171, -0.3999999999999993006 ) ) ;
#3937 = EDGE_CURVE ( 'NONE', #903, #4810, #4126, .T. ) ;
#3936 = CARTESIAN_POINT ( 'NONE',  ( -0.3249999999999993450, 0.4500000000000000111, -0.5500000000000001554 ) ) ;
#3938 = VERTEX_POINT ( 'NONE', #2279 ) ;
#3939 = VECTOR ( 'NONE', #1169, 1000.000000000000000 ) ;
#3940 = VECTOR ( 'NONE', #2663, 1000.000000000000000 ) ;
#3941 = DIRECTION ( 'NONE',  ( 0.000000000000000000, -1.000000000000000000, 0.000000000000000000 ) ) ;
#3942 = VECTOR ( 'NONE', #2060, 1000.000000000000000 ) ;
#3943 = CARTESIAN_POINT ( 'NONE',  ( -0.1999999999999992339, 0.1519999999999930018, -0.3999999999999993006 ) ) ;
#3944 = CARTESIAN_POINT ( 'NONE',  ( -0.3999999999999997446, 0.1519999999999999962, -0.7249999999999999778 ) ) ;
#3945 = ORIENTED_EDGE ( 'NONE', *, *, #1276, .T. ) ;
#3946 = ORIENTED_EDGE ( 'NONE', *, *, #2514, .T. ) ;
#3947 = LINE ( 'NONE', #216, #1887 ) ;
#3948 = LINE ( 'NONE', #579, #3757 ) ;
#3949 = LINE ( 'NONE', #2412, #1714 ) ;
#3950 = VECTOR ( 'NONE', #3760, 1000.000000000000000 ) ;
#3951 = CARTESIAN_POINT ( 'NONE',  ( 0.5000000000000000000, 0.1519999999999964990, -0.09999999999999592548 ) ) ;
#3952 = VERTEX_POINT ( 'NONE', #3463 ) ;
#3953 = ORIENTED_EDGE ( 'NONE', *, *, #3514, .F. ) ;
#3954 = ADVANCED_FACE ( 'NONE', ( #3809 ), #4178, .F. ) ;
#3955 = DIRECTION ( 'NONE',  ( 1.000000000000000000, 0.000000000000000000, 7.047314121155780399E-15 ) ) ;
#3956 = SURFACE_STYLE_USAGE ( .BOTH. , #1693 ) ;
#3957 = ORIENTED_EDGE ( 'NONE', *, *, #4408, .F. ) ;
#3958 = ORIENTED_EDGE ( 'NONE', *, *, #3702, .T. ) ;
#3959 = ADVANCED_FACE ( 'NONE', ( #1116 ), #3836, .F. ) ;
#3960 = DIRECTION ( 'NONE',  ( 0.000000000000000000, -1.000000000000000000, 0.000000000000000000 ) ) ;
#3961 = LINE ( 'NONE', #3538, #817 ) ;
#3962 = DIRECTION ( 'NONE',  ( 1.000000000000000000, 0.000000000000000000, 0.000000000000000000 ) ) ;
#3963 = DIRECTION ( 'NONE',  ( 7.047314121155790654E-15, 0.000000000000000000, -1.000000000000000000 ) ) ;
#3964 = ORIENTED_EDGE ( 'NONE', *, *, #3613, .F. ) ;
#3965 = EDGE_CURVE ( 'NONE', #3070, #1571, #82, .T. ) ;
#3966 = DIRECTION ( 'NONE',  ( -1.000000000000000000, -1.355252715606880049E-16, 4.336808689942020891E-15 ) ) ;
#3967 = PLANE ( 'NONE',  #1580 ) ;
#3968 = VERTEX_POINT ( 'NONE', #1591 ) ;
#3969 = ORIENTED_EDGE ( 'NONE', *, *, #28, .F. ) ;
#3970 = CARTESIAN_POINT ( 'NONE',  ( -0.4499999999999994560, 0.04000000000000000083, -0.5999999999999998668 ) ) ;
#3971 = LINE ( 'NONE', #1424, #3045 ) ;
#3972 = DIRECTION ( 'NONE',  ( 0.000000000000000000, 0.000000000000000000, 1.000000000000000000 ) ) ;
#3973 = EDGE_CURVE ( 'NONE', #2067, #1399, #1918, .T. ) ;
#3974 = DIRECTION ( 'NONE',  ( 1.000000000000000000, 0.000000000000000000, 0.000000000000000000 ) ) ;
#3975 = ORIENTED_EDGE ( 'NONE', *, *, #3536, .F. ) ;
#3976 = VECTOR ( 'NONE', #4010, 1000.000000000000000 ) ;
#3977 = EDGE_LOOP ( 'NONE', ( #1230, #1766, #2585, #826 ) ) ;
#3978 = EDGE_CURVE ( 'NONE', #2337, #131, #1566, .T. ) ;
#3979 = DIRECTION ( 'NONE',  ( 0.000000000000000000, -1.000000000000000000, 0.000000000000000000 ) ) ;
#3980 = DIRECTION ( 'NONE',  ( 0.000000000000000000, -1.000000000000000000, 0.000000000000000000 ) ) ;
#3981 = EDGE_LOOP ( 'NONE', ( #329, #1250, #533, #2153 ) ) ;
#3982 = VERTEX_POINT ( 'NONE', #1895 ) ;
#3983 = VECTOR ( 'NONE', #549, 1000.000000000000000 ) ;
#3984 = DIRECTION ( 'NONE',  ( 0.000000000000000000, -0.000000000000000000, 1.000000000000000000 ) ) ;
#3985 = LINE ( 'NONE', #548, #1385 ) ;
#3986 = DIRECTION ( 'NONE',  ( 0.000000000000000000, -1.000000000000000000, 0.000000000000000000 ) ) ;
#3987 = VECTOR ( 'NONE', #4534, 1000.000000000000000 ) ;
#3988 = AXIS2_PLACEMENT_3D ( 'NONE', #2693, #1965, #4493 ) ;
#3989 = LINE ( 'NONE', #210, #3432 ) ;
#3990 = DIRECTION ( 'NONE',  ( -1.000000000000000000, 0.000000000000000000, 0.000000000000000000 ) ) ;
#3991 = ORIENTED_EDGE ( 'NONE', *, *, #2218, .T. ) ;
#3992 = ORIENTED_EDGE ( 'NONE', *, *, #4464, .F. ) ;
#3993 = ORIENTED_EDGE ( 'NONE', *, *, #3781, .F. ) ;
#3994 = AXIS2_PLACEMENT_3D ( 'NONE', #1833, #3327, #4827 ) ;
#3995 = CARTESIAN_POINT ( 'NONE',  ( 0.2000000000000000944, 0.1519999999999930018, -9.275000000000000355 ) ) ;
#3996 = DIRECTION ( 'NONE',  ( -1.000000000000000000, 0.000000000000000000, 0.000000000000000000 ) ) ;
#3997 = CARTESIAN_POINT ( 'NONE',  ( -0.3999999999999997446, 0.1519999999999930018, 0.7249999999999999778 ) ) ;
#3998 = PLANE ( 'NONE',  #3196 ) ;
#3999 = ORIENTED_EDGE ( 'NONE', *, *, #747, .F. ) ;
#4000 = ORIENTED_EDGE ( 'NONE', *, *, #4172, .F. ) ;
#4001 = CARTESIAN_POINT ( 'NONE',  ( 0.1500000000000003830, 0.1519999999999999962, -0.3999999999999993006 ) ) ;
#4002 = CARTESIAN_POINT ( 'NONE',  ( -0.4999999999999991673, 0.1019999999999929990, 0.5999999999999998668 ) ) ;
#4003 = VERTEX_POINT ( 'NONE', #4861 ) ;
#4004 = PRESENTATION_STYLE_ASSIGNMENT (( #2498 ) ) ;
#4005 = ORIENTED_EDGE ( 'NONE', *, *, #751, .T. ) ;
#4006 = CARTESIAN_POINT ( 'NONE',  ( -0.1500000000000029921, 0.1519999999999999962, 0.3999999999999993006 ) ) ;
#4007 = CARTESIAN_POINT ( 'NONE',  ( -0.4499999999999994560, 0.1019999999999999934, -0.3999999999999993006 ) ) ;
#4008 = ADVANCED_FACE ( 'NONE', ( #4199 ), #786, .T. ) ;
#4009 = CARTESIAN_POINT ( 'NONE',  ( -0.3999999999999997446, -1.659391495380860171, 0.7249999999999999778 ) ) ;
#4010 = DIRECTION ( 'NONE',  ( -1.000000000000000000, -1.355252715606880049E-16, 0.000000000000000000 ) ) ;
#4011 = VERTEX_POINT ( 'NONE', #2253 ) ;
#4012 = VERTEX_POINT ( 'NONE', #1541 ) ;
#4013 = ORIENTED_EDGE ( 'NONE', *, *, #2552, .T. ) ;
#4014 = VECTOR ( 'NONE', #1974, 1000.000000000000000 ) ;
#4015 = DIRECTION ( 'NONE',  ( 1.355252715606880049E-16, -1.000000000000000000, 0.000000000000000000 ) ) ;
#4016 = DIRECTION ( 'NONE',  ( 1.000000000000000000, 0.000000000000000000, 0.000000000000000000 ) ) ;
#4017 = CARTESIAN_POINT ( 'NONE',  ( -0.3999999999999997446, 0.1519999999999930018, -9.275000000000000355 ) ) ;
#4018 = EDGE_CURVE ( 'NONE', #2907, #110, #4152, .T. ) ;
#4019 = CARTESIAN_POINT ( 'NONE',  ( -0.4499999999999994560, 0.1519999999999999962, 0.5999999999999998668 ) ) ;
#4020 = ORIENTED_EDGE ( 'NONE', *, *, #960, .F. ) ;
#4021 = VECTOR ( 'NONE', #3929, 1000.000000000000114 ) ;
#4022 = VERTEX_POINT ( 'NONE', #3392 ) ;
#4023 = EDGE_CURVE ( 'NONE', #453, #430, #4592, .T. ) ;
#4024 = CARTESIAN_POINT ( 'NONE',  ( -0.4499999999999994560, 0.000000000000000000, -0.3999999999999993006 ) ) ;
#4025 = CARTESIAN_POINT ( 'NONE',  ( 0.5000000000000000000, 0.1519999999999930018, 0.3999999999999993006 ) ) ;
#4026 = VERTEX_POINT ( 'NONE', #3044 ) ;
#4027 = DIRECTION ( 'NONE',  ( 0.000000000000000000, 0.000000000000000000, 1.000000000000000000 ) ) ;
#4028 = CARTESIAN_POINT ( 'NONE',  ( 0.1499999999999951927, 0.000000000000000000, 0.5999999999999998668 ) ) ;
#4029 = ADVANCED_FACE ( 'NONE', ( #3863 ), #2723, .F. ) ;
#4030 = LINE ( 'NONE', #2824, #1212 ) ;
#4031 = VECTOR ( 'NONE', #4763, 1000.000000000000000 ) ;
#4032 = ADVANCED_FACE ( 'NONE', ( #3765 ), #372, .F. ) ;
#4033 = LINE ( 'NONE', #2503, #332 ) ;
#4034 = EDGE_LOOP ( 'NONE', ( #3203, #696, #2932, #981 ) ) ;
#4035 = ORIENTED_EDGE ( 'NONE', *, *, #3561, .T. ) ;
#4036 = CARTESIAN_POINT ( 'NONE',  ( -0.4250000000000004885, 0.4500000000000000111, -0.5500000000000001554 ) ) ;
#4037 = CARTESIAN_POINT ( 'NONE',  ( -0.4999999999999991673, 0.1019999999999963991, -0.09999999999999592548 ) ) ;
#4038 = CARTESIAN_POINT ( 'NONE',  ( -0.2249999999999999500, 0.4500000000000000111, -0.5500000000000001554 ) ) ;
#4039 = CARTESIAN_POINT ( 'NONE',  ( -0.1500000000000047407, 0.1019999999999929990, 0.5999999999999998668 ) ) ;
#4040 = ORIENTED_EDGE ( 'NONE', *, *, #4367, .T. ) ;
#4041 = ORIENTED_EDGE ( 'NONE', *, *, #2088, .T. ) ;
#4042 = ADVANCED_FACE ( 'NONE', ( #1167, #2647, #4544 ), #2670, .F. ) ;
#4043 = CARTESIAN_POINT ( 'NONE',  ( 0.5000000000000000000, 0.1519999999999999962, 0.5999999999999998668 ) ) ;
#4044 = DIRECTION ( 'NONE',  ( -7.589415207398540504E-15, 0.000000000000000000, 1.000000000000000000 ) ) ;
#4045 = CARTESIAN_POINT ( 'NONE',  ( 0.2000000000000000944, 0.1019999999999924023, 0.7249999999999999778 ) ) ;
#4046 = ORIENTED_EDGE ( 'NONE', *, *, #4157, .T. ) ;
#4047 = EDGE_CURVE ( 'NONE', #1535, #3714, #1651, .T. ) ;
#4048 = EDGE_CURVE ( 'NONE', #4552, #3721, #108, .T. ) ;
#4049 = LINE ( 'NONE', #1365, #2720 ) ;
#4050 = LINE ( 'NONE', #3615, #1616 ) ;
#4051 = CARTESIAN_POINT ( 'NONE',  ( 0.2000000000000000944, 0.1519999999999930018, -9.275000000000000355 ) ) ;
#4052 = VECTOR ( 'NONE', #3720, 1000.000000000000000 ) ;
#4053 = LINE ( 'NONE', #1087, #1311 ) ;
#4054 = EDGE_CURVE ( 'NONE', #3821, #2258, #3568, .T. ) ;
#4055 = DIRECTION ( 'NONE',  ( 1.000000000000000000, 1.355252715606880049E-16, 0.000000000000000000 ) ) ;
#4056 = VERTEX_POINT ( 'NONE', #4648 ) ;
#4057 = VECTOR ( 'NONE', #4783, 1000.000000000000000 ) ;
#4058 = ORIENTED_EDGE ( 'NONE', *, *, #4119, .T. ) ;
#4059 = EDGE_CURVE ( 'NONE', #2403, #4428, #2378, .T. ) ;
#4060 = LINE ( 'NONE', #671, #2754 ) ;
#4061 = CARTESIAN_POINT ( 'NONE',  ( -0.1499999999999995226, 0.000000000000000000, 0.09999999999999939493 ) ) ;
#4062 = CARTESIAN_POINT ( 'NONE',  ( 0.5000000000000000000, 0.1019999999999999934, -0.3999999999999993006 ) ) ;
#4063 = EDGE_CURVE ( 'NONE', #4282, #3049, #1270, .T. ) ;
#4064 = VECTOR ( 'NONE', #180, 1000.000000000000000 ) ;
#4065 = CARTESIAN_POINT ( 'NONE',  ( -0.1500000000000029921, 0.1019999999999929990, 0.3999999999999993006 ) ) ;
#4066 = ORIENTED_EDGE ( 'NONE', *, *, #3892, .F. ) ;
#4067 = VERTEX_POINT ( 'NONE', #889 ) ;
#4068 = AXIS2_PLACEMENT_3D ( 'NONE', #4681, #2386, #145 ) ;
#4069 = AXIS2_PLACEMENT_3D ( 'NONE', #908, #1258, #511 ) ;
#4070 = PLANE ( 'NONE',  #3108 ) ;
#4071 = LINE ( 'NONE', #357, #205 ) ;
#4072 = VERTEX_POINT ( 'NONE', #490 ) ;
#4073 = VECTOR ( 'NONE', #30, 1000.000000000000000 ) ;
#4074 = LINE ( 'NONE', #1506, #1065 ) ;
#4075 = EDGE_CURVE ( 'NONE', #2542, #3653, #2855, .T. ) ;
#4076 = DIRECTION ( 'NONE',  ( -1.000000000000000000, 0.000000000000000000, -7.047314121155780399E-15 ) ) ;
#4077 = DIRECTION ( 'NONE',  ( -7.047314121155780399E-15, -1.355252715606882022E-16, 1.000000000000000000 ) ) ;
#4078 = EDGE_CURVE ( 'NONE', #2163, #539, #3545, .T. ) ;
#4079 = DIRECTION ( 'NONE',  ( 0.000000000000000000, 1.355252715606882022E-16, -1.000000000000000000 ) ) ;
#4080 = DIRECTION ( 'NONE',  ( 1.000000000000000000, 0.000000000000000000, 2.710505431213760296E-15 ) ) ;
#4081 = ORIENTED_EDGE ( 'NONE', *, *, #159, .F. ) ;
#4082 = CARTESIAN_POINT ( 'NONE',  ( -0.3999999999999997446, 0.1519999999999999962, -0.5999999999999998668 ) ) ;
#4083 = DIRECTION ( 'NONE',  ( 0.000000000000000000, 0.000000000000000000, -1.000000000000000000 ) ) ;
#4084 = DIRECTION ( 'NONE',  ( 1.000000000000000000, 1.355252715606880049E-16, 0.000000000000000000 ) ) ;
#4085 = DIRECTION ( 'NONE',  ( 1.000000000000000000, 1.355252715606880049E-16, 0.000000000000000000 ) ) ;
#4086 = ORIENTED_EDGE ( 'NONE', *, *, #2047, .F. ) ;
#4087 = VERTEX_POINT ( 'NONE', #573 ) ;
#4088 = VECTOR ( 'NONE', #2711, 1000.000000000000000 ) ;
#4089 = VECTOR ( 'NONE', #4228, 1000.000000000000000 ) ;
#4090 = CARTESIAN_POINT ( 'NONE',  ( -0.3999999999999997446, 0.1519999999999999962, 0.09999999999999766020 ) ) ;
#4091 = AXIS2_PLACEMENT_3D ( 'NONE', #2089, #151, #932 ) ;
#4092 = DIRECTION ( 'NONE',  ( 1.000000000000000000, 0.000000000000000000, 0.000000000000000000 ) ) ;
#4093 = FACE_BOUND ( 'NONE', #3733, .T. ) ;
#4094 = ORIENTED_EDGE ( 'NONE', *, *, #626, .T. ) ;
#4095 =( GEOMETRIC_REPRESENTATION_CONTEXT ( 3 ) GLOBAL_UNCERTAINTY_ASSIGNED_CONTEXT ( ( #850 ) ) GLOBAL_UNIT_ASSIGNED_CONTEXT ( ( #4792, #3569, #2922 ) ) REPRESENTATION_CONTEXT ( 'NONE', 'WORKASPACE' ) );
#4096 = LINE ( 'NONE', #662, #2022 ) ;
#4097 = DIRECTION ( 'NONE',  ( 7.589415207398540504E-15, 1.355252715606882022E-16, -1.000000000000000000 ) ) ;
#4098 = ADVANCED_FACE ( 'NONE', ( #1322 ), #4309, .T. ) ;
#4099 = EDGE_CURVE ( 'NONE', #2195, #111, #862, .T. ) ;
#4100 = FACE_OUTER_BOUND ( 'NONE', #1869, .T. ) ;
#4101 = ADVANCED_FACE ( 'NONE', ( #945 ), #3200, .T. ) ;
#4102 = ORIENTED_EDGE ( 'NONE', *, *, #4047, .T. ) ;
#4103 = EDGE_CURVE ( 'NONE', #164, #813, #2476, .T. ) ;
#4104 = FACE_OUTER_BOUND ( 'NONE', #2745, .T. ) ;
#4105 = DIRECTION ( 'NONE',  ( 4.336808689942135079E-16, 0.000000000000000000, 1.000000000000000000 ) ) ;
#4106 = LINE ( 'NONE', #2619, #4330 ) ;
#4107 = VERTEX_POINT ( 'NONE', #3516 ) ;
#4108 = ORIENTED_EDGE ( 'NONE', *, *, #4505, .F. ) ;
#4109 = EDGE_CURVE ( 'NONE', #2420, #852, #3989, .T. ) ;
#4110 = PLANE ( 'NONE',  #4308 ) ;
#4111 = PLANE ( 'NONE',  #823 ) ;
#4112 = ORIENTED_EDGE ( 'NONE', *, *, #2888, .F. ) ;
#4113 = ORIENTED_EDGE ( 'NONE', *, *, #1227, .F. ) ;
#4114 = EDGE_CURVE ( 'NONE', #958, #4261, #598, .T. ) ;
#4115 = FACE_OUTER_BOUND ( 'NONE', #3977, .T. ) ;
#4116 = ORIENTED_EDGE ( 'NONE', *, *, #1450, .T. ) ;
#4117 = LINE ( 'NONE', #298, #2240 ) ;
#4118 = DIRECTION ( 'NONE',  ( 0.000000000000000000, 0.000000000000000000, 1.000000000000000000 ) ) ;
#4119 = EDGE_CURVE ( 'NONE', #3898, #166, #2021, .T. ) ;
#4120 = APPLICATION_CONTEXT ( 'automotive_design' ) ;
#4121 = LINE ( 'NONE', #3386, #4380 ) ;
#4122 = DIRECTION ( 'NONE',  ( 1.000000000000000000, 1.355252715606880049E-16, 0.000000000000000000 ) ) ;
#4123 = ORIENTED_EDGE ( 'NONE', *, *, #2854, .F. ) ;
#4124 = FACE_OUTER_BOUND ( 'NONE', #2866, .T. ) ;
#4125 = DIRECTION ( 'NONE',  ( 1.000000000000000000, 0.000000000000000000, 0.000000000000000000 ) ) ;
#4126 = LINE ( 'NONE', #1516, #2718 ) ;
#4127 = VECTOR ( 'NONE', #1836, 1000.000000000000000 ) ;
#4128 = DIRECTION ( 'NONE',  ( 1.355252715606880049E-16, -1.000000000000000000, 0.000000000000000000 ) ) ;
#4129 = ORIENTED_EDGE ( 'NONE', *, *, #572, .T. ) ;
#4130 = ORIENTED_EDGE ( 'NONE', *, *, #1410, .T. ) ;
#4131 = VERTEX_POINT ( 'NONE', #1349 ) ;
#4132 = VECTOR ( 'NONE', #963, 1000.000000000000000 ) ;
#4133 = DIRECTION ( 'NONE',  ( 1.000000000000000000, 1.355252715606880049E-16, 0.000000000000000000 ) ) ;
#4134 = LINE ( 'NONE', #2978, #2182 ) ;
#4135 = CARTESIAN_POINT ( 'NONE',  ( -0.4999999999999991673, 0.1019999999999963991, -0.09999999999999592548 ) ) ;
#4136 = VECTOR ( 'NONE', #2510, 1000.000000000000000 ) ;
#4137 = DIRECTION ( 'NONE',  ( 1.355252715606880049E-16, -1.000000000000000000, 0.000000000000000000 ) ) ;
#4138 = ORIENTED_EDGE ( 'NONE', *, *, #2139, .T. ) ;
#4139 = ORIENTED_EDGE ( 'NONE', *, *, #799, .F. ) ;
#4140 = CLOSED_SHELL ( 'NONE', ( #2799, #4008, #2769, #4548, #23, #2614, #3446, #358, #4098, #4375, #4101, #3363, #1969, #943, #3012, #149, #4331, #2873, #250, #4042, #2636, #1393, #4543, #2469, #3954, #4457, #4828, #2665, #494, #3194, #4752, #4628, #3350, #384, #4032, #4753, #1271, #1645, #1978, #279, #15, #3743, #1900, #1062, #456, #224, #3869, #1624, #2115, #1586, #3086, #1723, #2698, #385, #4581, #4732, #1021, #1695, #1112, #4256, #4561, #3385, #440, #1468, #3803, #1596, #1938, #704, #1497, #1108 ) ) ;
#4141 = VECTOR ( 'NONE', #4627, 1000.000000000000000 ) ;
#4142 = CARTESIAN_POINT ( 'NONE',  ( -0.4999999999999991673, 0.1019999999999929990, 0.3999999999999993006 ) ) ;
#4143 = EDGE_LOOP ( 'NONE', ( #4113, #835, #2780, #382 ) ) ;
#4144 = DIRECTION ( 'NONE',  ( 0.000000000000000000, -1.000000000000000000, 0.000000000000000000 ) ) ;
#4145 = DIRECTION ( 'NONE',  ( -7.047314121155790654E-15, 0.000000000000000000, 1.000000000000000000 ) ) ;
#4146 = VECTOR ( 'NONE', #4016, 1000.000000000000000 ) ;
#4147 = FACE_BOUND ( 'NONE', #1363, .T. ) ;
#4148 = LINE ( 'NONE', #4489, #2447 ) ;
#4149 = ORIENTED_EDGE ( 'NONE', *, *, #2496, .T. ) ;
#4150 = EDGE_CURVE ( 'NONE', #3552, #2291, #3619, .T. ) ;
#4151 = DIRECTION ( 'NONE',  ( 0.000000000000000000, -1.355252715606882022E-16, 1.000000000000000000 ) ) ;
#4152 = LINE ( 'NONE', #2618, #4445 ) ;
#4153 = CARTESIAN_POINT ( 'NONE',  ( -0.3999999999999997446, 0.1519999999999930018, -9.275000000000000355 ) ) ;
#4154 = ORIENTED_EDGE ( 'NONE', *, *, #2207, .F. ) ;
#4155 = EDGE_LOOP ( 'NONE', ( #4757, #1203 ) ) ;
#4156 = ORIENTED_EDGE ( 'NONE', *, *, #2376, .F. ) ;
#4157 = EDGE_CURVE ( 'NONE', #2876, #3722, #993, .T. ) ;
#4158 = DIRECTION ( 'NONE',  ( -7.589415207398540504E-15, 0.000000000000000000, -1.000000000000000000 ) ) ;
#4159 = DIRECTION ( 'NONE',  ( -1.000000000000000000, 0.000000000000000000, 0.000000000000000000 ) ) ;
#4160 = CARTESIAN_POINT ( 'NONE',  ( 0.2000000000000000944, 0.1519999999999999962, 0.1000000000000011297 ) ) ;
#4161 = EDGE_CURVE ( 'NONE', #2669, #1603, #1395, .T. ) ;
#4162 = ORIENTED_EDGE ( 'NONE', *, *, #1720, .F. ) ;
#4163 = EDGE_LOOP ( 'NONE', ( #353, #1848, #148, #2565 ) ) ;
#4164 = UNCERTAINTY_MEASURE_WITH_UNIT (LENGTH_MEASURE( 1.000000000000000082E-05 ), #3636, 'distance_accuracy_value', 'NONE');
#4165 = VECTOR ( 'NONE', #2694, 1000.000000000000000 ) ;
#4166 = AXIS2_PLACEMENT_3D ( 'NONE', #1792, #1932, #53 ) ;
#4167 = AXIS2_PLACEMENT_3D ( 'NONE', #752, #4137, #1153 ) ;
#4168 = CARTESIAN_POINT ( 'NONE',  ( -0.3999999999999997446, 0.1519999999999930018, -9.275000000000000355 ) ) ;
#4169 = VERTEX_POINT ( 'NONE', #625 ) ;
#4170 = DIRECTION ( 'NONE',  ( 1.000000000000000000, 0.000000000000000000, 7.047314121155780399E-15 ) ) ;
#4171 = LINE ( 'NONE', #4855, #3940 ) ;
#4172 = EDGE_CURVE ( 'NONE', #4026, #3647, #1417, .T. ) ;
#4173 = VECTOR ( 'NONE', #2273, 1000.000000000000000 ) ;
#4174 = CYLINDRICAL_SURFACE ( 'NONE', #2491, 0.09999999999999999167 ) ;
#4175 = CARTESIAN_POINT ( 'NONE',  ( 0.5000000000000000000, 0.1019999999999929990, -0.5999999999999998668 ) ) ;
#4176 = VERTEX_POINT ( 'NONE', #4791 ) ;
#4177 = EDGE_CURVE ( 'NONE', #1339, #213, #1036, .T. ) ;
#4178 = PLANE ( 'NONE',  #3988 ) ;
#4179 = LINE ( 'NONE', #742, #2436 ) ;
#4180 = ORIENTED_EDGE ( 'NONE', *, *, #3177, .F. ) ;
#4181 = ORIENTED_EDGE ( 'NONE', *, *, #1555, .T. ) ;
#4182 = EDGE_LOOP ( 'NONE', ( #1008, #4451, #3511, #4392 ) ) ;
#4183 = CARTESIAN_POINT ( 'NONE',  ( -0.3999999999999997446, 0.1019999999999921941, -0.5999999999999998668 ) ) ;
#4184 = DIRECTION ( 'NONE',  ( 0.000000000000000000, 1.000000000000000000, 0.000000000000000000 ) ) ;
#4185 = CARTESIAN_POINT ( 'NONE',  ( 0.2000000000000000944, 0.1519999999999999962, -0.3999999999999993006 ) ) ;
#4186 = CARTESIAN_POINT ( 'NONE',  ( -4.336808689942017736E-16, 0.04000000000000000083, 0.000000000000000000 ) ) ;
#4187 = VERTEX_POINT ( 'NONE', #4465 ) ;
#4188 = ORIENTED_EDGE ( 'NONE', *, *, #1347, .F. ) ;
#4189 = EDGE_CURVE ( 'NONE', #1163, #4700, #4053, .T. ) ;
#4190 = CARTESIAN_POINT ( 'NONE',  ( -0.2249999999999999500, 0.4500000000000000111, -0.5500000000000001554 ) ) ;
#4191 = ORIENTED_EDGE ( 'NONE', *, *, #2475, .T. ) ;
#4192 = LINE ( 'NONE', #2314, #2517 ) ;
#4193 = CARTESIAN_POINT ( 'NONE',  ( 0.4000000000000006328, 0.1519999999999999962, -0.09999999999999766020 ) ) ;
#4194 = CARTESIAN_POINT ( 'NONE',  ( 0.4500000000000002887, 0.000000000000000000, 0.1000000000000028644 ) ) ;
#4195 = DIRECTION ( 'NONE',  ( 0.000000000000000000, -1.000000000000000000, 0.000000000000000000 ) ) ;
#4196 = ORIENTED_EDGE ( 'NONE', *, *, #3302, .T. ) ;
#4197 = EDGE_CURVE ( 'NONE', #3582, #2291, #4815, .T. ) ;
#4198 = FACE_OUTER_BOUND ( 'NONE', #4528, .T. ) ;
#4199 = FACE_OUTER_BOUND ( 'NONE', #2442, .T. ) ;
#4200 = CARTESIAN_POINT ( 'NONE',  ( 0.5000000000000000000, 0.5000000000000000000, -0.7249999999999999778 ) ) ;
#4201 = ORIENTED_EDGE ( 'NONE', *, *, #779, .F. ) ;
#4202 = VERTEX_POINT ( 'NONE', #299 ) ;
#4203 = ORIENTED_EDGE ( 'NONE', *, *, #848, .F. ) ;
#4204 = VECTOR ( 'NONE', #3246, 1000.000000000000000 ) ;
#4205 = LINE ( 'NONE', #1177, #3776 ) ;
#4206 = DIRECTION ( 'NONE',  ( -6.866613759074860889E-15, 0.000000000000000000, 1.000000000000000000 ) ) ;
#4207 = VERTEX_POINT ( 'NONE', #1819 ) ;
#4208 = CARTESIAN_POINT ( 'NONE',  ( 0.2000000000000000944, 0.1519999999999999962, 0.5999999999999998668 ) ) ;
#4209 = PLANE ( 'NONE',  #895 ) ;
#4210 = ORIENTED_EDGE ( 'NONE', *, *, #252, .T. ) ;
#4211 = ORIENTED_EDGE ( 'NONE', *, *, #355, .F. ) ;
#4212 = VECTOR ( 'NONE', #4144, 1000.000000000000000 ) ;
#4213 = VECTOR ( 'NONE', #927, 1000.000000000000000 ) ;
#4214 = DIRECTION ( 'NONE',  ( 1.000000000000000000, 0.000000000000000000, -7.589415207398529460E-15 ) ) ;
#4215 = EDGE_CURVE ( 'NONE', #4779, #3582, #2943, .T. ) ;
#4216 = CARTESIAN_POINT ( 'NONE',  ( -0.1999999999999992339, 0.1019999999999929990, -9.275000000000000355 ) ) ;
#4217 = VERTEX_POINT ( 'NONE', #4440 ) ;
#4218 = VECTOR ( 'NONE', #2715, 1000.000000000000000 ) ;
#4219 = APPLICATION_CONTEXT ( 'automotive_design' ) ;
#4220 = DIRECTION ( 'NONE',  ( 0.000000000000000000, 0.000000000000000000, -1.000000000000000000 ) ) ;
#4221 = CIRCLE ( 'NONE', #130, 0.09999999999999999167 ) ;
#4222 = EDGE_CURVE ( 'NONE', #1544, #352, #1061, .T. ) ;
#4223 = FACE_OUTER_BOUND ( 'NONE', #3880, .T. ) ;
#4224 = ADVANCED_FACE ( 'NONE', ( #2666, #414, #4856, #436 ), #1135, .T. ) ;
#4225 = PLANE ( 'NONE',  #3644 ) ;
#4226 = ORIENTED_EDGE ( 'NONE', *, *, #2428, .T. ) ;
#4227 = EDGE_CURVE ( 'NONE', #3557, #4787, #2641, .T. ) ;
#4228 = DIRECTION ( 'NONE',  ( 0.000000000000000000, 1.000000000000000000, 0.000000000000000000 ) ) ;
#4229 = DIRECTION ( 'NONE',  ( 0.000000000000000000, -1.000000000000000000, 0.000000000000000000 ) ) ;
#4230 = LINE ( 'NONE', #4672, #1171 ) ;
#4231 = ORIENTED_EDGE ( 'NONE', *, *, #3616, .F. ) ;
#4232 = ORIENTED_EDGE ( 'NONE', *, *, #1453, .F. ) ;
#4233 = ORIENTED_EDGE ( 'NONE', *, *, #1844, .F. ) ;
#4234 = DIRECTION ( 'NONE',  ( 7.047314121155780399E-15, 0.000000000000000000, -1.000000000000000000 ) ) ;
#4235 = CARTESIAN_POINT ( 'NONE',  ( -0.1499999999999995226, 0.1519999999999999962, -0.09999999999999939493 ) ) ;
#4236 = LINE ( 'NONE', #427, #1392 ) ;
#4237 = CARTESIAN_POINT ( 'NONE',  ( -0.4999999999999991673, 0.1519999999999999962, -0.3999999999999993006 ) ) ;
#4238 = ORIENTED_EDGE ( 'NONE', *, *, #2986, .F. ) ;
#4239 = EDGE_CURVE ( 'NONE', #3653, #3191, #1161, .T. ) ;
#4240 = DIRECTION ( 'NONE',  ( 1.000000000000000000, 0.000000000000000000, 7.002139030635550521E-15 ) ) ;
#4241 = EDGE_LOOP ( 'NONE', ( #4020, #3076, #1111, #432 ) ) ;
#4242 = CARTESIAN_POINT ( 'NONE',  ( 0.4000000000000006328, -1.659391495380860171, -0.09999999999999766020 ) ) ;
#4243 = CARTESIAN_POINT ( 'NONE',  ( -0.1499999999999995226, 0.1519999999999999962, 0.09999999999999939493 ) ) ;
#4244 = VECTOR ( 'NONE', #749, 1000.000000000000000 ) ;
#4245 = VECTOR ( 'NONE', #2439, 1000.000000000000000 ) ;
#4246 = PLANE ( 'NONE',  #2323 ) ;
#4247 = CARTESIAN_POINT ( 'NONE',  ( -0.4999999999999991673, 0.04000000000000000083, -0.7249999999999999778 ) ) ;
#4248 = VECTOR ( 'NONE', #2549, 1000.000000000000000 ) ;
#4249 = LINE ( 'NONE', #4589, #174 ) ;
#4250 = LINE ( 'NONE', #3642, #1174 ) ;
#4251 = ORIENTED_EDGE ( 'NONE', *, *, #3430, .F. ) ;
#4252 = EDGE_CURVE ( 'NONE', #352, #4131, #3360, .T. ) ;
#4253 = ADVANCED_FACE ( 'NONE', ( #4588 ), #4174, .T. ) ;
#4254 = DIRECTION ( 'NONE',  ( 1.000000000000000000, 0.000000000000000000, 0.000000000000000000 ) ) ;
#4255 = CARTESIAN_POINT ( 'NONE',  ( -0.3999999999999997446, 0.1519999999999999962, -0.7249999999999999778 ) ) ;
#4256 = ADVANCED_FACE ( 'NONE', ( #3804 ), #1, .T. ) ;
#4257 = DIRECTION ( 'NONE',  ( 1.355252715606880049E-16, -1.000000000000000000, 0.000000000000000000 ) ) ;
#4258 = ORIENTED_EDGE ( 'NONE', *, *, #3965, .F. ) ;
#4259 = EDGE_LOOP ( 'NONE', ( #3016, #2479, #2573, #1834 ) ) ;
#4260 = EDGE_CURVE ( 'NONE', #681, #1370, #1587, .T. ) ;
#4261 = VERTEX_POINT ( 'NONE', #3434 ) ;
#4262 = EDGE_CURVE ( 'NONE', #166, #111, #1206, .T. ) ;
#4263 = CARTESIAN_POINT ( 'NONE',  ( -0.1999999999999957645, 0.000000000000000000, -0.5999999999999998668 ) ) ;
#4264 = FACE_OUTER_BOUND ( 'NONE', #815, .T. ) ;
#4265 = CARTESIAN_POINT ( 'NONE',  ( -0.1999999999999992339, 0.1019999999999929990, -0.3999999999999993006 ) ) ;
#4266 = DIRECTION ( 'NONE',  ( 0.000000000000000000, 1.000000000000000000, 0.000000000000000000 ) ) ;
#4267 = VERTEX_POINT ( 'NONE', #1510 ) ;
#4268 = VERTEX_POINT ( 'NONE', #367 ) ;
#4269 = VECTOR ( 'NONE', #4564, 1000.000000000000000 ) ;
#4270 = LINE ( 'NONE', #2684, #2811 ) ;
#4271 = ORIENTED_EDGE ( 'NONE', *, *, #4742, .F. ) ;
#4272 = LINE ( 'NONE', #1985, #2631 ) ;
#4273 = DIRECTION ( 'NONE',  ( 0.000000000000000000, -1.000000000000000000, 0.000000000000000000 ) ) ;
#4274 = EDGE_CURVE ( 'NONE', #1399, #3071, #4508, .T. ) ;
#4275 = DIRECTION ( 'NONE',  ( 1.000000000000000000, 0.000000000000000000, 0.000000000000000000 ) ) ;
#4276 = DIRECTION ( 'NONE',  ( -1.000000000000000000, 0.000000000000000000, 0.000000000000000000 ) ) ;
#4277 = PLANE ( 'NONE',  #2288 ) ;
#4278 = LINE ( 'NONE', #1320, #198 ) ;
#4279 = ORIENTED_EDGE ( 'NONE', *, *, #1606, .T. ) ;
#4280 = DIRECTION ( 'NONE',  ( 1.355252715606880049E-16, -1.000000000000000000, 0.000000000000000000 ) ) ;
#4281 = ORIENTED_EDGE ( 'NONE', *, *, #4511, .T. ) ;
#4282 = VERTEX_POINT ( 'NONE', #709 ) ;
#4283 = VERTEX_POINT ( 'NONE', #54 ) ;
#4284 = CARTESIAN_POINT ( 'NONE',  ( -0.4999999999999991673, 0.1019999999999963991, 0.1000000000000028644 ) ) ;
#4285 = LINE ( 'NONE', #2411, #4537 ) ;
#4286 = ORIENTED_EDGE ( 'NONE', *, *, #4023, .F. ) ;
#4287 = FACE_OUTER_BOUND ( 'NONE', #3981, .T. ) ;
#4288 = DIRECTION ( 'NONE',  ( 0.000000000000000000, -1.000000000000000000, 0.000000000000000000 ) ) ;
#4289 = ORIENTED_EDGE ( 'NONE', *, *, #1604, .T. ) ;
#4290 = VERTEX_POINT ( 'NONE', #24 ) ;
#4291 = AXIS2_PLACEMENT_3D ( 'NONE', #2733, #452, #2362 ) ;
#4292 = EDGE_CURVE ( 'NONE', #754, #1829, #4121, .T. ) ;
#4293 = LINE ( 'NONE', #176, #1302 ) ;
#4294 = CYLINDRICAL_SURFACE ( 'NONE', #4091, 0.09999999999999999167 ) ;
#4295 = CARTESIAN_POINT ( 'NONE',  ( 0.4000000000000006328, -1.659391495380860171, -0.5999999999999998668 ) ) ;
#4296 = VERTEX_POINT ( 'NONE', #760 ) ;
#4297 = VECTOR ( 'NONE', #570, 1000.000000000000000 ) ;
#4298 = DIRECTION ( 'NONE',  ( 0.000000000000000000, -1.000000000000000000, 0.000000000000000000 ) ) ;
#4299 = ORIENTED_EDGE ( 'NONE', *, *, #3651, .T. ) ;
#4300 = VECTOR ( 'NONE', #2044, 1000.000000000000000 ) ;
#4301 = CARTESIAN_POINT ( 'NONE',  ( -0.1499999999999995226, 0.1019999999999963991, -0.09999999999999592548 ) ) ;
#4302 = LINE ( 'NONE', #4247, #3596 ) ;
#4303 = LINE ( 'NONE', #1345, #3271 ) ;
#4304 = AXIS2_PLACEMENT_3D ( 'NONE', #419, #1942, #3439 ) ;
#4305 = DIRECTION ( 'NONE',  ( -1.000000000000000000, 0.000000000000000000, -6.866613759074860889E-15 ) ) ;
#4306 = ORIENTED_EDGE ( 'NONE', *, *, #3238, .T. ) ;
#4307 = VECTOR ( 'NONE', #480, 1000.000000000000000 ) ;
#4308 = AXIS2_PLACEMENT_3D ( 'NONE', #3771, #3422, #3326 ) ;
#4309 = PLANE ( 'NONE',  #3678 ) ;
#4310 = LINE ( 'NONE', #3888, #1570 ) ;
#4311 = ORIENTED_EDGE ( 'NONE', *, *, #1154, .T. ) ;
#4312 = LINE ( 'NONE', #2381, #2173 ) ;
#4313 = ORIENTED_EDGE ( 'NONE', *, *, #2939, .F. ) ;
#4314 = ADVANCED_FACE ( 'NONE', ( #2226, #4147, #1533 ), #2271, .T. ) ;
#4315 = ORIENTED_EDGE ( 'NONE', *, *, #441, .T. ) ;
#4316 = VECTOR ( 'NONE', #3321, 1000.000000000000000 ) ;
#4317 = FACE_OUTER_BOUND ( 'NONE', #4259, .T. ) ;
#4318 = LINE ( 'NONE', #2509, #1554 ) ;
#4319 = ORIENTED_EDGE ( 'NONE', *, *, #1304, .F. ) ;
#4320 = CARTESIAN_POINT ( 'NONE',  ( -0.4499999999999994560, 0.1019999999999963991, 0.09999999999999766020 ) ) ;
#4321 = CARTESIAN_POINT ( 'NONE',  ( -0.1500000000000029921, 0.1519999999999999962, 0.3999999999999993006 ) ) ;
#4322 = ORIENTED_EDGE ( 'NONE', *, *, #4048, .T. ) ;
#4323 = VERTEX_POINT ( 'NONE', #1913 ) ;
#4324 = EDGE_CURVE ( 'NONE', #2456, #3932, #3831, .T. ) ;
#4325 = ORIENTED_EDGE ( 'NONE', *, *, #4119, .F. ) ;
#4326 = CARTESIAN_POINT ( 'NONE',  ( -0.1999999999999992339, 0.1519999999999999962, -0.7249999999999999778 ) ) ;
#4327 = CARTESIAN_POINT ( 'NONE',  ( -0.3999999999999997446, 0.1019999999999925966, -0.3999999999999993006 ) ) ;
#4328 = LINE ( 'NONE', #4350, #2950 ) ;
#4329 = VECTOR ( 'NONE', #1877, 1000.000000000000000 ) ;
#4330 = VECTOR ( 'NONE', #2232, 1000.000000000000000 ) ;
#4331 = ADVANCED_FACE ( 'NONE', ( #3410 ), #3039, .T. ) ;
#4332 = VECTOR ( 'NONE', #564, 1000.000000000000000 ) ;
#4333 = ORIENTED_EDGE ( 'NONE', *, *, #1359, .F. ) ;
#4334 = ORIENTED_EDGE ( 'NONE', *, *, #601, .T. ) ;
#4335 = EDGE_CURVE ( 'NONE', #3258, #3582, #3479, .T. ) ;
#4336 = LINE ( 'NONE', #869, #1964 ) ;
#4337 = LINE ( 'NONE', #3575, #2421 ) ;
#4338 = DIRECTION ( 'NONE',  ( -1.000000000000000000, 0.000000000000000000, 0.000000000000000000 ) ) ;
#4339 = VECTOR ( 'NONE', #1820, 1000.000000000000000 ) ;
#4340 = DIRECTION ( 'NONE',  ( 0.000000000000000000, -1.000000000000000000, 0.000000000000000000 ) ) ;
#4341 = ORIENTED_EDGE ( 'NONE', *, *, #3158, .T. ) ;
#4342 = ORIENTED_EDGE ( 'NONE', *, *, #2289, .T. ) ;
#4343 = LINE ( 'NONE', #3239, #3501 ) ;
#4344 = CARTESIAN_POINT ( 'NONE',  ( 0.5000000000000000000, 0.1019999999999929990, 0.3999999999999993006 ) ) ;
#4345 = VERTEX_POINT ( 'NONE', #519 ) ;
#4346 = ORIENTED_EDGE ( 'NONE', *, *, #245, .F. ) ;
#4347 = FACE_OUTER_BOUND ( 'NONE', #3307, .T. ) ;
#4348 = PLANE ( 'NONE',  #2629 ) ;
#4349 = FACE_OUTER_BOUND ( 'NONE', #1284, .T. ) ;
#4350 = CARTESIAN_POINT ( 'NONE',  ( -0.1000000000000032946, 0.000000000000000000, -0.3999999999999993006 ) ) ;
#4351 = CARTESIAN_POINT ( 'NONE',  ( 0.2000000000000000944, 0.1019999999999929990, 0.5999999999999998668 ) ) ;
#4352 = LINE ( 'NONE', #2162, #3441 ) ;
#4353 = ORIENTED_EDGE ( 'NONE', *, *, #3226, .T. ) ;
#4354 = ORIENTED_EDGE ( 'NONE', *, *, #3175, .F. ) ;
#4355 = EDGE_CURVE ( 'NONE', #4497, #1662, #2961, .T. ) ;
#4356 = DIRECTION ( 'NONE',  ( 1.000000000000000000, 0.000000000000000000, 0.000000000000000000 ) ) ;
#4357 = CARTESIAN_POINT ( 'NONE',  ( -4.336808689942017736E-16, 0.000000000000000000, 0.000000000000000000 ) ) ;
#4358 = LINE ( 'NONE', #972, #2408 ) ;
#4359 = LINE ( 'NONE', #609, #3343 ) ;
#4360 = ORIENTED_EDGE ( 'NONE', *, *, #3209, .T. ) ;
#4361 = VECTOR ( 'NONE', #1015, 1000.000000000000000 ) ;
#4362 = ORIENTED_EDGE ( 'NONE', *, *, #3319, .T. ) ;
#4363 = DIRECTION ( 'NONE',  ( 1.000000000000000000, 0.000000000000000000, 0.000000000000000000 ) ) ;
#4364 = CARTESIAN_POINT ( 'NONE',  ( 0.2000000000000000944, -1.659391495380860171, -0.7249999999999999778 ) ) ;
#4365 = PRODUCT_CONTEXT ( 'NONE', #4219, 'mechanical' ) ;
#4366 = VERTEX_POINT ( 'NONE', #3171 ) ;
#4367 = EDGE_CURVE ( 'NONE', #1245, #430, #2372, .T. ) ;
#4368 = VECTOR ( 'NONE', #962, 1000.000000000000000 ) ;
#4369 = DIRECTION ( 'NONE',  ( 0.000000000000000000, -1.000000000000000000, 0.000000000000000000 ) ) ;
#4370 = ORIENTED_EDGE ( 'NONE', *, *, #1035, .F. ) ;
#4371 = DIRECTION ( 'NONE',  ( -0.7071067811865489050, 0.000000000000000000, -0.7071067811865460184 ) ) ;
#4372 = LINE ( 'NONE', #4327, #4031 ) ;
#4373 = AXIS2_PLACEMENT_3D ( 'NONE', #1982, #1285, #3529 ) ;
#4374 = EDGE_CURVE ( 'NONE', #2701, #4026, #4667, .T. ) ;
#4375 = ADVANCED_FACE ( 'NONE', ( #485 ), #940, .T. ) ;
#4376 = EDGE_CURVE ( 'NONE', #3820, #214, #2798, .T. ) ;
#4377 = AXIS2_PLACEMENT_3D ( 'NONE', #3274, #3340, #1402 ) ;
#4378 = FILL_AREA_STYLE ('',( #2900 ) ) ;
#4379 = EDGE_LOOP ( 'NONE', ( #627, #789, #1883, #4735 ) ) ;
#4380 = VECTOR ( 'NONE', #3087, 1000.000000000000000 ) ;
#4381 = ORIENTED_EDGE ( 'NONE', *, *, #1276, .F. ) ;
#4382 = VECTOR ( 'NONE', #2335, 1000.000000000000000 ) ;
#4383 = CARTESIAN_POINT ( 'NONE',  ( 0.4499999999999951261, 0.1019999999999929990, 0.5999999999999998668 ) ) ;
#4384 = FACE_OUTER_BOUND ( 'NONE', #3624, .T. ) ;
#4385 = CARTESIAN_POINT ( 'NONE',  ( -0.09999999999999635569, 0.1019999999999999934, -0.5000000000000004441 ) ) ;
#4386 = FACE_OUTER_BOUND ( 'NONE', #1810, .T. ) ;
#4387 = ORIENTED_EDGE ( 'NONE', *, *, #4677, .F. ) ;
#4388 = ORIENTED_EDGE ( 'NONE', *, *, #1537, .T. ) ;
#4389 = VECTOR ( 'NONE', #843, 1000.000000000000000 ) ;
#4390 = LINE ( 'NONE', #3680, #114 ) ;
#4391 = LINE ( 'NONE', #1005, #457 ) ;
#4392 = ORIENTED_EDGE ( 'NONE', *, *, #1164, .F. ) ;
#4393 = EDGE_CURVE ( 'NONE', #3807, #958, #1612, .T. ) ;
#4394 = DIRECTION ( 'NONE',  ( 1.000000000000000000, 1.355252715606880049E-16, 2.710505431213760099E-16 ) ) ;
#4395 = CARTESIAN_POINT ( 'NONE',  ( -0.3999999999999997446, -1.659391495380860171, -0.7249999999999999778 ) ) ;
#4396 = CARTESIAN_POINT ( 'NONE',  ( -0.2249999999999999500, 0.4500000000000000111, -0.5500000000000001554 ) ) ;
#4397 = ORIENTED_EDGE ( 'NONE', *, *, #1086, .T. ) ;
#4398 = DIRECTION ( 'NONE',  ( 1.000000000000000000, 1.355252715606880049E-16, 0.000000000000000000 ) ) ;
#4399 = CARTESIAN_POINT ( 'NONE',  ( 0.4500000000000002887, 0.1519999999999999962, 0.3999999999999993006 ) ) ;
#4400 = EDGE_CURVE ( 'NONE', #1603, #1339, #3961, .T. ) ;
#4401 = EDGE_LOOP ( 'NONE', ( #1366, #2757, #1017, #2004, #909, #1446, #3897, #2380, #4650, #4402, #4658, #2112, #2870, #2054, #3958, #985, #3404, #2777, #3697, #3475 ) ) ;
#4402 = ORIENTED_EDGE ( 'NONE', *, *, #4047, .F. ) ;
#4403 = VECTOR ( 'NONE', #1248, 1000.000000000000000 ) ;
#4404 = VECTOR ( 'NONE', #2134, 1000.000000000000000 ) ;
#4405 = DIRECTION ( 'NONE',  ( -1.000000000000000000, 0.000000000000000000, -6.956963940115319855E-15 ) ) ;
#4406 = DIRECTION ( 'NONE',  ( 1.000000000000000000, 0.000000000000000000, 0.000000000000000000 ) ) ;
#4407 = DIRECTION ( 'NONE',  ( -7.589415207398540504E-15, 0.000000000000000000, 1.000000000000000000 ) ) ;
#4408 = EDGE_CURVE ( 'NONE', #3578, #4022, #4302, .T. ) ;
#4409 = LINE ( 'NONE', #4039, #1210 ) ;
#4410 = ORIENTED_EDGE ( 'NONE', *, *, #507, .F. ) ;
#4411 = ORIENTED_EDGE ( 'NONE', *, *, #4653, .T. ) ;
#4412 = CARTESIAN_POINT ( 'NONE',  ( -0.4999999999999991673, 0.1019999999999929990, 0.3999999999999993006 ) ) ;
#4413 = FACE_OUTER_BOUND ( 'NONE', #3643, .T. ) ;
#4414 = FILL_AREA_STYLE ('',( #933 ) ) ;
#4415 = CARTESIAN_POINT ( 'NONE',  ( -0.3999999999999997446, 0.1519999999999930018, -9.275000000000000355 ) ) ;
#4416 = ORIENTED_EDGE ( 'NONE', *, *, #3477, .F. ) ;
#4417 = ADVANCED_FACE ( 'NONE', ( #463 ), #3113, .F. ) ;
#4418 = DIRECTION ( 'NONE',  ( 0.000000000000000000, 0.000000000000000000, 1.000000000000000000 ) ) ;
#4419 = ORIENTED_EDGE ( 'NONE', *, *, #2474, .T. ) ;
#4420 = VECTOR ( 'NONE', #2771, 1000.000000000000000 ) ;
#4421 = CARTESIAN_POINT ( 'NONE',  ( -0.3999999999999997446, -1.659391495380860171, 0.3999999999999993006 ) ) ;
#4422 = ORIENTED_EDGE ( 'NONE', *, *, #3712, .F. ) ;
#4423 = VERTEX_POINT ( 'NONE', #158 ) ;
#4424 = DIRECTION ( 'NONE',  ( 7.589415207398540504E-15, 1.355252715606882022E-16, -1.000000000000000000 ) ) ;
#4425 = FACE_OUTER_BOUND ( 'NONE', #317, .T. ) ;
#4426 = DIRECTION ( 'NONE',  ( 0.000000000000000000, 0.000000000000000000, 1.000000000000000000 ) ) ;
#4427 = LINE ( 'NONE', #1403, #2554 ) ;
#4428 = VERTEX_POINT ( 'NONE', #4326 ) ;
#4429 = ORIENTED_EDGE ( 'NONE', *, *, #3973, .T. ) ;
#4430 = EDGE_CURVE ( 'NONE', #583, #4217, #1318, .T. ) ;
#4431 = DIRECTION ( 'NONE',  ( 0.000000000000000000, -1.000000000000000000, -1.355252715606882022E-16 ) ) ;
#4432 = CARTESIAN_POINT ( 'NONE',  ( -0.1999999999999992339, 0.1519999999999930018, -9.275000000000000355 ) ) ;
#4433 = VERTEX_POINT ( 'NONE', #856 ) ;
#4434 = ADVANCED_FACE ( 'NONE', ( #2823 ), #547, .F. ) ;
#4435 = CARTESIAN_POINT ( 'NONE',  ( -0.1999999999999957645, 0.1019999999999929990, -0.5999999999999998668 ) ) ;
#4436 = VERTEX_POINT ( 'NONE', #568 ) ;
#4437 = LINE ( 'NONE', #3288, #1380 ) ;
#4438 = DIRECTION ( 'NONE',  ( 0.000000000000000000, -1.000000000000000000, -1.355252715606882022E-16 ) ) ;
#4439 = FACE_OUTER_BOUND ( 'NONE', #193, .T. ) ;
#4440 = CARTESIAN_POINT ( 'NONE',  ( 0.2000000000000000944, 0.1019999999999929990, -0.09999999999999766020 ) ) ;
#4441 = DIRECTION ( 'NONE',  ( 1.000000000000000000, 0.000000000000000000, 0.000000000000000000 ) ) ;
#4442 = EDGE_LOOP ( 'NONE', ( #1608, #1185, #3395, #2171 ) ) ;
#4443 = VECTOR ( 'NONE', #3686, 1000.000000000000000 ) ;
#4444 = ORIENTED_EDGE ( 'NONE', *, *, #1794, .F. ) ;
#4445 = VECTOR ( 'NONE', #3416, 1000.000000000000000 ) ;
#4446 = LINE ( 'NONE', #2575, #2206 ) ;
#4447 = CARTESIAN_POINT ( 'NONE',  ( -0.4499999999999994560, 0.04000000000000000083, -0.3999999999999993006 ) ) ;
#4448 = DIRECTION ( 'NONE',  ( -1.000000000000000000, -1.355252715606880049E-16, -7.002139030635550521E-15 ) ) ;
#4449 = VECTOR ( 'NONE', #341, 1000.000000000000000 ) ;
#4450 = CARTESIAN_POINT ( 'NONE',  ( 0.4000000000000006328, 0.1019999999999929990, -9.275000000000000355 ) ) ;
#4451 = ORIENTED_EDGE ( 'NONE', *, *, #896, .T. ) ;
#4452 = ORIENTED_EDGE ( 'NONE', *, *, #3291, .F. ) ;
#4453 = VECTOR ( 'NONE', #1687, 1000.000000000000000 ) ;
#4454 = DIRECTION ( 'NONE',  ( 1.000000000000000000, 0.000000000000000000, 0.000000000000000000 ) ) ;
#4455 = LINE ( 'NONE', #1879, #3858 ) ;
#4456 = ORIENTED_EDGE ( 'NONE', *, *, #4054, .T. ) ;
#4457 = ADVANCED_FACE ( 'NONE', ( #203 ), #4640, .F. ) ;
#4458 = EDGE_CURVE ( 'NONE', #3094, #1781, #882, .T. ) ;
#4459 = VECTOR ( 'NONE', #1249, 1000.000000000000000 ) ;
#4460 = DIRECTION ( 'NONE',  ( 0.000000000000000000, 0.000000000000000000, 1.000000000000000000 ) ) ;
#4461 = ORIENTED_EDGE ( 'NONE', *, *, #1814, .T. ) ;
#4462 = FACE_OUTER_BOUND ( 'NONE', #4155, .T. ) ;
#4463 = LINE ( 'NONE', #3314, #847 ) ;
#4464 = EDGE_CURVE ( 'NONE', #1163, #1876, #3170, .T. ) ;
#4465 = CARTESIAN_POINT ( 'NONE',  ( -0.1999999999999992339, 0.1019999999999924023, -0.3999999999999993006 ) ) ;
#4466 = CARTESIAN_POINT ( 'NONE',  ( -0.4999999999999991673, 0.04000000000000000083, 0.7249999999999999778 ) ) ;
#4467 = DIRECTION ( 'NONE',  ( 1.000000000000000000, 0.000000000000000000, 0.000000000000000000 ) ) ;
#4468 = ORIENTED_EDGE ( 'NONE', *, *, #2352, .T. ) ;
#4469 = EDGE_CURVE ( 'NONE', #141, #4559, #2423, .T. ) ;
#4470 = LINE ( 'NONE', #4082, #691 ) ;
#4471 = CARTESIAN_POINT ( 'NONE',  ( 0.4000000000000006328, -1.659391495380860171, 0.7249999999999999778 ) ) ;
#4472 = FACE_OUTER_BOUND ( 'NONE', #3009, .T. ) ;
#4473 = DIRECTION ( 'NONE',  ( -1.000000000000000000, 0.000000000000000000, -8.673617379884270158E-16 ) ) ;
#4474 = VERTEX_POINT ( 'NONE', #1514 ) ;
#4475 = EDGE_LOOP ( 'NONE', ( #1881, #4773, #774, #472 ) ) ;
#4476 = EDGE_CURVE ( 'NONE', #131, #4366, #371, .T. ) ;
#4477 = VECTOR ( 'NONE', #4118, 1000.000000000000000 ) ;
#4478 = DIRECTION ( 'NONE',  ( 1.000000000000000000, 0.000000000000000000, 0.000000000000000000 ) ) ;
#4479 = VECTOR ( 'NONE', #4044, 1000.000000000000000 ) ;
#4480 = LINE ( 'NONE', #3681, #3752 ) ;
#4481 = CARTESIAN_POINT ( 'NONE',  ( 0.5000000000000000000, 0.1019999999999924023, 0.1000000000000028644 ) ) ;
#4482 = ADVANCED_FACE ( 'NONE', ( #3910 ), #100, .F. ) ;
#4483 = EDGE_CURVE ( 'NONE', #3080, #1551, #1235, .T. ) ;
#4484 = CARTESIAN_POINT ( 'NONE',  ( 0.4000000000000006328, 0.1019999999999929990, 0.5999999999999998668 ) ) ;
#4485 = ORIENTED_EDGE ( 'NONE', *, *, #4292, .T. ) ;
#4486 = DIRECTION ( 'NONE',  ( 0.000000000000000000, 0.000000000000000000, 1.000000000000000000 ) ) ;
#4487 = FACE_OUTER_BOUND ( 'NONE', #3055, .T. ) ;
#4488 = DIRECTION ( 'NONE',  ( 1.000000000000000000, 1.355252715606880049E-16, 0.000000000000000000 ) ) ;
#4489 = CARTESIAN_POINT ( 'NONE',  ( 0.1499999999999951927, 0.1019999999999929990, 0.5999999999999998668 ) ) ;
#4490 = ORIENTED_EDGE ( 'NONE', *, *, #3319, .F. ) ;
#4491 = CARTESIAN_POINT ( 'NONE',  ( 0.4000000000000006328, 0.1019999999999929990, -9.275000000000000355 ) ) ;
#4492 = DIRECTION ( 'NONE',  ( 0.000000000000000000, -1.000000000000000000, 0.000000000000000000 ) ) ;
#4493 = DIRECTION ( 'NONE',  ( 0.000000000000000000, -1.000000000000000000, 0.000000000000000000 ) ) ;
#4494 = LINE ( 'NONE', #3739, #3939 ) ;
#4495 = ORIENTED_EDGE ( 'NONE', *, *, #3598, .T. ) ;
#4496 = ORIENTED_EDGE ( 'NONE', *, *, #3965, .T. ) ;
#4497 = VERTEX_POINT ( 'NONE', #2251 ) ;
#4498 = CARTESIAN_POINT ( 'NONE',  ( -0.1500000000000047407, 0.1019999999999929990, 0.5999999999999998668 ) ) ;
#4499 = DIRECTION ( 'NONE',  ( -1.000000000000000000, 0.000000000000000000, 0.000000000000000000 ) ) ;
#4500 = CARTESIAN_POINT ( 'NONE',  ( 0.4500000000000002887, 0.000000000000000000, -0.3999999999999993006 ) ) ;
#4501 = VERTEX_POINT ( 'NONE', #3390 ) ;
#4502 = ORIENTED_EDGE ( 'NONE', *, *, #1083, .F. ) ;
#4503 = CARTESIAN_POINT ( 'NONE',  ( 0.4000000000000006328, 0.1519999999999999962, 0.7249999999999999778 ) ) ;
#4504 = ORIENTED_EDGE ( 'NONE', *, *, #355, .T. ) ;
#4505 = EDGE_CURVE ( 'NONE', #156, #3234, #3537, .T. ) ;
#4506 = CARTESIAN_POINT ( 'NONE',  ( -0.3999999999999997446, 0.1519999999999999962, -0.3999999999999993006 ) ) ;
#4507 = LINE ( 'NONE', #1131, #2133 ) ;
#4508 = LINE ( 'NONE', #801, #4609 ) ;
#4509 = CARTESIAN_POINT ( 'NONE',  ( 0.4000000000000006328, 0.1019999999999929990, -9.275000000000000355 ) ) ;
#4510 = ORIENTED_EDGE ( 'NONE', *, *, #3598, .F. ) ;
#4511 = EDGE_CURVE ( 'NONE', #3184, #2805, #1646, .T. ) ;
#4512 = CARTESIAN_POINT ( 'NONE',  ( -0.4499999999999994560, 0.000000000000000000, 0.09999999999999766020 ) ) ;
#4513 = DIRECTION ( 'NONE',  ( -1.000000000000000000, 0.000000000000000000, -7.047314121155780399E-15 ) ) ;
#4514 = DIRECTION ( 'NONE',  ( 0.000000000000000000, -0.000000000000000000, 1.000000000000000000 ) ) ;
#4515 = VECTOR ( 'NONE', #1991, 1000.000000000000000 ) ;
#4516 = DIRECTION ( 'NONE',  ( 1.355252715606880049E-16, -1.000000000000000000, 0.000000000000000000 ) ) ;
#4517 = ORIENTED_EDGE ( 'NONE', *, *, #3978, .F. ) ;
#4518 = EDGE_LOOP ( 'NONE', ( #4723, #2521, #1746, #1073, #3057, #2728, #3022, #4154, #2367, #446, #536, #2354 ) ) ;
#4519 = ORIENTED_EDGE ( 'NONE', *, *, #211, .F. ) ;
#4520 = AXIS2_PLACEMENT_3D ( 'NONE', #3454, #4170, #2393 ) ;
#4521 = MECHANICAL_DESIGN_GEOMETRIC_PRESENTATION_REPRESENTATION (  '', ( #2886 ), #3204 ) ;
#4522 = FACE_OUTER_BOUND ( 'NONE', #2598, .T. ) ;
#4523 = DIRECTION ( 'NONE',  ( 0.000000000000000000, 0.000000000000000000, 1.000000000000000000 ) ) ;
#4524 = CARTESIAN_POINT ( 'NONE',  ( 0.1500000000000003830, 0.1519999999999999962, 0.1000000000000011297 ) ) ;
#4525 = AXIS2_PLACEMENT_3D ( 'NONE', #949, #1329, #3576 ) ;
#4526 = FACE_BOUND ( 'NONE', #2237, .T. ) ;
#4527 = VERTEX_POINT ( 'NONE', #2616 ) ;
#4528 = EDGE_LOOP ( 'NONE', ( #3030, #893, #315, #3847 ) ) ;
#4529 = AXIS2_PLACEMENT_3D ( 'NONE', #2009, #3135, #4583 ) ;
#4530 = CIRCLE ( 'NONE', #284, 0.09999999999999999167 ) ;
#4531 = ADVANCED_FACE ( 'NONE', ( #4124 ), #5, .F. ) ;
#4532 = DIRECTION ( 'NONE',  ( 1.000000000000000000, 1.355252715606880049E-16, 0.000000000000000000 ) ) ;
#4533 = ORIENTED_EDGE ( 'NONE', *, *, #4693, .T. ) ;
#4534 = DIRECTION ( 'NONE',  ( 0.000000000000000000, 1.000000000000000000, 0.000000000000000000 ) ) ;
#4535 = FACE_OUTER_BOUND ( 'NONE', #4584, .T. ) ;
#4536 = EDGE_CURVE ( 'NONE', #2969, #4780, #1671, .T. ) ;
#4537 = VECTOR ( 'NONE', #2057, 1000.000000000000000 ) ;
#4538 = DIRECTION ( 'NONE',  ( -1.000000000000000000, 0.000000000000000000, 0.000000000000000000 ) ) ;
#4539 = CARTESIAN_POINT ( 'NONE',  ( -0.3999999999999997446, 0.1019999999999925966, -0.09999999999999592548 ) ) ;
#4540 = CARTESIAN_POINT ( 'NONE',  ( 0.1500000000000003830, 0.1019999999999999934, -0.3999999999999993006 ) ) ;
#4541 = EDGE_LOOP ( 'NONE', ( #1949, #68, #3706, #1518 ) ) ;
#4542 = CARTESIAN_POINT ( 'NONE',  ( -0.1500000000000029921, 0.000000000000000000, 0.3999999999999993006 ) ) ;
#4543 = ADVANCED_FACE ( 'NONE', ( #3856 ), #1263, .F. ) ;
#4544 = FACE_OUTER_BOUND ( 'NONE', #1775, .T. ) ;
#4545 = DIRECTION ( 'NONE',  ( -1.000000000000000000, 0.000000000000000000, 0.000000000000000000 ) ) ;
#4546 = ORIENTED_EDGE ( 'NONE', *, *, #3781, .T. ) ;
#4547 = ORIENTED_EDGE ( 'NONE', *, *, #4400, .F. ) ;
#4548 = ADVANCED_FACE ( 'NONE', ( #4223 ), #4246, .T. ) ;
#4549 = LINE ( 'NONE', #3098, #4329 ) ;
#4550 = DIRECTION ( 'NONE',  ( 0.000000000000000000, -1.000000000000000000, 0.000000000000000000 ) ) ;
#4551 = LINE ( 'NONE', #3817, #1631 ) ;
#4552 = VERTEX_POINT ( 'NONE', #2796 ) ;
#4553 = ORIENTED_EDGE ( 'NONE', *, *, #3670, .F. ) ;
#4554 = VECTOR ( 'NONE', #2020, 1000.000000000000000 ) ;
#4555 = VECTOR ( 'NONE', #4545, 1000.000000000000000 ) ;
#4556 = VECTOR ( 'NONE', #3881, 1000.000000000000000 ) ;
#4557 = VECTOR ( 'NONE', #1601, 1000.000000000000000 ) ;
#4558 = DIRECTION ( 'NONE',  ( 1.000000000000000000, 1.355252715606880049E-16, 0.000000000000000000 ) ) ;
#4559 = VERTEX_POINT ( 'NONE', #4301 ) ;
#4560 = CARTESIAN_POINT ( 'NONE',  ( 0.1500000000000003830, 0.04000000000000000083, -0.3999999999999993006 ) ) ;
#4561 = ADVANCED_FACE ( 'NONE', ( #484 ), #913, .T. ) ;
#4562 = VECTOR ( 'NONE', #3732, 1000.000000000000000 ) ;
#4563 = CARTESIAN_POINT ( 'NONE',  ( -0.3249999999999993450, 0.4500000000000000111, -0.5500000000000001554 ) ) ;
#4564 = DIRECTION ( 'NONE',  ( 1.000000000000000000, 0.000000000000000000, 7.047314121155780399E-15 ) ) ;
#4565 = ORIENTED_EDGE ( 'NONE', *, *, #1860, .T. ) ;
#4566 = EDGE_CURVE ( 'NONE', #3722, #3049, #3563, .T. ) ;
#4567 = PLANE ( 'NONE',  #1092 ) ;
#4568 = CARTESIAN_POINT ( 'NONE',  ( -0.1500000000000029921, 0.1019999999999929990, 0.5999999999999998668 ) ) ;
#4569 = DIRECTION ( 'NONE',  ( 7.047314121155780399E-15, 0.000000000000000000, -1.000000000000000000 ) ) ;
#4570 = DIRECTION ( 'NONE',  ( 0.000000000000000000, 1.000000000000000000, 0.000000000000000000 ) ) ;
#4571 = ORIENTED_EDGE ( 'NONE', *, *, #3659, .F. ) ;
#4572 = ORIENTED_EDGE ( 'NONE', *, *, #1080, .T. ) ;
#4573 = EDGE_LOOP ( 'NONE', ( #249, #788, #3219, #3252 ) ) ;
#4574 = EDGE_CURVE ( 'NONE', #4345, #2587, #1696, .T. ) ;
#4575 = LINE ( 'NONE', #3814, #1486 ) ;
#4576 = CARTESIAN_POINT ( 'NONE',  ( -0.1999999999999992339, 0.1519999999999999962, -0.3999999999999993006 ) ) ;
#4577 = LINE ( 'NONE', #2731, #3599 ) ;
#4578 = DIRECTION ( 'NONE',  ( 0.000000000000000000, 1.355252715606882022E-16, -1.000000000000000000 ) ) ;
#4579 = ORIENTED_EDGE ( 'NONE', *, *, #1304, .T. ) ;
#4580 = ORIENTED_EDGE ( 'NONE', *, *, #2448, .T. ) ;
#4581 = ADVANCED_FACE ( 'NONE', ( #4347 ), #2522, .T. ) ;
#4582 = EDGE_CURVE ( 'NONE', #478, #1551, #4049, .T. ) ;
#4583 = DIRECTION ( 'NONE',  ( 0.000000000000000000, 0.000000000000000000, 1.000000000000000000 ) ) ;
#4584 = EDGE_LOOP ( 'NONE', ( #2461, #2529, #1007, #4066, #4046, #3692, #3813, #376 ) ) ;
#4585 = CARTESIAN_POINT ( 'NONE',  ( 0.2000000000000000944, 0.1019999999999929990, 0.09999999999999939493 ) ) ;
#4586 = EDGE_CURVE ( 'NONE', #3403, #575, #273, .T. ) ;
#4587 = VECTOR ( 'NONE', #234, 1000.000000000000000 ) ;
#4588 = FACE_OUTER_BOUND ( 'NONE', #3132, .T. ) ;
#4589 = CARTESIAN_POINT ( 'NONE',  ( 0.4000000000000006328, 0.1519999999999930018, -9.275000000000000355 ) ) ;
#4590 = ORIENTED_EDGE ( 'NONE', *, *, #2563, .T. ) ;
#4591 = LINE ( 'NONE', #3066, #1340 ) ;
#4592 = LINE ( 'NONE', #3019, #2490 ) ;
#4593 = PLANE ( 'NONE',  #3542 ) ;
#4594 = VERTEX_POINT ( 'NONE', #2092 ) ;
#4595 = EDGE_LOOP ( 'NONE', ( #34, #3047, #2857, #1951 ) ) ;
#4596 = VECTOR ( 'NONE', #3163, 1000.000000000000000 ) ;
#4597 = EDGE_CURVE ( 'NONE', #3071, #3191, #2471, .T. ) ;
#4598 = CARTESIAN_POINT ( 'NONE',  ( -0.4999999999999991673, -1.659391495380860171, 0.5999999999999998668 ) ) ;
#4599 = DIRECTION ( 'NONE',  ( 0.000000000000000000, -1.000000000000000000, 0.000000000000000000 ) ) ;
#4600 = LINE ( 'NONE', #1199, #991 ) ;
#4601 = FACE_OUTER_BOUND ( 'NONE', #4442, .T. ) ;
#4602 = ORIENTED_EDGE ( 'NONE', *, *, #2029, .T. ) ;
#4603 = VERTEX_POINT ( 'NONE', #3614 ) ;
#4604 = VECTOR ( 'NONE', #3663, 1000.000000000000000 ) ;
#4605 = VECTOR ( 'NONE', #2996, 1000.000000000000000 ) ;
#4606 = LINE ( 'NONE', #2789, #2100 ) ;
#4607 = ORIENTED_EDGE ( 'NONE', *, *, #3917, .T. ) ;
#4608 = EDGE_CURVE ( 'NONE', #3722, #2388, #1761, .T. ) ;
#4609 = VECTOR ( 'NONE', #3013, 1000.000000000000000 ) ;
#4610 = CARTESIAN_POINT ( 'NONE',  ( 0.4000000000000006328, 0.1519999999999930018, 0.7249999999999999778 ) ) ;
#4611 = AXIS2_PLACEMENT_3D ( 'NONE', #4432, #1851, #4807 ) ;
#4612 = CARTESIAN_POINT ( 'NONE',  ( 0.4500000000000002887, 0.000000000000000000, 0.3999999999999993006 ) ) ;
#4613 = DIRECTION ( 'NONE',  ( 1.084202172485504040E-15, -1.000000000000000000, 0.000000000000000000 ) ) ;
#4614 = EDGE_CURVE ( 'NONE', #1079, #3904, #2851, .T. ) ;
#4615 = CARTESIAN_POINT ( 'NONE',  ( 0.4000000000000006328, 0.1019999999999929990, -9.275000000000000355 ) ) ;
#4616 = MANIFOLD_SOLID_BREP ( 'NONE', #911 ) ;
#4617 = CARTESIAN_POINT ( 'NONE',  ( 0.4000000000000006328, 0.1019999999999963991, 0.1000000000000028644 ) ) ;
#4618 = ORIENTED_EDGE ( 'NONE', *, *, #2674, .F. ) ;
#4619 = LINE ( 'NONE', #3808, #1966 ) ;
#4620 = LINE ( 'NONE', #1244, #541 ) ;
#4621 = ORIENTED_EDGE ( 'NONE', *, *, #4114, .F. ) ;
#4622 = ORIENTED_EDGE ( 'NONE', *, *, #3758, .T. ) ;
#4623 = ORIENTED_EDGE ( 'NONE', *, *, #1014, .F. ) ;
#4624 = LINE ( 'NONE', #2031, #454 ) ;
#4625 = CARTESIAN_POINT ( 'NONE',  ( 0.5000000000000000000, 0.1019999999999924023, -0.3999999999999993006 ) ) ;
#4626 = ORIENTED_EDGE ( 'NONE', *, *, #3405, .T. ) ;
#4627 = DIRECTION ( 'NONE',  ( 0.000000000000000000, -1.000000000000000000, 0.000000000000000000 ) ) ;
#4628 = ADVANCED_FACE ( 'NONE', ( #2181 ), #3245, .F. ) ;
#4629 = CARTESIAN_POINT ( 'NONE',  ( 0.4000000000000006328, 0.1519999999999930018, -0.7249999999999999778 ) ) ;
#4630 = EDGE_LOOP ( 'NONE', ( #2432, #2069, #717, #1119 ) ) ;
#4631 = ORIENTED_EDGE ( 'NONE', *, *, #848, .T. ) ;
#4632 = DIRECTION ( 'NONE',  ( 1.000000000000000000, 0.000000000000000000, 0.000000000000000000 ) ) ;
#4633 = EDGE_CURVE ( 'NONE', #2567, #561, #2450, .T. ) ;
#4634 = PLANE ( 'NONE',  #4069 ) ;
#4635 = VERTEX_POINT ( 'NONE', #987 ) ;
#4636 = PLANE ( 'NONE',  #2955 ) ;
#4637 = DIRECTION ( 'NONE',  ( 0.000000000000000000, 1.000000000000000000, 0.000000000000000000 ) ) ;
#4638 = VECTOR ( 'NONE', #3167, 1000.000000000000000 ) ;
#4639 = ORIENTED_EDGE ( 'NONE', *, *, #1362, .T. ) ;
#4640 = PLANE ( 'NONE',  #1310 ) ;
#4641 = DIRECTION ( 'NONE',  ( 0.000000000000000000, 0.000000000000000000, 1.000000000000000000 ) ) ;
#4642 = VECTOR ( 'NONE', #3581, 1000.000000000000000 ) ;
#4643 = DIRECTION ( 'NONE',  ( 0.000000000000000000, -1.000000000000000000, 0.000000000000000000 ) ) ;
#4644 = MANIFOLD_SOLID_BREP ( 'NONE', #4140 ) ;
#4645 = LINE ( 'NONE', #161, #2316 ) ;
#4646 = VERTEX_POINT ( 'NONE', #386 ) ;
#4647 = CARTESIAN_POINT ( 'NONE',  ( 0.2000000000000000944, -1.659391495380860171, -0.09999999999999592548 ) ) ;
#4648 = CARTESIAN_POINT ( 'NONE',  ( 0.1500000000000003830, 0.000000000000000000, -0.3999999999999993006 ) ) ;
#4649 = LINE ( 'NONE', #838, #935 ) ;
#4650 = ORIENTED_EDGE ( 'NONE', *, *, #2155, .F. ) ;
#4651 = ORIENTED_EDGE ( 'NONE', *, *, #3396, .F. ) ;
#4652 = VERTEX_POINT ( 'NONE', #2201 ) ;
#4653 = EDGE_CURVE ( 'NONE', #1992, #2960, #296, .T. ) ;
#4654 = DIRECTION ( 'NONE',  ( 0.000000000000000000, 1.000000000000000000, 0.000000000000000000 ) ) ;
#4655 = CARTESIAN_POINT ( 'NONE',  ( 0.2000000000000000944, -1.659391495380860171, 0.7249999999999999778 ) ) ;
#4656 = CARTESIAN_POINT ( 'NONE',  ( -0.1999999999999992339, 0.1019999999999924023, -0.5999999999999998668 ) ) ;
#4657 = DIRECTION ( 'NONE',  ( 0.000000000000000000, -1.000000000000000000, -1.355252715606882022E-16 ) ) ;
#4658 = ORIENTED_EDGE ( 'NONE', *, *, #95, .T. ) ;
#4659 = EDGE_LOOP ( 'NONE', ( #922, #3945, #4196, #846 ) ) ;
#4660 = VECTOR ( 'NONE', #1391, 1000.000000000000000 ) ;
#4661 = CARTESIAN_POINT ( 'NONE',  ( 0.5000000000000000000, 0.1519999999999999962, -0.3999999999999993006 ) ) ;
#4662 = ORIENTED_EDGE ( 'NONE', *, *, #1504, .T. ) ;
#4663 = DIRECTION ( 'NONE',  ( 1.000000000000000000, 0.000000000000000000, 0.000000000000000000 ) ) ;
#4664 = ORIENTED_EDGE ( 'NONE', *, *, #1342, .T. ) ;
#4665 = EDGE_CURVE ( 'NONE', #2233, #1118, #1053, .T. ) ;
#4666 = DIRECTION ( 'NONE',  ( 1.000000000000000000, 1.355252715606880049E-16, 0.000000000000000000 ) ) ;
#4667 = LINE ( 'NONE', #102, #986 ) ;
#4668 = CARTESIAN_POINT ( 'NONE',  ( 0.1500000000000003830, 0.1519999999999999962, -0.3999999999999993006 ) ) ;
#4669 = CYLINDRICAL_SURFACE ( 'NONE', #3427, 0.09999999999999999167 ) ;
#4670 = ORIENTED_EDGE ( 'NONE', *, *, #3866, .T. ) ;
#4671 = CARTESIAN_POINT ( 'NONE',  ( -0.1999999999999957645, 0.000000000000000000, -0.5999999999999998668 ) ) ;
#4672 = CARTESIAN_POINT ( 'NONE',  ( -0.4499999999999994560, 0.000000000000000000, -0.3999999999999993006 ) ) ;
#4673 = VERTEX_POINT ( 'NONE', #3753 ) ;
#4674 = DIRECTION ( 'NONE',  ( 0.000000000000000000, 0.000000000000000000, 1.000000000000000000 ) ) ;
#4675 = ORIENTED_EDGE ( 'NONE', *, *, #3606, .T. ) ;
#4676 = ORIENTED_EDGE ( 'NONE', *, *, #4677, .T. ) ;
#4677 = EDGE_CURVE ( 'NONE', #4067, #1214, #3433, .T. ) ;
#4678 = ADVANCED_FACE ( 'NONE', ( #755 ), #1882, .F. ) ;
#4679 = DIRECTION ( 'NONE',  ( -1.000000000000000000, -1.084202172485504040E-15, 0.000000000000000000 ) ) ;
#4680 = CARTESIAN_POINT ( 'NONE',  ( -0.4999999999999991673, 0.1019999999999921941, 0.3999999999999993006 ) ) ;
#4681 = CARTESIAN_POINT ( 'NONE',  ( 0.1499999999999951927, 0.1519999999999999962, 0.5999999999999998668 ) ) ;
#4682 = DIRECTION ( 'NONE',  ( 1.355252715606880049E-16, -1.000000000000000000, 0.000000000000000000 ) ) ;
#4683 = ORIENTED_EDGE ( 'NONE', *, *, #1051, .T. ) ;
#4684 = ORIENTED_EDGE ( 'NONE', *, *, #4189, .T. ) ;
#4685 = LINE ( 'NONE', #827, #2877 ) ;
#4686 = CARTESIAN_POINT ( 'NONE',  ( 0.4499999999999951261, 0.1519999999999999962, 0.5999999999999998668 ) ) ;
#4687 = ORIENTED_EDGE ( 'NONE', *, *, #4239, .T. ) ;
#4688 = VECTOR ( 'NONE', #2864, 1000.000000000000000 ) ;
#4689 = EDGE_CURVE ( 'NONE', #2726, #4423, #2660, .T. ) ;
#4690 = VECTOR ( 'NONE', #179, 1000.000000000000000 ) ;
#4691 = FILL_AREA_STYLE ('',( #1811 ) ) ;
#4692 = CARTESIAN_POINT ( 'NONE',  ( 0.5000000000000000000, 0.1019999999999999934, -0.5999999999999998668 ) ) ;
#4693 = EDGE_CURVE ( 'NONE', #1194, #360, #2224, .T. ) ;
#4694 = CARTESIAN_POINT ( 'NONE',  ( -0.3999999999999997446, 0.1019999999999929990, -0.3999999999999993006 ) ) ;
#4695 = VECTOR ( 'NONE', #3695, 1000.000000000000000 ) ;
#4696 = CARTESIAN_POINT ( 'NONE',  ( -0.1999999999999992339, 0.1519999999999930018, -9.275000000000000355 ) ) ;
#4697 = VECTOR ( 'NONE', #3406, 1000.000000000000000 ) ;
#4698 = DIRECTION ( 'NONE',  ( 0.000000000000000000, -1.000000000000000000, 0.000000000000000000 ) ) ;
#4699 = SURFACE_STYLE_USAGE ( .BOTH. , #599 ) ;
#4700 = VERTEX_POINT ( 'NONE', #19 ) ;
#4701 = ORIENTED_EDGE ( 'NONE', *, *, #3521, .F. ) ;
#4702 = AXIS2_PLACEMENT_3D ( 'NONE', #4235, #2307, #3843 ) ;
#4703 = DIRECTION ( 'NONE',  ( 1.084202172485504040E-15, -1.000000000000000000, 0.000000000000000000 ) ) ;
#4704 = FACE_OUTER_BOUND ( 'NONE', #1240, .T. ) ;
#4705 = DIRECTION ( 'NONE',  ( 0.000000000000000000, -1.000000000000000000, 0.000000000000000000 ) ) ;
#4706 = CARTESIAN_POINT ( 'NONE',  ( 0.2000000000000000944, 0.1019999999999924023, 0.5999999999999998668 ) ) ;
#4707 = VERTEX_POINT ( 'NONE', #2266 ) ;
#4708 = VERTEX_POINT ( 'NONE', #4503 ) ;
#4709 = ADVANCED_FACE ( 'NONE', ( #1081, #2984, #1858 ), #1128, .T. ) ;
#4710 = CARTESIAN_POINT ( 'NONE',  ( -0.4499999999999994560, 0.04000000000000000083, 0.5999999999999998668 ) ) ;
#4711 = CARTESIAN_POINT ( 'NONE',  ( -0.1499999999999995226, 0.1019999999999929990, 0.1000000000000028644 ) ) ;
#4712 = APPLICATION_PROTOCOL_DEFINITION ( 'draft international standard', 'automotive_design', 1998, #4120 ) ;
#4713 = ORIENTED_EDGE ( 'NONE', *, *, #1133, .F. ) ;
#4714 = ORIENTED_EDGE ( 'NONE', *, *, #1419, .T. ) ;
#4715 = CARTESIAN_POINT ( 'NONE',  ( 0.4500000000000002887, 0.1019999999999929990, 0.3999999999999993006 ) ) ;
#4716 = LINE ( 'NONE', #1295, #194 ) ;
#4717 = AXIS2_PLACEMENT_3D ( 'NONE', #22, #412, #4145 ) ;
#4718 = EDGE_CURVE ( 'NONE', #576, #597, #4074, .T. ) ;
#4719 = VERTEX_POINT ( 'NONE', #4142 ) ;
#4720 = VECTOR ( 'NONE', #648, 1000.000000000000000 ) ;
#4721 = DIRECTION ( 'NONE',  ( 0.000000000000000000, -1.000000000000000000, 0.000000000000000000 ) ) ;
#4722 = LINE ( 'NONE', #3621, #1841 ) ;
#4723 = ORIENTED_EDGE ( 'NONE', *, *, #4653, .F. ) ;
#4724 = EDGE_CURVE ( 'NONE', #647, #3722, #776, .T. ) ;
#4725 = VERTEX_POINT ( 'NONE', #3008 ) ;
#4726 = DIRECTION ( 'NONE',  ( 0.000000000000000000, -1.000000000000000000, 0.000000000000000000 ) ) ;
#4727 = CARTESIAN_POINT ( 'NONE',  ( 0.1500000000000003830, 0.1019999999999963991, 0.1000000000000028644 ) ) ;
#4728 = CARTESIAN_POINT ( 'NONE',  ( -4.336808689942017736E-16, 0.04000000000000000083, -0.3999999999999993006 ) ) ;
#4729 = DIRECTION ( 'NONE',  ( 0.000000000000000000, 0.000000000000000000, 1.000000000000000000 ) ) ;
#4730 = ORIENTED_EDGE ( 'NONE', *, *, #1610, .T. ) ;
#4731 = VERTEX_POINT ( 'NONE', #4484 ) ;
#4732 = ADVANCED_FACE ( 'NONE', ( #3330 ), #2290, .T. ) ;
#4733 = DIRECTION ( 'NONE',  ( -1.000000000000000000, 0.000000000000000000, -6.866613759074860889E-15 ) ) ;
#4734 = CARTESIAN_POINT ( 'NONE',  ( -0.4999999999999991673, 0.1519999999999999962, -0.5999999999999998668 ) ) ;
#4735 = ORIENTED_EDGE ( 'NONE', *, *, #4737, .F. ) ;
#4736 = EDGE_CURVE ( 'NONE', #2506, #812, #318, .T. ) ;
#4737 = EDGE_CURVE ( 'NONE', #588, #583, #3727, .T. ) ;
#4738 = ORIENTED_EDGE ( 'NONE', *, *, #1083, .T. ) ;
#4739 = DIRECTION ( 'NONE',  ( 0.000000000000000000, 0.000000000000000000, -1.000000000000000000 ) ) ;
#4740 = LINE ( 'NONE', #621, #2768 ) ;
#4742 = EDGE_CURVE ( 'NONE', #3597, #1711, #1455, .T. ) ;
#4741 = DIRECTION ( 'NONE',  ( -1.000000000000000000, 0.000000000000000000, 0.000000000000000000 ) ) ;
#4743 = FACE_OUTER_BOUND ( 'NONE', #3095, .T. ) ;
#4744 = VERTEX_POINT ( 'NONE', #2588 ) ;
#4745 = ORIENTED_EDGE ( 'NONE', *, *, #4260, .F. ) ;
#4746 = DIRECTION ( 'NONE',  ( 0.000000000000000000, 1.000000000000000000, 0.000000000000000000 ) ) ;
#4747 = DIRECTION ( 'NONE',  ( 0.000000000000000000, 0.000000000000000000, 1.000000000000000000 ) ) ;
#4748 = DIRECTION ( 'NONE',  ( 0.000000000000000000, -1.000000000000000000, 0.000000000000000000 ) ) ;
#4749 = LINE ( 'NONE', #3652, #3901 ) ;
#4750 = VERTEX_POINT ( 'NONE', #705 ) ;
#4751 = ORIENTED_EDGE ( 'NONE', *, *, #1107, .F. ) ;
#4752 = ADVANCED_FACE ( 'NONE', ( #4115 ), #725, .F. ) ;
#4753 = ADVANCED_FACE ( 'NONE', ( #3428 ), #4634, .F. ) ;
#4754 = CARTESIAN_POINT ( 'NONE',  ( -0.1499999999999995226, 0.1519999999999999962, -0.09999999999999939493 ) ) ;
#4755 = CARTESIAN_POINT ( 'NONE',  ( 0.1500000000000003830, 0.1519999999999999962, 0.1000000000000011297 ) ) ;
#4756 =( NAMED_UNIT ( * ) SI_UNIT ( $, .STERADIAN. ) SOLID_ANGLE_UNIT ( ) );
#4757 = ORIENTED_EDGE ( 'NONE', *, *, #4355, .T. ) ;
#4758 = EDGE_CURVE ( 'NONE', #4527, #2832, #828, .T. ) ;
#4759 = VECTOR ( 'NONE', #3580, 1000.000000000000000 ) ;
#4760 = DIRECTION ( 'NONE',  ( 1.000000000000000000, 0.000000000000000000, 0.000000000000000000 ) ) ;
#4761 = ORIENTED_EDGE ( 'NONE', *, *, #2909, .F. ) ;
#4762 = CARTESIAN_POINT ( 'NONE',  ( -0.4499999999999994560, 0.1519999999999999962, -0.3999999999999993006 ) ) ;
#4763 = DIRECTION ( 'NONE',  ( -1.000000000000000000, -1.355252715606880049E-16, 0.000000000000000000 ) ) ;
#4764 = EDGE_CURVE ( 'NONE', #4594, #3821, #3930, .T. ) ;
#4765 = VECTOR ( 'NONE', #2965, 1000.000000000000000 ) ;
#4766 = EDGE_CURVE ( 'NONE', #610, #401, #3056, .T. ) ;
#4767 = VECTOR ( 'NONE', #580, 1000.000000000000000 ) ;
#4768 = CARTESIAN_POINT ( 'NONE',  ( -0.4999999999999991673, 0.1019999999999999934, -0.5999999999999998668 ) ) ;
#4769 = CARTESIAN_POINT ( 'NONE',  ( -0.4999999999999991673, 0.1519999999999999962, 0.5999999999999998668 ) ) ;
#4770 = ORIENTED_EDGE ( 'NONE', *, *, #3554, .T. ) ;
#4771 = ORIENTED_EDGE ( 'NONE', *, *, #2615, .F. ) ;
#4772 = VECTOR ( 'NONE', #3685, 1000.000000000000000 ) ;
#4773 = ORIENTED_EDGE ( 'NONE', *, *, #4582, .T. ) ;
#4774 = VECTOR ( 'NONE', #2679, 1000.000000000000000 ) ;
#4775 = CARTESIAN_POINT ( 'NONE',  ( -4.336808689942017736E-16, 0.04000000000000000083, 0.09999999999999939493 ) ) ;
#4776 = CARTESIAN_POINT ( 'NONE',  ( 0.5000000000000000000, -1.659391495380860171, -0.09999999999999592548 ) ) ;
#4777 = DIRECTION ( 'NONE',  ( 0.000000000000000000, -1.000000000000000000, 0.000000000000000000 ) ) ;
#4778 = FACE_OUTER_BOUND ( 'NONE', #3048, .T. ) ;
#4779 = VERTEX_POINT ( 'NONE', #1287 ) ;
#4780 = VERTEX_POINT ( 'NONE', #1930 ) ;
#4781 = AXIS2_PLACEMENT_3D ( 'NONE', #4776, #4799, #649 ) ;
#4782 = EDGE_CURVE ( 'NONE', #3345, #258, #1983, .T. ) ;
#4783 = DIRECTION ( 'NONE',  ( 1.000000000000000000, 0.000000000000000000, 7.002139030635550521E-15 ) ) ;
#4784 = LINE ( 'NONE', #1808, #4847 ) ;
#4785 = ORIENTED_EDGE ( 'NONE', *, *, #2781, .T. ) ;
#4786 = CARTESIAN_POINT ( 'NONE',  ( -0.1999999999999992339, 0.1019999999999929990, -0.5999999999999998668 ) ) ;
#4787 = VERTEX_POINT ( 'NONE', #1582 ) ;
#4788 = DIRECTION ( 'NONE',  ( 0.000000000000000000, 1.000000000000000000, 0.000000000000000000 ) ) ;
#4789 = LINE ( 'NONE', #2569, #3111 ) ;
#4790 = VERTEX_POINT ( 'NONE', #125 ) ;
#4791 = CARTESIAN_POINT ( 'NONE',  ( 0.1499999999999969136, 0.04000000000000000083, 0.3999999999999993006 ) ) ;
#4792 =( LENGTH_UNIT ( ) NAMED_UNIT ( * ) SI_UNIT ( .MILLI., .METRE. ) );
#4793 = ORIENTED_EDGE ( 'NONE', *, *, #1785, .F. ) ;
#4794 = EDGE_LOOP ( 'NONE', ( #1420, #1856, #4517, #2188 ) ) ;
#4795 = VECTOR ( 'NONE', #1568, 1000.000000000000000 ) ;
#4796 = VECTOR ( 'NONE', #1547, 1000.000000000000000 ) ;
#4797 = VECTOR ( 'NONE', #1383, 1000.000000000000000 ) ;
#4798 = CARTESIAN_POINT ( 'NONE',  ( -0.3249999999999993450, 0.5000000000000000000, -0.5500000000000001554 ) ) ;
#4799 = DIRECTION ( 'NONE',  ( -1.000000000000000000, 0.000000000000000000, 0.000000000000000000 ) ) ;
#4800 = CARTESIAN_POINT ( 'NONE',  ( 0.1499999999999969136, 0.1519999999999999962, 0.3999999999999993006 ) ) ;
#4801 = DIRECTION ( 'NONE',  ( -1.000000000000000000, 0.000000000000000000, -6.866613759074860889E-15 ) ) ;
#4802 = ORIENTED_EDGE ( 'NONE', *, *, #3249, .F. ) ;
#4803 = EDGE_LOOP ( 'NONE', ( #1190, #1104, #3145, #301 ) ) ;
#4804 = EDGE_CURVE ( 'NONE', #2567, #4790, #2366, .T. ) ;
#4805 = AXIS2_PLACEMENT_3D ( 'NONE', #2593, #2612, #4122 ) ;
#4806 = DIRECTION ( 'NONE',  ( -1.000000000000000000, -1.355252715606880049E-16, 0.000000000000000000 ) ) ;
#4807 = DIRECTION ( 'NONE',  ( 0.000000000000000000, -1.000000000000000000, 0.000000000000000000 ) ) ;
#4808 = EDGE_LOOP ( 'NONE', ( #3682, #2945, #3160, #1215 ) ) ;
#4809 = CARTESIAN_POINT ( 'NONE',  ( 0.4000000000000006328, 0.1519999999999999962, -0.09999999999999766020 ) ) ;
#4810 = VERTEX_POINT ( 'NONE', #3903 ) ;
#4811 = DIRECTION ( 'NONE',  ( 1.000000000000000000, 0.000000000000000000, 7.047314121155780399E-15 ) ) ;
#4812 = PLANE ( 'NONE',  #1619 ) ;
#4813 = PLANE ( 'NONE',  #2911 ) ;
#4814 = EDGE_CURVE ( 'NONE', #2924, #3139, #49, .T. ) ;
#4815 = LINE ( 'NONE', #665, #1941 ) ;
#4816 = CARTESIAN_POINT ( 'NONE',  ( 0.4500000000000002887, 0.1019999999999963991, -0.09999999999999592548 ) ) ;
#4817 = EDGE_LOOP ( 'NONE', ( #12, #1805, #3469, #4444 ) ) ;
#4818 = ORIENTED_EDGE ( 'NONE', *, *, #3054, .F. ) ;
#4819 = DIRECTION ( 'NONE',  ( 1.000000000000000000, 1.355252715606880049E-16, 0.000000000000000000 ) ) ;
#4820 = DIRECTION ( 'NONE',  ( -1.000000000000000000, 0.000000000000000000, 0.000000000000000000 ) ) ;
#4821 = CARTESIAN_POINT ( 'NONE',  ( -0.1500000000000047407, 0.1519999999999999962, 0.5999999999999998668 ) ) ;
#4822 = EDGE_CURVE ( 'NONE', #214, #1471, #3165, .T. ) ;
#4823 = DIRECTION ( 'NONE',  ( 1.000000000000000000, 1.355252715606880049E-16, 0.000000000000000000 ) ) ;
#4824 = ORIENTED_EDGE ( 'NONE', *, *, #3900, .T. ) ;
#4825 = ORIENTED_EDGE ( 'NONE', *, *, #802, .F. ) ;
#4826 = DIRECTION ( 'NONE',  ( 0.000000000000000000, -1.000000000000000000, 0.000000000000000000 ) ) ;
#4827 = DIRECTION ( 'NONE',  ( 0.000000000000000000, 1.355252715606882022E-16, -1.000000000000000000 ) ) ;
#4828 = ADVANCED_FACE ( 'NONE', ( #1607 ), #458, .F. ) ;
#4829 = ORIENTED_EDGE ( 'NONE', *, *, #1046, .T. ) ;
#4830 = DIRECTION ( 'NONE',  ( 0.000000000000000000, 1.000000000000000000, 0.000000000000000000 ) ) ;
#4831 = FACE_OUTER_BOUND ( 'NONE', #445, .T. ) ;
#4832 = EDGE_CURVE ( 'NONE', #3123, #4501, #3499, .T. ) ;
#4833 = DIRECTION ( 'NONE',  ( 0.000000000000000000, -1.000000000000000000, 0.000000000000000000 ) ) ;
#4834 = VECTOR ( 'NONE', #2078, 1000.000000000000000 ) ;
#4835 = EDGE_CURVE ( 'NONE', #4067, #147, #96, .T. ) ;
#4836 = CARTESIAN_POINT ( 'NONE',  ( 0.4000000000000006328, -1.659391495380860171, 0.7249999999999999778 ) ) ;
#4837 = VECTOR ( 'NONE', #1861, 1000.000000000000000 ) ;
#4838 = EDGE_LOOP ( 'NONE', ( #4824, #657, #2331, #877 ) ) ;
#4839 = VECTOR ( 'NONE', #1069, 1000.000000000000000 ) ;
#4840 = LINE ( 'NONE', #1800, #3235 ) ;
#4841 = DIRECTION ( 'NONE',  ( -7.589415207398540504E-15, 0.000000000000000000, 1.000000000000000000 ) ) ;
#4842 = DIRECTION ( 'NONE',  ( -1.000000000000000000, 0.000000000000000000, 4.336808689942135079E-16 ) ) ;
#4843 = AXIS2_PLACEMENT_3D ( 'NONE', #3287, #1722, #3638 ) ;
#4844 = DIRECTION ( 'NONE',  ( 1.000000000000000000, 0.000000000000000000, 0.000000000000000000 ) ) ;
#4845 = EDGE_LOOP ( 'NONE', ( #2282, #829, #3179, #3953 ) ) ;
#4846 = ORIENTED_EDGE ( 'NONE', *, *, #417, .F. ) ;
#4847 = VECTOR ( 'NONE', #4849, 1000.000000000000000 ) ;
#4848 = FACE_OUTER_BOUND ( 'NONE', #1494, .T. ) ;
#4849 = DIRECTION ( 'NONE',  ( 0.000000000000000000, -1.000000000000000000, 0.000000000000000000 ) ) ;
#4850 = PLANE ( 'NONE',  #4167 ) ;
#4851 = ORIENTED_EDGE ( 'NONE', *, *, #4099, .T. ) ;
#4852 = CARTESIAN_POINT ( 'NONE',  ( -0.4999999999999991673, -1.659391495380860171, -0.09999999999999592548 ) ) ;
#4853 = VERTEX_POINT ( 'NONE', #1556 ) ;
#4854 = LINE ( 'NONE', #338, #4837 ) ;
#4855 = CARTESIAN_POINT ( 'NONE',  ( -0.4999999999999991673, 0.1519999999999999962, -0.5999999999999998668 ) ) ;
#4856 = FACE_BOUND ( 'NONE', #50, .T. ) ;
#4857 = DIRECTION ( 'NONE',  ( 0.000000000000000000, -1.000000000000000000, 0.000000000000000000 ) ) ;
#4858 = ORIENTED_EDGE ( 'NONE', *, *, #4018, .F. ) ;
#4859 = LINE ( 'NONE', #4491, #2989 ) ;
#4860 = CARTESIAN_POINT ( 'NONE',  ( -0.3999999999999997446, -1.659391495380860171, -0.5999999999999998668 ) ) ;
#4861 = CARTESIAN_POINT ( 'NONE',  ( 0.1500000000000003830, 0.1019999999999963991, -0.09999999999999939493 ) ) ;
#4862 = FACE_OUTER_BOUND ( 'NONE', #173, .T. ) ;
#4863 = ORIENTED_EDGE ( 'NONE', *, *, #2070, .F. ) ;
#4864 = ORIENTED_EDGE ( 'NONE', *, *, #3243, .F. ) ;
#4865 = ORIENTED_EDGE ( 'NONE', *, *, #868, .F. ) ;
#4866 = AXIS2_PLACEMENT_3D ( 'NONE', #3770, #3842, #1901 ) ;
#4867 = VECTOR ( 'NONE', #406, 1000.000000000000000 ) ;
#4868 = CARTESIAN_POINT ( 'NONE',  ( -0.1999999999999992339, 0.1019999999999929990, -9.275000000000000355 ) ) ;
#4869 = DIRECTION ( 'NONE',  ( 1.000000000000000000, 1.355252715606880049E-16, 0.000000000000000000 ) ) ;
#4870 = VECTOR ( 'NONE', #2212, 1000.000000000000000 ) ;
#4871 = FACE_OUTER_BOUND ( 'NONE', #683, .T. ) ;
#4872 = CARTESIAN_POINT ( 'NONE',  ( -0.1999999999999992339, 0.1019999999999924023, -0.7249999999999999778 ) ) ;
#4873 = ORIENTED_EDGE ( 'NONE', *, *, #95, .F. ) ;
#4874 = ORIENTED_EDGE ( 'NONE', *, *, #1477, .F. ) ;
#4875 = DIRECTION ( 'NONE',  ( 1.000000000000000000, 0.000000000000000000, 7.074419175467920218E-14 ) ) ;
#4876 = ORIENTED_EDGE ( 'NONE', *, *, #3715, .F. ) ;
#4877 = EDGE_CURVE ( 'NONE', #258, #3557, #4270, .T. ) ;
#4878 = DIRECTION ( 'NONE',  ( 1.000000000000000000, 1.355252715606880049E-16, 0.000000000000000000 ) ) ;
#4879 = DIRECTION ( 'NONE',  ( 7.589415207398540504E-15, 0.000000000000000000, 1.000000000000000000 ) ) ;
#4880 = EDGE_CURVE ( 'NONE', #2579, #3807, #2791, .T. ) ;
ENDSEC;
END-ISO-10303-21;
